UBIGEO,DISTRITO,AREA_HA,FUENTE
200101,PIURA,9069.581826761658,Interpretación de imágenes Planet y Google Earth. DGESEP - MIDAGRI (2024)
200104,CASTILLA,14318.670871168899,Interpretación de imágenes Planet y Google Earth. DGESEP - MIDAGRI (2024)
200105,CATACAOS,11242.407313147127,Interpretación de imágenes Planet y Google Earth. DGESEP - MIDAGRI (2024)
200107,CURA MORI,6088.7068606422545,Interpretación de imágenes Planet y Google Earth. DGESEP - MIDAGRI (2024)
200108,EL TALLAN,4189.449491206324,Interpretación de imágenes Planet y Google Earth. DGESEP - MIDAGRI (2024)
200109,LA ARENA,7249.6862821467475,Interpretación de imágenes Planet y Google Earth. DGESEP - MIDAGRI (2024)
200110,LA UNION,4597.815219806408,Interpretación de imágenes Planet y Google Earth. DGESEP - MIDAGRI (2024)
200111,LAS LOMAS,13279.723298316321,Interpretación de imágenes Planet y Google Earth. DGESEP - MIDAGRI (2024)
200114,TAMBO GRANDE,65481.94014926772,Interpretación de imágenes Planet y Google Earth. DGESEP - MIDAGRI (2024)
200115,VEINTISEIS DE OCTUBRE,427.3731721496096,Interpretación de imágenes Planet y Google Earth. DGESEP - MIDAGRI (2024)
200201,AYABACA,82408.95968305676,Interpretación de imágenes Planet y Google Earth. DGESEP - MIDAGRI (2024)
200202,FRIAS,31460.50842528882,Interpretación de imágenes Planet y Google Earth. DGESEP - MIDAGRI (2024)
200203,JILILI,6884.900845030339,Interpretación de imágenes Planet y Google Earth. DGESEP - MIDAGRI (2024)
200204,LAGUNAS,4939.5438334589135,Interpretación de imágenes Planet y Google Earth. DGESEP - MIDAGRI (2024)
200205,MONTERO,9690.246363465389,Interpretación de imágenes Planet y Google Earth. DGESEP - MIDAGRI (2024)
200206,PACAIPAMPA,46911.673753385636,Interpretación de imágenes Planet y Google Earth. DGESEP - MIDAGRI (2024)
200207,PAIMAS,6364.338774018681,Interpretación de imágenes Planet y Google Earth. DGESEP - MIDAGRI (2024)
200208,SAPILLICA,16072.460211567792,Interpretación de imágenes Planet y Google Earth. DGESEP - MIDAGRI (2024)
200209,SICCHEZ,2984.0350068210323,Interpretación de imágenes Planet y Google Earth. DGESEP - MIDAGRI (2024)
200210,SUYO,15895.44548318698,Interpretación de imágenes Planet y Google Earth. DGESEP - MIDAGRI (2024)
200301,HUANCABAMBA,33197.75741469136,Interpretación de imágenes Planet y Google Earth. DGESEP - MIDAGRI (2024)
200302,CANCHAQUE,13729.381228211809,Interpretación de imágenes Planet y Google Earth. DGESEP - MIDAGRI (2024)
200303,EL CARMEN DE LA FRONTERA,16632.188615297742,Interpretación de imágenes Planet y Google Earth. DGESEP - MIDAGRI (2024)
200304,HUARMACA,47735.80602861057,Interpretación de imágenes Planet y Google Earth. DGESEP - MIDAGRI (2024)
200305,LALAQUIZ,10444.04907957854,Interpretación de imágenes Planet y Google Earth. DGESEP - MIDAGRI (2024)
200306,SAN MIGUEL DE EL FAIQUE,8853.173695866411,Interpretación de imágenes Planet y Google Earth. DGESEP - MIDAGRI (2024)
200307,SONDOR,11436.854170318578,Interpretación de imágenes Planet y Google Earth. DGESEP - MIDAGRI (2024)
200308,SONDORILLO,11023.264454620228,Interpretación de imágenes Planet y Google Earth. DGESEP - MIDAGRI (2024)
200401,CHULUCANAS,24896.226483674018,Interpretación de imágenes Planet y Google Earth. DGESEP - MIDAGRI (2024)
200402,BUENOS AIRES,4676.371567759859,Interpretación de imágenes Planet y Google Earth. DGESEP - MIDAGRI (2024)
200403,CHALACO,12660.152790755268,Interpretación de imágenes Planet y Google Earth. DGESEP - MIDAGRI (2024)
200404,LA MATANZA,10384.324356600797,Interpretación de imágenes Planet y Google Earth. DGESEP - MIDAGRI (2024)
200405,MORROPON,4891.528919986613,Interpretación de imágenes Planet y Google Earth. DGESEP - MIDAGRI (2024)
200406,SALITRAL,3977.04111461619,Interpretación de imágenes Planet y Google Earth. DGESEP - MIDAGRI (2024)
200407,SAN JUAN DE BIGOTE,5083.874103909642,Interpretación de imágenes Planet y Google Earth. DGESEP - MIDAGRI (2024)
200408,SANTA CATALINA DE MOSSA,4287.173399957092,Interpretación de imágenes Planet y Google Earth. DGESEP - MIDAGRI (2024)
200409,SANTO DOMINGO,10281.371935055533,Interpretación de imágenes Planet y Google Earth. DGESEP - MIDAGRI (2024)
200410,YAMANGO,12748.107669420984,Interpretación de imágenes Planet y Google Earth. DGESEP - MIDAGRI (2024)
200501,PAITA,137.3621332413371,Interpretación de imágenes Planet y Google Earth. DGESEP - MIDAGRI (2024)
200502,AMOTAPE,823.969745756035,Interpretación de imágenes Planet y Google Earth. DGESEP - MIDAGRI (2024)
200503,ARENAL,71.81786312866718,Interpretación de imágenes Planet y Google Earth. DGESEP - MIDAGRI (2024)
200504,COLAN,4765.369261935676,Interpretación de imágenes Planet y Google Earth. DGESEP - MIDAGRI (2024)
200505,LA HUACA,13368.99337869302,Interpretación de imágenes Planet y Google Earth. DGESEP - MIDAGRI (2024)
200506,TAMARINDO,2351.7277388150887,Interpretación de imágenes Planet y Google Earth. DGESEP - MIDAGRI (2024)
200507,VICHAYAL,899.3859202643392,Interpretación de imágenes Planet y Google Earth. DGESEP - MIDAGRI (2024)
200601,SULLANA,27809.72705032906,Interpretación de imágenes Planet y Google Earth. DGESEP - MIDAGRI (2024)
200602,BELLAVISTA,2.0350135214579974,Interpretación de imágenes Planet y Google Earth. DGESEP - MIDAGRI (2024)
200603,IGNACIO ESCUDERO,8273.41372748169,Interpretación de imágenes Planet y Google Earth. DGESEP - MIDAGRI (2024)
200604,LANCONES,2918.52630150075,Interpretación de imágenes Planet y Google Earth. DGESEP - MIDAGRI (2024)
200605,MARCAVELICA,7442.236517657903,Interpretación de imágenes Planet y Google Earth. DGESEP - MIDAGRI (2024)
200606,MIGUEL CHECA,6720.582076466722,Interpretación de imágenes Planet y Google Earth. DGESEP - MIDAGRI (2024)
200607,QUERECOTILLO,4923.806538196731,Interpretación de imágenes Planet y Google Earth. DGESEP - MIDAGRI (2024)
200608,SALITRAL,1482.2340470499148,Interpretación de imágenes Planet y Google Earth. DGESEP - MIDAGRI (2024)
200701,PARIÑAS,110.96921969103161,Interpretación de imágenes Planet y Google Earth. DGESEP - MIDAGRI (2024)
200706,MANCORA,3.4300392171195306,Interpretación de imágenes Planet y Google Earth. DGESEP - MIDAGRI (2024)
200801,SECHURA,3150.7145395860057,Interpretación de imágenes Planet y Google Earth. DGESEP - MIDAGRI (2024)
200802,BELLAVISTA DE LA UNION,1298.4066453346709,Interpretación de imágenes Planet y Google Earth. DGESEP - MIDAGRI (2024)
200803,BERNAL,5554.164738939715,Interpretación de imágenes Planet y Google Earth. DGESEP - MIDAGRI (2024)
200804,CRISTO NOS VALGA,3521.5940279286906,Interpretación de imágenes Planet y Google Earth. DGESEP - MIDAGRI (2024)
200805,VICE,2374.743226009901,Interpretación de imágenes Planet y Google Earth. DGESEP - MIDAGRI (2024)
200806,RINCONADA LLICUAR,1877.9690076187503,Interpretación de imágenes Planet y Google Earth. DGESEP - MIDAGRI (2024)
