UBIGEO,COD_CULTIVO,CROP_STD,CULTIVO_SOURCE,ANO,PRODUCCION,HARVEST_AREA,SOWN_AREA,PRECIO,VERDE_ACTUAL,YIELD_RAW,YIELD_UNIT,AREA_HA,MONTHS_PRESENT
200107,13010170102,LIMON SUTIL,LIMON SUTIL,2016,649.0,42.0,0.0,1.0240369799691833,49.0,15.452380952380953,UNRESOLVED,6088.7068606422545,12
200107,13010170102,LIMON SUTIL,LIMON SUTIL,2017,476.0,34.0,0.0,1.6205042016806723,34.0,14.0,UNRESOLVED,6088.7068606422545,12
200107,13010170102,LIMON SUTIL,LIMON SUTIL,2018,403.0,34.0,0.0,1.118213399503722,34.0,11.852941176470589,UNRESOLVED,6088.7068606422545,12
200107,13010170102,LIMON SUTIL,LIMON SUTIL,2019,645.0,34.0,0.0,1.2448062015503876,34.0,18.970588235294116,UNRESOLVED,6088.7068606422545,12
200107,13010170102,LIMON SUTIL,LIMON SUTIL,2020,676.0,34.0,0.0,1.1751479289940827,34.0,19.88235294117647,UNRESOLVED,6088.7068606422545,12
200107,13010170102,LIMON SUTIL,LIMON SUTIL,2021,747.0,34.0,31.0,1.0801204819277108,65.0,21.970588235294116,UNRESOLVED,6088.7068606422545,12
200107,13010170102,LIMON SUTIL,LIMON SUTIL,2022,811.0,68.0,3.0,1.3148951911220716,68.0,11.926470588235293,UNRESOLVED,6088.7068606422545,12
200107,13010170102,LIMON SUTIL,LIMON SUTIL,2023,680.0,81.0,13.0,1.808558823529412,81.0,8.395061728395062,UNRESOLVED,6088.7068606422545,12
200107,13010210000,MANGO,MANGO,2016,96.0,8.0,0.0,1.5,8.0,12.0,UNRESOLVED,6088.7068606422545,12
200107,13010210000,MANGO,MANGO,2017,112.0,8.0,0.0,1.5714285714285714,8.0,14.0,UNRESOLVED,6088.7068606422545,12
200107,13010210000,MANGO,MANGO,2018,108.0,8.0,0.0,1.4907407407407407,8.0,13.5,UNRESOLVED,6088.7068606422545,12
200107,13010210000,MANGO,MANGO,2019,55.0,8.0,0.0,1.2181818181818183,8.0,6.875,UNRESOLVED,6088.7068606422545,12
200107,13010210000,MANGO,MANGO,2020,25.0,8.0,1.0,1.0,9.0,3.125,UNRESOLVED,6088.7068606422545,12
200107,13010210000,MANGO,MANGO,2021,76.0,8.0,0.0,1.1131578947368421,9.0,9.5,UNRESOLVED,6088.7068606422545,12
200107,13010210000,MANGO,MANGO,2022,115.0,8.0,16.0,1.318695652173913,25.0,14.375,UNRESOLVED,6088.7068606422545,12
200107,13010210000,MANGO,MANGO,2023,57.0,8.0,0.0,1.4557894736842103,25.0,7.125,UNRESOLVED,6088.7068606422545,12
200107,14010020000,ARROZ,ARROZ,2016,11952.0,1440.0,1331.0,1.235970548862115,250.0,8.3,UNRESOLVED,6088.7068606422545,12
200107,14010020000,ARROZ,ARROZ,2017,3151.0,445.0,969.0,1.3267216756585212,649.0,7.080898876404494,UNRESOLVED,6088.7068606422545,12
200107,14010020000,ARROZ,ARROZ,2018,10024.0,1257.0,928.0,1.09048683160415,0.0,7.974542561654734,UNRESOLVED,6088.7068606422545,7
200107,14010020000,ARROZ,ARROZ,2019,6233.0,730.0,857.0,0.98,127.0,8.538356164383561,UNRESOLVED,6088.7068606422545,12
200107,14010020000,ARROZ,ARROZ,2020,8092.0,876.0,894.0,1.324008897676718,145.0,9.237442922374429,UNRESOLVED,6088.7068606422545,12
200107,14010020000,ARROZ,ARROZ,2021,11088.0,1136.0,1000.0,1.1294372294372295,9.0,9.76056338028169,UNRESOLVED,6088.7068606422545,12
200107,14010020000,ARROZ,ARROZ,2022,6451.0,975.0,975.0,1.8159107115175939,0.0,6.616410256410257,UNRESOLVED,6088.7068606422545,7
200107,14010020000,ARROZ,ARROZ,2023,5950.0,713.0,903.0,1.5086638655462183,190.0,8.345021037868163,UNRESOLVED,6088.7068606422545,12
200107,14010070000,MAIZ AMARILLO DURO,MAIZ AMARILLO DURO,2016,2269.0,483.0,411.0,1.2170207139709124,0.0,4.6977225672877845,UNRESOLVED,6088.7068606422545,11
200107,14010070000,MAIZ AMARILLO DURO,MAIZ AMARILLO DURO,2017,1679.0,407.0,414.0,1.0552114353782014,0.0,4.125307125307125,UNRESOLVED,6088.7068606422545,10
200107,14010070000,MAIZ AMARILLO DURO,MAIZ AMARILLO DURO,2018,2210.0,438.0,438.0,1.0923755656108598,0.0,5.045662100456621,UNRESOLVED,6088.7068606422545,11
200107,14010070000,MAIZ AMARILLO DURO,MAIZ AMARILLO DURO,2019,4554.0,839.0,839.0,1.1156785243741765,0.0,5.427890345649582,UNRESOLVED,6088.7068606422545,12
200107,14010070000,MAIZ AMARILLO DURO,MAIZ AMARILLO DURO,2020,3574.0,836.0,836.0,1.2386121992165642,0.0,4.27511961722488,UNRESOLVED,6088.7068606422545,11
200107,14010070000,MAIZ AMARILLO DURO,MAIZ AMARILLO DURO,2021,5545.0,1109.0,1309.0,1.5516230838593328,200.0,5.0,UNRESOLVED,6088.7068606422545,11
200107,14010070000,MAIZ AMARILLO DURO,MAIZ AMARILLO DURO,2022,8406.0,1481.0,1281.0,1.6087318581965262,0.0,5.675894665766374,UNRESOLVED,6088.7068606422545,12
200107,14010070000,MAIZ AMARILLO DURO,MAIZ AMARILLO DURO,2023,1985.0,431.0,539.0,1.2153702770780856,0.0,4.6055684454756385,UNRESOLVED,6088.7068606422545,12
200107,15010040000,PLATANOS Y BANANAS,PLATANOS Y BANANAS PARA COCCI N (M X paradisiaca),2016,223.0,13.0,0.0,1.1647982062780269,13.0,17.153846153846153,UNRESOLVED,6088.7068606422545,12
200107,15010040000,PLATANOS Y BANANAS,PLATANOS Y BANANAS PARA COCCI N (M X paradisiaca),2017,211.0,13.0,0.0,1.1280568720379147,13.0,16.23076923076923,UNRESOLVED,6088.7068606422545,12
200107,15010040000,PLATANOS Y BANANAS,PLATANOS Y BANANAS PARA COCCI N (M X paradisiaca),2018,210.0,9.0,0.0,1.3214285714285714,9.0,23.333333333333332,UNRESOLVED,6088.7068606422545,12
200107,15010040000,PLATANOS Y BANANAS,PLATANOS Y BANANAS PARA COCCI N (M X paradisiaca),2019,486.0,27.0,18.0,1.3479423868312759,27.0,18.0,UNRESOLVED,6088.7068606422545,12
200107,15010040000,PLATANOS Y BANANAS,PLATANOS Y BANANAS PARA COCCI N (M X paradisiaca),2020,404.0,27.0,0.0,1.2642326732673268,27.0,14.962962962962964,UNRESOLVED,6088.7068606422545,12
200107,15010040000,PLATANOS Y BANANAS,PLATANOS Y BANANAS PARA COCCI N (M X paradisiaca),2021,504.0,27.0,0.0,1.0703968253968255,27.0,18.666666666666668,UNRESOLVED,6088.7068606422545,12
200107,15010040000,PLATANOS Y BANANAS,PLATANOS Y BANANAS PARA COCCI N (M X paradisiaca),2022,401.0,27.0,12.0,1.129077306733167,39.0,14.851851851851851,UNRESOLVED,6088.7068606422545,12
200107,15010040000,PLATANOS Y BANANAS,PLATANOS Y BANANAS PARA COCCI N (M X paradisiaca),2023,328.0,23.0,0.0,1.2297865853658536,23.0,14.26086956521739,UNRESOLVED,6088.7068606422545,12
200111,13010170102,LIMON SUTIL,LIMON SUTIL,2016,733.0,141.0,0.0,0.6184174624829467,141.0,5.198581560283688,UNRESOLVED,13279.723298316321,12
200111,13010170102,LIMON SUTIL,LIMON SUTIL,2017,264.0,141.0,0.0,0.8848484848484848,141.0,1.872340425531915,UNRESOLVED,13279.723298316321,12
200111,13010170102,LIMON SUTIL,LIMON SUTIL,2018,582.0,141.0,0.0,0.5934707903780069,141.0,4.127659574468085,UNRESOLVED,13279.723298316321,12
200111,13010170102,LIMON SUTIL,LIMON SUTIL,2019,1353.0,141.0,0.0,0.844331116038433,141.0,9.595744680851064,UNRESOLVED,13279.723298316321,12
200111,13010170102,LIMON SUTIL,LIMON SUTIL,2020,2330.0,141.0,0.0,0.8597424892703863,141.0,16.52482269503546,UNRESOLVED,13279.723298316321,12
200111,13010170102,LIMON SUTIL,LIMON SUTIL,2021,1208.0,141.0,67.0,0.9695612582781458,208.0,8.567375886524824,UNRESOLVED,13279.723298316321,12
200111,13010170102,LIMON SUTIL,LIMON SUTIL,2022,1510.0,141.0,67.0,1.374682119205298,208.0,10.709219858156029,UNRESOLVED,13279.723298316321,12
200111,13010170102,LIMON SUTIL,LIMON SUTIL,2023,1139.0,141.0,18.0,1.3969973661106234,225.0,8.078014184397164,UNRESOLVED,13279.723298316321,12
200111,13010210000,MANGO,MANGO,2016,12299.0,792.0,0.0,0.4704935360598423,792.0,15.529040404040405,UNRESOLVED,13279.723298316321,12
200111,13010210000,MANGO,MANGO,2017,14710.0,792.0,0.0,0.5564242012236573,792.0,18.57323232323232,UNRESOLVED,13279.723298316321,12
200111,13010210000,MANGO,MANGO,2018,23100.0,792.0,2108.0,0.5246753246753246,2900.0,29.166666666666668,UNRESOLVED,13279.723298316321,12
200111,13010210000,MANGO,MANGO,2019,32092.0,2900.0,0.0,1.144833603390253,2900.0,11.066206896551725,UNRESOLVED,13279.723298316321,12
200111,13010210000,MANGO,MANGO,2020,15643.0,2900.0,0.0,2.276149076264144,2900.0,5.394137931034483,UNRESOLVED,13279.723298316321,12
200111,13010210000,MANGO,MANGO,2021,15955.0,2900.0,5.0,1.0425446568473835,2905.0,5.501724137931035,UNRESOLVED,13279.723298316321,12
200111,13010210000,MANGO,MANGO,2022,41120.0,2900.0,0.0,0.7852140077821012,2905.0,14.179310344827586,UNRESOLVED,13279.723298316321,12
200111,13010210000,MANGO,MANGO,2023,16200.0,2900.0,33.0,0.875,2938.0,5.586206896551724,UNRESOLVED,13279.723298316321,12
200111,14010020000,ARROZ,ARROZ,2016,28450.0,3640.0,4400.0,1.2680309314586993,360.0,7.815934065934066,UNRESOLVED,13279.723298316321,11
200111,14010020000,ARROZ,ARROZ,2017,35736.0,5278.0,5400.0,1.1058378106111484,480.0,6.770746494884426,UNRESOLVED,13279.723298316321,12
200111,14010020000,ARROZ,ARROZ,2018,34035.0,3900.0,3550.0,0.9828079917731748,130.0,8.726923076923077,UNRESOLVED,13279.723298316321,12
200111,14010020000,ARROZ,ARROZ,2019,38107.0,4185.0,4055.0,0.9325289316923401,0.0,9.105615292712066,UNRESOLVED,13279.723298316321,12
200111,14010020000,ARROZ,ARROZ,2020,25088.0,3136.0,3702.0,1.2,566.0,8.0,UNRESOLVED,13279.723298316321,11
200111,14010020000,ARROZ,ARROZ,2021,19116.0,2124.0,2124.0,1.2646610169491526,566.0,9.0,UNRESOLVED,13279.723298316321,12
200111,14010020000,ARROZ,ARROZ,2022,19790.0,2120.0,2120.0,1.3068165740272866,0.0,9.334905660377359,UNRESOLVED,13279.723298316321,11
200111,14010020000,ARROZ,ARROZ,2023,19285.0,2235.0,2260.0,1.3448794399792585,0.0,8.628635346756152,UNRESOLVED,13279.723298316321,11
200111,14010070000,MAIZ AMARILLO DURO,MAIZ AMARILLO DURO,2016,2455.0,860.0,910.0,1.1158859470468432,257.0,2.854651162790698,UNRESOLVED,13279.723298316321,10
200111,14010070000,MAIZ AMARILLO DURO,MAIZ AMARILLO DURO,2017,2530.0,870.0,840.0,0.9529644268774704,227.0,2.9080459770114944,UNRESOLVED,13279.723298316321,12
200111,14010070000,MAIZ AMARILLO DURO,MAIZ AMARILLO DURO,2018,1900.0,640.0,1212.007,1.0230000000000001,622.01,2.96875,UNRESOLVED,13279.723298316321,11
200111,14010070000,MAIZ AMARILLO DURO,MAIZ AMARILLO DURO,2019,1487.0,453.0,183.0,0.9272360457296571,0.0,3.282560706401766,UNRESOLVED,13279.723298316321,10
200111,14010070000,MAIZ AMARILLO DURO,MAIZ AMARILLO DURO,2020,238.0,75.0,85.0,1.1890756302521008,10.0,3.1733333333333333,UNRESOLVED,13279.723298316321,6
200111,14010070000,MAIZ AMARILLO DURO,MAIZ AMARILLO DURO,2021,1887.0,370.0,360.0,1.4869634340222575,0.0,5.1,UNRESOLVED,13279.723298316321,12
200111,14010070000,MAIZ AMARILLO DURO,MAIZ AMARILLO DURO,2022,2260.0,430.0,430.0,1.41,0.0,5.255813953488372,UNRESOLVED,13279.723298316321,12
200111,14010070000,MAIZ AMARILLO DURO,MAIZ AMARILLO DURO,2023,934.0,278.0,289.0,1.5339079229122057,0.0,3.3597122302158273,UNRESOLVED,13279.723298316321,12
200111,15010040000,PLATANOS Y BANANAS,PLATANOS Y BANANAS PARA COCCI N (M X paradisiaca),2016,567.0,38.0,0.0,0.8904761904761904,38.0,14.921052631578947,UNRESOLVED,13279.723298316321,12
200111,15010040000,PLATANOS Y BANANAS,PLATANOS Y BANANAS PARA COCCI N (M X paradisiaca),2017,338.0,38.0,0.0,0.9514792899408284,38.0,8.894736842105264,UNRESOLVED,13279.723298316321,12
200111,15010040000,PLATANOS Y BANANAS,PLATANOS Y BANANAS PARA COCCI N (M X paradisiaca),2018,1271.0,176.0,138.0,0.8894177812745869,176.0,7.221590909090909,UNRESOLVED,13279.723298316321,12
200111,15010040000,PLATANOS Y BANANAS,PLATANOS Y BANANAS PARA COCCI N (M X paradisiaca),2019,3317.0,176.0,0.0,0.8205004522158577,176.0,18.84659090909091,UNRESOLVED,13279.723298316321,12
200111,15010040000,PLATANOS Y BANANAS,PLATANOS Y BANANAS PARA COCCI N (M X paradisiaca),2020,3296.0,176.0,0.0,0.8327669902912622,176.0,18.727272727272727,UNRESOLVED,13279.723298316321,12
200111,15010040000,PLATANOS Y BANANAS,PLATANOS Y BANANAS PARA COCCI N (M X paradisiaca),2021,2669.0,176.0,0.0,0.7704795803671787,176.0,15.164772727272727,UNRESOLVED,13279.723298316321,12
200111,15010040000,PLATANOS Y BANANAS,PLATANOS Y BANANAS PARA COCCI N (M X paradisiaca),2022,2823.0,100.0,0.0,0.9273609635139922,176.0,28.23,UNRESOLVED,13279.723298316321,12
200111,15010040000,PLATANOS Y BANANAS,PLATANOS Y BANANAS PARA COCCI N (M X paradisiaca),2023,2827.0,100.0,0.0,1.246674920410329,100.0,28.27,UNRESOLVED,13279.723298316321,12
200114,13010170102,LIMON SUTIL,LIMON SUTIL,2016,68940.0,5146.0,0.0,0.6344067304902814,9738.0,13.396813058686359,UNRESOLVED,65481.94014926772,12
200114,13010170102,LIMON SUTIL,LIMON SUTIL,2017,18990.0,9738.0,0.0,0.9412322274881516,9738.0,1.9500924214417745,UNRESOLVED,65481.94014926772,12
200114,13010170102,LIMON SUTIL,LIMON SUTIL,2018,50650.0,9738.0,760.0,0.5968410661401777,10498.0,5.2012733620866705,UNRESOLVED,65481.94014926772,12
200114,13010170102,LIMON SUTIL,LIMON SUTIL,2019,75656.0,9738.0,0.0,0.7003410172359099,10498.0,7.769151776545492,UNRESOLVED,65481.94014926772,12
200114,13010170102,LIMON SUTIL,LIMON SUTIL,2020,83801.0,9738.0,0.0,0.8979642247705875,10498.0,8.605565824604641,UNRESOLVED,65481.94014926772,12
200114,13010170102,LIMON SUTIL,LIMON SUTIL,2021,80020.0,9738.0,0.0,1.0323856535866034,10498.0,8.217293078660916,UNRESOLVED,65481.94014926772,12
200114,13010170102,LIMON SUTIL,LIMON SUTIL,2022,109130.0,9738.0,0.0,1.3407811784110695,10498.0,11.20661326761142,UNRESOLVED,65481.94014926772,12
200114,13010170102,LIMON SUTIL,LIMON SUTIL,2023,69765.0,9738.0,152.0,1.4057794022790797,10650.0,7.164202094886013,UNRESOLVED,65481.94014926772,12
200114,13010210000,MANGO,MANGO,2016,203242.0,14440.0,0.0,0.4265269973725903,14440.0,14.074930747922437,UNRESOLVED,65481.94014926772,12
200114,13010210000,MANGO,MANGO,2017,215650.0,14440.0,0.0,0.5147414792487828,14440.0,14.93421052631579,UNRESOLVED,65481.94014926772,12
200114,13010210000,MANGO,MANGO,2018,191180.0,14440.0,6072.0,0.45320640234334136,20512.0,13.239612188365651,UNRESOLVED,65481.94014926772,12
200114,13010210000,MANGO,MANGO,2019,326762.0,14440.0,0.0,0.9960192739669852,20512.0,22.628947368421052,UNRESOLVED,65481.94014926772,12
200114,13010210000,MANGO,MANGO,2020,288195.0,14440.0,0.0,2.083089574767085,20512.0,19.958102493074794,UNRESOLVED,65481.94014926772,12
200114,13010210000,MANGO,MANGO,2021,272269.0,14440.0,78.0,1.054001006357683,20590.0,18.855193905817174,UNRESOLVED,65481.94014926772,12
200114,13010210000,MANGO,MANGO,2022,273632.0,14440.0,1.0,0.8360754590106421,20591.0,18.949584487534626,UNRESOLVED,65481.94014926772,12
200114,13010210000,MANGO,MANGO,2023,154479.0,20512.0,459.0,0.9409324244719346,21050.0,7.531152496099844,UNRESOLVED,65481.94014926772,12
200114,14010020000,ARROZ,ARROZ,2016,48661.0,6270.0,6940.0,1.2654096709890876,290.0,7.760925039872408,UNRESOLVED,65481.94014926772,11
200114,14010020000,ARROZ,ARROZ,2017,43440.0,6280.0,6650.0,1.1017866022099447,660.0,6.917197452229299,UNRESOLVED,65481.94014926772,12
200114,14010020000,ARROZ,ARROZ,2018,39636.0,4540.0,3970.0,0.986471137349884,90.0,8.730396475770926,UNRESOLVED,65481.94014926772,12
200114,14010020000,ARROZ,ARROZ,2019,40158.0,4475.0,4385.0,0.9702213755665123,0.0,8.973854748603351,UNRESOLVED,65481.94014926772,12
200114,14010020000,ARROZ,ARROZ,2020,21768.0,2722.0,3430.0,1.1911797133406834,708.0,7.997060984570169,UNRESOLVED,65481.94014926772,11
200114,14010020000,ARROZ,ARROZ,2021,48870.0,5618.0,4910.0,1.2674843462246776,0.0,8.698825204699181,UNRESOLVED,65481.94014926772,12
200114,14010020000,ARROZ,ARROZ,2022,43025.0,4610.0,4610.0,1.31,0.0,9.332971800433839,UNRESOLVED,65481.94014926772,10
200114,14010020000,ARROZ,ARROZ,2023,42648.0,5133.0,5133.0,1.379490011254924,0.0,8.308591466978376,UNRESOLVED,65481.94014926772,11
200114,14010070000,MAIZ AMARILLO DURO,MAIZ AMARILLO DURO,2016,1800.0,650.0,678.0,1.1133333333333333,72.0,2.769230769230769,UNRESOLVED,65481.94014926772,10
200114,14010070000,MAIZ AMARILLO DURO,MAIZ AMARILLO DURO,2017,1308.0,458.0,460.0,0.960091743119266,60.0,2.8558951965065504,UNRESOLVED,65481.94014926772,12
200114,14010070000,MAIZ AMARILLO DURO,MAIZ AMARILLO DURO,2018,1512.0,510.0,500.0,1.0279761904761906,50.0,2.9647058823529413,UNRESOLVED,65481.94014926772,10
200114,14010070000,MAIZ AMARILLO DURO,MAIZ AMARILLO DURO,2019,447.0,139.0,140.0,0.9201342281879195,51.0,3.2158273381294964,UNRESOLVED,65481.94014926772,10
200114,14010070000,MAIZ AMARILLO DURO,MAIZ AMARILLO DURO,2020,90.0,30.0,30.0,1.0,51.0,3.0,UNRESOLVED,65481.94014926772,12
200114,14010070000,MAIZ AMARILLO DURO,MAIZ AMARILLO DURO,2021,2841.0,683.0,683.0,1.143005983808518,51.0,4.159590043923865,UNRESOLVED,65481.94014926772,12
200114,14010070000,MAIZ AMARILLO DURO,MAIZ AMARILLO DURO,2022,1460.0,275.0,275.0,1.41,51.0,5.3090909090909095,UNRESOLVED,65481.94014926772,12
200114,14010070000,MAIZ AMARILLO DURO,MAIZ AMARILLO DURO,2023,448.0,136.0,140.0,1.5279687499999999,0.0,3.2941176470588234,UNRESOLVED,65481.94014926772,12
200114,15010040000,PLATANOS Y BANANAS,PLATANOS Y BANANAS PARA COCCI N (M X paradisiaca),2016,4961.0,246.0,0.0,0.8268494255190486,246.0,20.166666666666668,UNRESOLVED,65481.94014926772,12
200114,15010040000,PLATANOS Y BANANAS,PLATANOS Y BANANAS PARA COCCI N (M X paradisiaca),2017,2466.0,246.0,0.0,0.9510137875101378,246.0,10.024390243902438,UNRESOLVED,65481.94014926772,12
200114,15010040000,PLATANOS Y BANANAS,PLATANOS Y BANANAS PARA COCCI N (M X paradisiaca),2018,4811.0,346.0,100.0,0.8909686135938474,346.0,13.904624277456648,UNRESOLVED,65481.94014926772,12
200114,15010040000,PLATANOS Y BANANAS,PLATANOS Y BANANAS PARA COCCI N (M X paradisiaca),2019,9422.0,600.0,254.0,0.8483973678624496,600.0,15.703333333333333,UNRESOLVED,65481.94014926772,12
200114,15010040000,PLATANOS Y BANANAS,PLATANOS Y BANANAS PARA COCCI N (M X paradisiaca),2020,9502.0,600.0,0.0,0.8795621974321196,600.0,15.836666666666666,UNRESOLVED,65481.94014926772,12
200114,15010040000,PLATANOS Y BANANAS,PLATANOS Y BANANAS PARA COCCI N (M X paradisiaca),2021,13469.0,600.0,0.0,0.7934390080926572,600.0,22.448333333333334,UNRESOLVED,65481.94014926772,12
200114,15010040000,PLATANOS Y BANANAS,PLATANOS Y BANANAS PARA COCCI N (M X paradisiaca),2022,14644.0,600.0,0.0,1.0319414094509696,600.0,24.406666666666666,UNRESOLVED,65481.94014926772,12
200114,15010040000,PLATANOS Y BANANAS,PLATANOS Y BANANAS PARA COCCI N (M X paradisiaca),2023,17690.0,600.0,0.0,1.2441006218202373,600.0,29.483333333333334,UNRESOLVED,65481.94014926772,12
200201,13010170102,LIMON SUTIL,LIMON SUTIL,2016,48.0,16.0,0.0,0.39166666666666666,16.0,3.0,UNRESOLVED,82408.95968305676,12
200201,13010170102,LIMON SUTIL,LIMON SUTIL,2017,47.0,16.0,0.0,0.5680851063829788,16.0,2.9375,UNRESOLVED,82408.95968305676,12
200201,13010170102,LIMON SUTIL,LIMON SUTIL,2018,58.0,16.0,0.0,0.5258620689655172,16.0,3.625,UNRESOLVED,82408.95968305676,12
200201,13010170102,LIMON SUTIL,LIMON SUTIL,2019,39.0,16.0,0.0,0.5153846153846154,16.0,2.4375,UNRESOLVED,82408.95968305676,12
200201,13010170102,LIMON SUTIL,LIMON SUTIL,2020,43.0,16.0,0.0,0.48139534883720936,16.0,2.6875,UNRESOLVED,82408.95968305676,12
200201,13010170102,LIMON SUTIL,LIMON SUTIL,2021,43.0,16.0,0.0,0.5,16.0,2.6875,UNRESOLVED,82408.95968305676,12
200201,13010170102,LIMON SUTIL,LIMON SUTIL,2022,43.0,16.0,0.0,0.5113953488372094,16.0,2.6875,UNRESOLVED,82408.95968305676,12
200201,13010170102,LIMON SUTIL,LIMON SUTIL,2023,42.0,16.0,0.0,0.5176190476190475,16.0,2.625,UNRESOLVED,82408.95968305676,12
200201,13010210000,MANGO,MANGO,2016,81.0,9.0,0.0,0.4777777777777778,9.0,9.0,UNRESOLVED,82408.95968305676,12
200201,13010210000,MANGO,MANGO,2017,49.0,9.0,0.0,0.5,9.0,5.444444444444445,UNRESOLVED,82408.95968305676,12
200201,13010210000,MANGO,MANGO,2018,39.0,9.0,0.0,0.5,9.0,4.333333333333333,UNRESOLVED,82408.95968305676,12
200201,13010210000,MANGO,MANGO,2019,35.0,9.0,0.0,0.6542857142857142,9.0,3.888888888888889,UNRESOLVED,82408.95968305676,12
200201,13010210000,MANGO,MANGO,2020,44.0,9.0,0.0,0.5,9.0,4.888888888888889,UNRESOLVED,82408.95968305676,12
200201,13010210000,MANGO,MANGO,2021,44.0,9.0,0.0,0.475,9.0,4.888888888888889,UNRESOLVED,82408.95968305676,12
200201,13010210000,MANGO,MANGO,2022,44.0,9.0,0.0,0.5097727272727273,9.0,4.888888888888889,UNRESOLVED,82408.95968305676,12
200201,13010210000,MANGO,MANGO,2023,44.0,9.0,0.0,0.5227272727272727,9.0,4.888888888888889,UNRESOLVED,82408.95968305676,12
200201,14010020000,ARROZ,ARROZ,2016,285.0,67.0,67.0,1.27859649122807,0.0,4.253731343283582,UNRESOLVED,82408.95968305676,12
200201,14010020000,ARROZ,ARROZ,2017,140.0,35.0,38.0,1.3714285714285714,0.0,4.0,UNRESOLVED,82408.95968305676,11
200201,14010020000,ARROZ,ARROZ,2018,108.0,27.0,33.0,0.9555555555555556,6.0,4.0,UNRESOLVED,82408.95968305676,12
200201,14010020000,ARROZ,ARROZ,2019,124.0,31.0,38.0,0.9816129032258064,13.0,4.0,UNRESOLVED,82408.95968305676,12
200201,14010020000,ARROZ,ARROZ,2020,168.0,39.0,26.0,1.1371428571428572,0.0,4.3076923076923075,UNRESOLVED,82408.95968305676,12
200201,14010020000,ARROZ,ARROZ,2021,116.0,29.0,29.0,1.149310344827586,0.0,4.0,UNRESOLVED,82408.95968305676,12
200201,14010020000,ARROZ,ARROZ,2022,20.0,5.0,8.0,1.1,3.0,4.0,UNRESOLVED,82408.95968305676,12
200201,14010020000,ARROZ,ARROZ,2023,48.0,12.0,9.0,1.3558333333333332,0.0,4.0,UNRESOLVED,82408.95968305676,12
200201,14010070000,MAIZ AMARILLO DURO,MAIZ AMARILLO DURO,2016,610.0,580.0,580.0,1.001639344262295,0.0,1.0517241379310345,UNRESOLVED,82408.95968305676,11
200201,14010070000,MAIZ AMARILLO DURO,MAIZ AMARILLO DURO,2017,650.0,653.0,689.0,0.9141538461538462,0.0,0.9954058192955589,UNRESOLVED,82408.95968305676,7
200201,14010070000,MAIZ AMARILLO DURO,MAIZ AMARILLO DURO,2018,647.0,750.0,750.0,1.0121174652241114,0.0,0.8626666666666667,UNRESOLVED,82408.95968305676,12
200201,14010070000,MAIZ AMARILLO DURO,MAIZ AMARILLO DURO,2019,636.0,623.0,623.0,1.2675157232704402,0.0,1.0208667736757624,UNRESOLVED,82408.95968305676,11
200201,14010070000,MAIZ AMARILLO DURO,MAIZ AMARILLO DURO,2020,602.0,595.0,595.0,1.3255813953488371,0.0,1.011764705882353,UNRESOLVED,82408.95968305676,12
200201,14010070000,MAIZ AMARILLO DURO,MAIZ AMARILLO DURO,2021,619.0,619.0,809.0,1.159628432956381,190.0,1.0,UNRESOLVED,82408.95968305676,9
200201,14010070000,MAIZ AMARILLO DURO,MAIZ AMARILLO DURO,2022,757.0,755.0,786.0,1.3159445178335534,200.0,1.0026490066225167,UNRESOLVED,82408.95968305676,12
200201,14010070000,MAIZ AMARILLO DURO,MAIZ AMARILLO DURO,2023,1396.0,837.0,841.0,1.6854441260744983,11.0,1.6678614097968936,UNRESOLVED,82408.95968305676,12
200201,15010040000,PLATANOS Y BANANAS,PLATANOS Y BANANAS PARA COCCI N (M X paradisiaca),2016,407.0,198.0,0.0,0.10982800982800983,198.0,2.0555555555555554,UNRESOLVED,82408.95968305676,12
200201,15010040000,PLATANOS Y BANANAS,PLATANOS Y BANANAS PARA COCCI N (M X paradisiaca),2017,358.0,198.0,0.0,0.1122905027932961,198.0,1.8080808080808082,UNRESOLVED,82408.95968305676,12
200201,15010040000,PLATANOS Y BANANAS,PLATANOS Y BANANAS PARA COCCI N (M X paradisiaca),2018,360.0,198.0,0.0,0.12083333333333333,198.0,1.8181818181818181,UNRESOLVED,82408.95968305676,12
200201,15010040000,PLATANOS Y BANANAS,PLATANOS Y BANANAS PARA COCCI N (M X paradisiaca),2019,399.0,198.0,0.0,0.118796992481203,198.0,2.015151515151515,UNRESOLVED,82408.95968305676,12
200201,15010040000,PLATANOS Y BANANAS,PLATANOS Y BANANAS PARA COCCI N (M X paradisiaca),2020,405.0,198.0,0.0,0.1728395061728395,198.0,2.0454545454545454,UNRESOLVED,82408.95968305676,12
200201,15010040000,PLATANOS Y BANANAS,PLATANOS Y BANANAS PARA COCCI N (M X paradisiaca),2021,513.0,198.0,0.0,0.20356725146198829,198.0,2.590909090909091,UNRESOLVED,82408.95968305676,12
200201,15010040000,PLATANOS Y BANANAS,PLATANOS Y BANANAS PARA COCCI N (M X paradisiaca),2022,295.0,193.0,0.0,0.19166101694915255,193.0,1.528497409326425,UNRESOLVED,82408.95968305676,12
200201,15010040000,PLATANOS Y BANANAS,PLATANOS Y BANANAS PARA COCCI N (M X paradisiaca),2023,412.0,193.0,0.0,0.28514563106796115,193.0,2.134715025906736,UNRESOLVED,82408.95968305676,12
200203,13010170102,LIMON SUTIL,LIMON SUTIL,2016,3.0,2.0,0.0,0.5466666666666667,2.0,1.5,UNRESOLVED,6884.900845030339,12
200203,13010170102,LIMON SUTIL,LIMON SUTIL,2017,7.0,2.0,0.0,1.1142857142857143,2.0,3.5,UNRESOLVED,6884.900845030339,12
200203,13010170102,LIMON SUTIL,LIMON SUTIL,2018,5.0,2.0,0.0,0.5,2.0,2.5,UNRESOLVED,6884.900845030339,12
200203,13010170102,LIMON SUTIL,LIMON SUTIL,2019,9.0,2.0,0.0,0.30000000000000004,2.0,4.5,UNRESOLVED,6884.900845030339,12
200203,13010170102,LIMON SUTIL,LIMON SUTIL,2020,2.0,2.0,0.0,0.5,2.0,1.0,UNRESOLVED,6884.900845030339,12
200203,13010170102,LIMON SUTIL,LIMON SUTIL,2021,6.0,2.0,0.0,0.5516666666666666,2.0,3.0,UNRESOLVED,6884.900845030339,12
200203,13010170102,LIMON SUTIL,LIMON SUTIL,2022,13.0,2.0,0.0,0.4176923076923077,2.0,6.5,UNRESOLVED,6884.900845030339,12
200203,13010170102,LIMON SUTIL,LIMON SUTIL,2023,2.0,2.0,0.0,0.44,2.0,1.0,UNRESOLVED,6884.900845030339,12
200203,13010210000,MANGO,MANGO,2016,7.0,3.0,0.0,0.5,3.0,2.3333333333333335,UNRESOLVED,6884.900845030339,12
200203,13010210000,MANGO,MANGO,2017,14.0,3.0,0.0,0.5,3.0,4.666666666666667,UNRESOLVED,6884.900845030339,12
200203,13010210000,MANGO,MANGO,2018,16.0,3.0,0.0,0.5,3.0,5.333333333333333,UNRESOLVED,6884.900845030339,12
200203,13010210000,MANGO,MANGO,2019,12.0,3.0,0.0,0.31666666666666665,3.0,4.0,UNRESOLVED,6884.900845030339,12
200203,13010210000,MANGO,MANGO,2020,8.0,3.0,0.0,0.5,3.0,2.6666666666666665,UNRESOLVED,6884.900845030339,12
200203,13010210000,MANGO,MANGO,2021,12.0,3.0,0.0,0.6,3.0,4.0,UNRESOLVED,6884.900845030339,12
200203,13010210000,MANGO,MANGO,2022,11.0,3.0,0.0,0.41,3.0,3.6666666666666665,UNRESOLVED,6884.900845030339,12
200203,13010210000,MANGO,MANGO,2023,12.0,3.0,0.0,0.43166666666666664,3.0,4.0,UNRESOLVED,6884.900845030339,12
200203,14010020000,ARROZ,ARROZ,2016,104.0,26.0,26.0,1.2461538461538462,0.0,4.0,UNRESOLVED,6884.900845030339,11
200203,14010020000,ARROZ,ARROZ,2017,280.0,70.0,70.0,1.2114285714285713,0.0,4.0,UNRESOLVED,6884.900845030339,11
200203,14010020000,ARROZ,ARROZ,2018,124.0,31.0,31.0,0.8903225806451613,0.0,4.0,UNRESOLVED,6884.900845030339,12
200203,14010020000,ARROZ,ARROZ,2019,146.0,36.0,36.0,0.936986301369863,0.0,4.055555555555555,UNRESOLVED,6884.900845030339,12
200203,14010020000,ARROZ,ARROZ,2020,91.0,9.0,9.0,1.2,0.0,10.11111111111111,UNRESOLVED,6884.900845030339,5
200203,14010020000,ARROZ,ARROZ,2021,32.0,8.0,8.0,1.2312500000000002,0.0,4.0,UNRESOLVED,6884.900845030339,11
200203,14010020000,ARROZ,ARROZ,2022,28.0,8.0,8.0,1.695714285714286,0.0,3.5,UNRESOLVED,6884.900845030339,12
200203,14010020000,ARROZ,ARROZ,2023,44.0,11.0,11.0,1.5518181818181818,0.0,4.0,UNRESOLVED,6884.900845030339,11
200203,14010070000,MAIZ AMARILLO DURO,MAIZ AMARILLO DURO,2016,961.0,534.0,534.0,0.99105098855359,0.0,1.799625468164794,UNRESOLVED,6884.900845030339,12
200203,14010070000,MAIZ AMARILLO DURO,MAIZ AMARILLO DURO,2017,983.0,544.0,585.0,0.8999999999999999,36.0,1.806985294117647,UNRESOLVED,6884.900845030339,12
200203,14010070000,MAIZ AMARILLO DURO,MAIZ AMARILLO DURO,2018,332.0,166.0,130.0,0.9,0.0,2.0,UNRESOLVED,6884.900845030339,12
200203,14010070000,MAIZ AMARILLO DURO,MAIZ AMARILLO DURO,2019,285.0,133.0,133.0,0.836,0.0,2.142857142857143,UNRESOLVED,6884.900845030339,12
200203,14010070000,MAIZ AMARILLO DURO,MAIZ AMARILLO DURO,2020,186.0,93.0,93.0,1.121505376344086,0.0,2.0,UNRESOLVED,6884.900845030339,12
200203,14010070000,MAIZ AMARILLO DURO,MAIZ AMARILLO DURO,2021,508.0,254.0,254.0,1.3143307086614173,0.0,2.0,UNRESOLVED,6884.900845030339,12
200203,14010070000,MAIZ AMARILLO DURO,MAIZ AMARILLO DURO,2022,392.0,196.0,204.0,1.5283673469387755,2.0,2.0,UNRESOLVED,6884.900845030339,12
200203,14010070000,MAIZ AMARILLO DURO,MAIZ AMARILLO DURO,2023,720.0,390.0,438.0,1.2673888888888891,0.0,1.8461538461538463,UNRESOLVED,6884.900845030339,12
200203,15010040000,PLATANOS Y BANANAS,PLATANOS Y BANANAS PARA COCCI N (M X paradisiaca),2016,247.0,100.0,0.0,0.11457489878542511,100.0,2.47,UNRESOLVED,6884.900845030339,12
200203,15010040000,PLATANOS Y BANANAS,PLATANOS Y BANANAS PARA COCCI N (M X paradisiaca),2017,180.0,100.0,0.0,0.1,100.0,1.8,UNRESOLVED,6884.900845030339,12
200203,15010040000,PLATANOS Y BANANAS,PLATANOS Y BANANAS PARA COCCI N (M X paradisiaca),2018,180.0,100.0,0.0,0.1,100.0,1.8,UNRESOLVED,6884.900845030339,12
200203,15010040000,PLATANOS Y BANANAS,PLATANOS Y BANANAS PARA COCCI N (M X paradisiaca),2019,198.0,100.0,0.0,0.1,100.0,1.98,UNRESOLVED,6884.900845030339,12
200203,15010040000,PLATANOS Y BANANAS,PLATANOS Y BANANAS PARA COCCI N (M X paradisiaca),2020,183.0,100.0,0.0,0.19016393442622953,100.0,1.83,UNRESOLVED,6884.900845030339,12
200203,15010040000,PLATANOS Y BANANAS,PLATANOS Y BANANAS PARA COCCI N (M X paradisiaca),2021,286.0,100.0,0.0,0.20727272727272728,100.0,2.86,UNRESOLVED,6884.900845030339,12
200203,15010040000,PLATANOS Y BANANAS,PLATANOS Y BANANAS PARA COCCI N (M X paradisiaca),2022,188.0,100.0,0.0,0.12372340425531916,100.0,1.88,UNRESOLVED,6884.900845030339,12
200203,15010040000,PLATANOS Y BANANAS,PLATANOS Y BANANAS PARA COCCI N (M X paradisiaca),2023,196.0,100.0,0.0,0.18265306122448982,100.0,1.96,UNRESOLVED,6884.900845030339,12
200205,13010170102,LIMON SUTIL,LIMON SUTIL,2016,3.0,1.0,0.0,0.7333333333333334,1.0,3.0,UNRESOLVED,9690.246363465389,12
200205,13010170102,LIMON SUTIL,LIMON SUTIL,2017,4.0,1.0,0.0,0.825,1.0,4.0,UNRESOLVED,9690.246363465389,12
200205,13010170102,LIMON SUTIL,LIMON SUTIL,2018,3.0,1.0,0.0,0.5,1.0,3.0,UNRESOLVED,9690.246363465389,12
200205,13010170102,LIMON SUTIL,LIMON SUTIL,2019,7.0,1.0,0.0,0.5428571428571428,1.0,7.0,UNRESOLVED,9690.246363465389,12
200205,13010170102,LIMON SUTIL,LIMON SUTIL,2020,3.0,1.0,0.0,0.8666666666666667,1.0,3.0,UNRESOLVED,9690.246363465389,12
200205,13010170102,LIMON SUTIL,LIMON SUTIL,2021,4.0,1.0,0.0,0.6025,1.0,4.0,UNRESOLVED,9690.246363465389,12
200205,13010170102,LIMON SUTIL,LIMON SUTIL,2022,4.0,1.0,0.0,0.485,1.0,4.0,UNRESOLVED,9690.246363465389,12
200205,13010170102,LIMON SUTIL,LIMON SUTIL,2023,4.0,1.0,0.0,0.5025,1.0,4.0,UNRESOLVED,9690.246363465389,12
200205,13010210000,MANGO,MANGO,2016,48.0,12.0,0.0,0.5,12.0,4.0,UNRESOLVED,9690.246363465389,12
200205,13010210000,MANGO,MANGO,2017,34.0,12.0,0.0,0.5,12.0,2.8333333333333335,UNRESOLVED,9690.246363465389,12
200205,13010210000,MANGO,MANGO,2018,57.0,12.0,0.0,0.442280701754386,12.0,4.75,UNRESOLVED,9690.246363465389,12
200205,13010210000,MANGO,MANGO,2019,63.0,12.0,0.0,0.3,12.0,5.25,UNRESOLVED,9690.246363465389,12
200205,13010210000,MANGO,MANGO,2020,42.0,12.0,0.0,0.6428571428571429,12.0,3.5,UNRESOLVED,9690.246363465389,12
200205,13010210000,MANGO,MANGO,2021,47.0,12.0,0.0,0.5,12.0,3.9166666666666665,UNRESOLVED,9690.246363465389,12
200205,13010210000,MANGO,MANGO,2022,36.0,12.0,0.0,0.4294444444444444,12.0,3.0,UNRESOLVED,9690.246363465389,12
200205,13010210000,MANGO,MANGO,2023,43.0,12.0,0.0,0.5104651162790699,12.0,3.5833333333333335,UNRESOLVED,9690.246363465389,12
200205,14010020000,ARROZ,ARROZ,2016,212.0,53.0,53.0,1.2641509433962264,0.0,4.0,UNRESOLVED,9690.246363465389,11
200205,14010020000,ARROZ,ARROZ,2017,116.0,29.0,50.0,1.1,19.0,4.0,UNRESOLVED,9690.246363465389,11
200205,14010020000,ARROZ,ARROZ,2018,167.0,37.0,26.0,1.0850299401197605,8.0,4.513513513513513,UNRESOLVED,9690.246363465389,12
200205,14010020000,ARROZ,ARROZ,2019,178.0,43.0,35.0,0.9941573033707866,0.0,4.1395348837209305,UNRESOLVED,9690.246363465389,12
200205,14010020000,ARROZ,ARROZ,2020,41.0,10.0,10.0,1.1219512195121952,0.0,4.1,UNRESOLVED,9690.246363465389,11
200205,14010020000,ARROZ,ARROZ,2021,278.0,71.0,71.0,1.2797841726618706,0.0,3.915492957746479,UNRESOLVED,9690.246363465389,12
200205,14010020000,ARROZ,ARROZ,2022,48.0,12.0,28.0,1.055,12.0,4.0,UNRESOLVED,9690.246363465389,12
200205,14010020000,ARROZ,ARROZ,2023,188.0,47.0,40.0,2.25,0.0,4.0,UNRESOLVED,9690.246363465389,11
200205,14010070000,MAIZ AMARILLO DURO,MAIZ AMARILLO DURO,2016,499.0,277.0,277.0,1.0160320641282565,24.0,1.8014440433212997,UNRESOLVED,9690.246363465389,12
200205,14010070000,MAIZ AMARILLO DURO,MAIZ AMARILLO DURO,2017,840.0,421.0,433.0,0.9976190476190476,11.0,1.995249406175772,UNRESOLVED,9690.246363465389,12
200205,14010070000,MAIZ AMARILLO DURO,MAIZ AMARILLO DURO,2018,104.0,53.0,42.0,0.9461538461538462,0.0,1.9622641509433962,UNRESOLVED,9690.246363465389,11
200205,14010070000,MAIZ AMARILLO DURO,MAIZ AMARILLO DURO,2019,354.0,177.0,177.0,0.8227118644067797,0.0,2.0,UNRESOLVED,9690.246363465389,12
200205,14010070000,MAIZ AMARILLO DURO,MAIZ AMARILLO DURO,2020,140.0,70.0,70.0,1.0771428571428572,0.0,2.0,UNRESOLVED,9690.246363465389,12
200205,14010070000,MAIZ AMARILLO DURO,MAIZ AMARILLO DURO,2021,304.0,152.0,152.0,1.3907894736842106,0.0,2.0,UNRESOLVED,9690.246363465389,12
200205,14010070000,MAIZ AMARILLO DURO,MAIZ AMARILLO DURO,2022,250.0,125.0,143.0,1.4259999999999997,14.0,2.0,UNRESOLVED,9690.246363465389,11
200205,14010070000,MAIZ AMARILLO DURO,MAIZ AMARILLO DURO,2023,614.0,307.0,295.0,0.9513029315960913,0.0,2.0,UNRESOLVED,9690.246363465389,12
200205,15010040000,PLATANOS Y BANANAS,PLATANOS Y BANANAS PARA COCCI N (M X paradisiaca),2016,475.0,247.0,0.0,0.11852631578947369,247.0,1.9230769230769231,UNRESOLVED,9690.246363465389,12
200205,15010040000,PLATANOS Y BANANAS,PLATANOS Y BANANAS PARA COCCI N (M X paradisiaca),2017,446.0,247.0,0.0,0.16434977578475335,247.0,1.805668016194332,UNRESOLVED,9690.246363465389,12
200205,15010040000,PLATANOS Y BANANAS,PLATANOS Y BANANAS PARA COCCI N (M X paradisiaca),2018,434.0,247.0,0.0,0.10806451612903226,247.0,1.757085020242915,UNRESOLVED,9690.246363465389,12
200205,15010040000,PLATANOS Y BANANAS,PLATANOS Y BANANAS PARA COCCI N (M X paradisiaca),2019,595.0,247.0,0.0,0.13647058823529412,247.0,2.408906882591093,UNRESOLVED,9690.246363465389,12
200205,15010040000,PLATANOS Y BANANAS,PLATANOS Y BANANAS PARA COCCI N (M X paradisiaca),2020,440.0,247.0,0.0,0.19318181818181818,247.0,1.7813765182186234,UNRESOLVED,9690.246363465389,12
200205,15010040000,PLATANOS Y BANANAS,PLATANOS Y BANANAS PARA COCCI N (M X paradisiaca),2021,647.0,247.0,0.0,0.20556414219474498,247.0,2.619433198380567,UNRESOLVED,9690.246363465389,12
200205,15010040000,PLATANOS Y BANANAS,PLATANOS Y BANANAS PARA COCCI N (M X paradisiaca),2022,376.0,247.0,0.0,0.2276595744680851,247.0,1.5222672064777327,UNRESOLVED,9690.246363465389,12
200205,15010040000,PLATANOS Y BANANAS,PLATANOS Y BANANAS PARA COCCI N (M X paradisiaca),2023,501.0,247.0,247.0,0.31562874251497003,494.0,2.02834008097166,UNRESOLVED,9690.246363465389,12
200306,13010170102,LIMON SUTIL,LIMON SUTIL,2016,34.0,10.0,0.0,0.7,10.0,3.4,UNRESOLVED,8853.173695866411,12
200306,13010170102,LIMON SUTIL,LIMON SUTIL,2017,26.0,8.0,0.0,0.9884615384615386,8.0,3.25,UNRESOLVED,8853.173695866411,12
200306,13010170102,LIMON SUTIL,LIMON SUTIL,2018,30.0,8.0,0.0,0.8000000000000002,8.0,3.75,UNRESOLVED,8853.173695866411,12
200306,13010170102,LIMON SUTIL,LIMON SUTIL,2019,36.0,8.0,0.0,0.8000000000000002,8.0,4.5,UNRESOLVED,8853.173695866411,12
200306,13010170102,LIMON SUTIL,LIMON SUTIL,2020,33.0,8.0,0.0,0.8000000000000002,8.0,4.125,UNRESOLVED,8853.173695866411,12
200306,13010170102,LIMON SUTIL,LIMON SUTIL,2021,34.0,8.0,0.0,0.726764705882353,8.0,4.25,UNRESOLVED,8853.173695866411,12
200306,13010170102,LIMON SUTIL,LIMON SUTIL,2022,35.0,8.0,0.0,0.8194285714285714,8.0,4.375,UNRESOLVED,8853.173695866411,12
200306,13010170102,LIMON SUTIL,LIMON SUTIL,2023,36.0,8.0,0.0,0.8216666666666668,8.0,4.5,UNRESOLVED,8853.173695866411,12
200306,13010210000,MANGO,MANGO,2016,248.0,55.0,0.0,0.5,55.0,4.509090909090909,UNRESOLVED,8853.173695866411,12
200306,13010210000,MANGO,MANGO,2017,194.0,51.0,0.0,0.3358247422680412,51.0,3.803921568627451,UNRESOLVED,8853.173695866411,12
200306,13010210000,MANGO,MANGO,2018,51.0,51.0,0.0,0.35,51.0,1.0,UNRESOLVED,8853.173695866411,12
200306,13010210000,MANGO,MANGO,2019,58.0,51.0,0.0,0.6,51.0,1.1372549019607843,UNRESOLVED,8853.173695866411,12
200306,13010210000,MANGO,MANGO,2020,133.0,51.0,51.0,0.8,102.0,2.607843137254902,UNRESOLVED,8853.173695866411,12
200306,13010210000,MANGO,MANGO,2021,162.0,51.0,0.0,0.8545679012345679,102.0,3.176470588235294,UNRESOLVED,8853.173695866411,12
200306,13010210000,MANGO,MANGO,2022,66.0,51.0,0.0,0.9545454545454546,51.0,1.2941176470588236,UNRESOLVED,8853.173695866411,12
200306,13010210000,MANGO,MANGO,2023,42.0,51.0,0.0,1.0285714285714287,51.0,0.8235294117647058,UNRESOLVED,8853.173695866411,12
200306,14010020000,ARROZ,ARROZ,2016,400.0,100.0,100.0,1.5,0.0,4.0,UNRESOLVED,8853.173695866411,6
200306,14010020000,ARROZ,ARROZ,2017,1460.0,292.0,300.0,1.5,0.0,5.0,UNRESOLVED,8853.173695866411,6
200306,14010020000,ARROZ,ARROZ,2018,1485.0,330.0,330.0,1.1,0.0,4.5,UNRESOLVED,8853.173695866411,8
200306,14010020000,ARROZ,ARROZ,2019,1500.0,300.0,300.0,1.0,0.0,5.0,UNRESOLVED,8853.173695866411,5
200306,14010020000,ARROZ,ARROZ,2020,1400.0,280.0,380.0,1.3,100.0,5.0,UNRESOLVED,8853.173695866411,8
200306,14010020000,ARROZ,ARROZ,2021,1950.0,400.0,300.0,1.2,0.0,4.875,UNRESOLVED,8853.173695866411,6
200306,14010020000,ARROZ,ARROZ,2022,1000.0,200.0,200.0,1.865,0.0,5.0,UNRESOLVED,8853.173695866411,7
200306,14010020000,ARROZ,ARROZ,2023,890.0,178.0,200.0,2.0,0.0,5.0,UNRESOLVED,8853.173695866411,8
200306,14010070000,MAIZ AMARILLO DURO,MAIZ AMARILLO DURO,2016,545.0,138.0,138.0,1.2,0.0,3.949275362318841,UNRESOLVED,8853.173695866411,11
200306,14010070000,MAIZ AMARILLO DURO,MAIZ AMARILLO DURO,2017,924.0,221.0,243.0,0.9897186147186147,0.0,4.180995475113122,UNRESOLVED,8853.173695866411,10
200306,14010070000,MAIZ AMARILLO DURO,MAIZ AMARILLO DURO,2018,640.0,160.0,160.0,0.93,0.0,4.0,UNRESOLVED,8853.173695866411,12
200306,14010070000,MAIZ AMARILLO DURO,MAIZ AMARILLO DURO,2019,449.0,113.0,115.0,1.0,2.0,3.9734513274336285,UNRESOLVED,8853.173695866411,6
200306,14010070000,MAIZ AMARILLO DURO,MAIZ AMARILLO DURO,2020,308.0,156.0,273.0,1.0990259740259742,119.0,1.9743589743589745,UNRESOLVED,8853.173695866411,8
200306,14010070000,MAIZ AMARILLO DURO,MAIZ AMARILLO DURO,2021,516.0,380.0,364.0,1.2,103.0,1.3578947368421053,UNRESOLVED,8853.173695866411,6
200306,14010070000,MAIZ AMARILLO DURO,MAIZ AMARILLO DURO,2022,618.0,155.0,54.0,1.8980258899676377,0.0,3.9870967741935486,UNRESOLVED,8853.173695866411,8
200306,14010070000,MAIZ AMARILLO DURO,MAIZ AMARILLO DURO,2023,529.0,133.0,324.0,1.8043478260869565,116.0,3.9774436090225564,UNRESOLVED,8853.173695866411,8
200306,15010040000,PLATANOS Y BANANAS,PLATANOS Y BANANAS PARA COCCI N (M X paradisiaca),2016,1050.0,260.0,0.0,0.2900952380952381,260.0,4.038461538461538,UNRESOLVED,8853.173695866411,12
200306,15010040000,PLATANOS Y BANANAS,PLATANOS Y BANANAS PARA COCCI N (M X paradisiaca),2017,999.0,260.0,0.0,0.3,260.0,3.8423076923076924,UNRESOLVED,8853.173695866411,12
200306,15010040000,PLATANOS Y BANANAS,PLATANOS Y BANANAS PARA COCCI N (M X paradisiaca),2018,1041.0,260.0,0.0,0.3,260.0,4.003846153846154,UNRESOLVED,8853.173695866411,12
200306,15010040000,PLATANOS Y BANANAS,PLATANOS Y BANANAS PARA COCCI N (M X paradisiaca),2019,1076.0,260.0,0.0,0.3055204460966543,260.0,4.138461538461539,UNRESOLVED,8853.173695866411,12
200306,15010040000,PLATANOS Y BANANAS,PLATANOS Y BANANAS PARA COCCI N (M X paradisiaca),2020,1220.0,260.0,0.0,0.3,260.0,4.6923076923076925,UNRESOLVED,8853.173695866411,12
200306,15010040000,PLATANOS Y BANANAS,PLATANOS Y BANANAS PARA COCCI N (M X paradisiaca),2021,1193.0,260.0,0.0,0.3066387259010897,260.0,4.588461538461538,UNRESOLVED,8853.173695866411,12
200306,15010040000,PLATANOS Y BANANAS,PLATANOS Y BANANAS PARA COCCI N (M X paradisiaca),2022,891.0,247.0,0.0,0.3111111111111111,247.0,3.6072874493927127,UNRESOLVED,8853.173695866411,12
200306,15010040000,PLATANOS Y BANANAS,PLATANOS Y BANANAS PARA COCCI N (M X paradisiaca),2023,1083.0,245.0,0.0,0.31634349030470915,245.0,4.420408163265306,UNRESOLVED,8853.173695866411,12
200401,13010170102,LIMON SUTIL,LIMON SUTIL,2016,8720.0,964.0,0.0,0.5485917431192661,964.0,9.04564315352697,UNRESOLVED,24896.226483674018,12
200401,13010170102,LIMON SUTIL,LIMON SUTIL,2017,6696.0,949.0,0.0,0.8216980286738351,949.0,7.055848261327713,UNRESOLVED,24896.226483674018,12
200401,13010170102,LIMON SUTIL,LIMON SUTIL,2018,6944.0,949.0,0.0,0.6397854262672811,949.0,7.317175974710222,UNRESOLVED,24896.226483674018,12
200401,13010170102,LIMON SUTIL,LIMON SUTIL,2019,7090.0,949.0,0.0,0.6416502115655853,949.0,7.471022128556375,UNRESOLVED,24896.226483674018,12
200401,13010170102,LIMON SUTIL,LIMON SUTIL,2020,7516.0,949.0,0.0,0.8141697711548697,949.0,7.919915700737619,UNRESOLVED,24896.226483674018,12
200401,13010170102,LIMON SUTIL,LIMON SUTIL,2021,9405.0,949.0,0.0,0.8369728867623605,949.0,9.910432033719704,UNRESOLVED,24896.226483674018,12
200401,13010170102,LIMON SUTIL,LIMON SUTIL,2022,11132.0,949.0,0.0,1.2978395616241465,949.0,11.730242360379346,UNRESOLVED,24896.226483674018,12
200401,13010170102,LIMON SUTIL,LIMON SUTIL,2023,8419.0,851.0,0.0,1.746807221760304,851.0,9.893066980023502,UNRESOLVED,24896.226483674018,12
200401,13010210000,MANGO,MANGO,2016,45050.0,2791.0,0.0,0.5215249722530522,2791.0,16.141168040128985,UNRESOLVED,24896.226483674018,12
200401,13010210000,MANGO,MANGO,2017,19442.0,2791.0,0.0,0.32252031683983134,2791.0,6.965962020781082,UNRESOLVED,24896.226483674018,12
200401,13010210000,MANGO,MANGO,2018,21556.0,2791.0,0.0,0.5294864538875488,2791.0,7.7233966320315295,UNRESOLVED,24896.226483674018,12
200401,13010210000,MANGO,MANGO,2019,23091.0,2791.0,0.0,0.8567796977177256,2791.0,8.273378717305626,UNRESOLVED,24896.226483674018,12
200401,13010210000,MANGO,MANGO,2020,24828.0,2791.0,0.0,1.2224041404865473,2791.0,8.895736295234682,UNRESOLVED,24896.226483674018,12
200401,13010210000,MANGO,MANGO,2021,39058.0,2791.0,0.0,1.0025756567156536,2791.0,13.994267287710498,UNRESOLVED,24896.226483674018,12
200401,13010210000,MANGO,MANGO,2022,38284.0,2726.0,0.0,1.51,2726.0,14.044020542920029,UNRESOLVED,24896.226483674018,12
200401,13010210000,MANGO,MANGO,2023,19860.0,2726.0,450.0,2.04265609264854,3051.0,7.285399853264857,UNRESOLVED,24896.226483674018,12
200401,14010020000,ARROZ,ARROZ,2016,5400.0,700.0,700.0,1.1055555555555556,0.0,7.714285714285714,UNRESOLVED,24896.226483674018,6
200401,14010020000,ARROZ,ARROZ,2017,7680.0,960.0,960.0,1.2625,0.0,8.0,UNRESOLVED,24896.226483674018,7
200401,14010020000,ARROZ,ARROZ,2018,6480.0,810.0,812.0,1.0,2.0,8.0,UNRESOLVED,24896.226483674018,12
200401,14010020000,ARROZ,ARROZ,2019,6375.0,752.0,750.0,0.9506666666666667,0.0,8.477393617021276,UNRESOLVED,24896.226483674018,7
200401,14010020000,ARROZ,ARROZ,2020,1680.0,210.0,210.0,1.292857142857143,0.0,8.0,UNRESOLVED,24896.226483674018,6
200401,14010020000,ARROZ,ARROZ,2021,2936.0,356.0,356.0,1.2,0.0,8.247191011235955,UNRESOLVED,24896.226483674018,7
200401,14010020000,ARROZ,ARROZ,2022,2350.0,295.0,295.0,1.51,0.0,7.966101694915254,UNRESOLVED,24896.226483674018,7
200401,14010020000,ARROZ,ARROZ,2023,1856.0,232.0,285.0,1.307758620689655,0.0,8.0,UNRESOLVED,24896.226483674018,6
200401,14010070000,MAIZ AMARILLO DURO,MAIZ AMARILLO DURO,2016,7354.0,1494.0,1471.0,0.9745920587435409,2.0,4.92235609103079,UNRESOLVED,24896.226483674018,12
200401,14010070000,MAIZ AMARILLO DURO,MAIZ AMARILLO DURO,2017,8115.0,1637.0,1635.0,0.8611829944547135,0.0,4.957238851557728,UNRESOLVED,24896.226483674018,11
200401,14010070000,MAIZ AMARILLO DURO,MAIZ AMARILLO DURO,2018,2100.0,455.0,525.0,0.8,70.0,4.615384615384615,UNRESOLVED,24896.226483674018,12
200401,14010070000,MAIZ AMARILLO DURO,MAIZ AMARILLO DURO,2019,5417.0,1085.0,1085.0,0.7513937603839764,0.0,4.992626728110599,UNRESOLVED,24896.226483674018,12
200401,14010070000,MAIZ AMARILLO DURO,MAIZ AMARILLO DURO,2020,242.0,50.0,50.0,1.0396694214876034,0.0,4.84,UNRESOLVED,24896.226483674018,10
200401,14010070000,MAIZ AMARILLO DURO,MAIZ AMARILLO DURO,2021,2626.0,523.0,1070.0,1.2518849961919267,0.0,5.0210325047801145,UNRESOLVED,24896.226483674018,11
200401,14010070000,MAIZ AMARILLO DURO,MAIZ AMARILLO DURO,2022,1146.0,228.0,228.0,1.3595462478184992,0.0,5.026315789473684,UNRESOLVED,24896.226483674018,12
200401,14010070000,MAIZ AMARILLO DURO,MAIZ AMARILLO DURO,2023,2397.0,461.0,860.0,1.7019524405506883,0.0,5.199566160520607,UNRESOLVED,24896.226483674018,9
200401,15010040000,PLATANOS Y BANANAS,PLATANOS Y BANANAS PARA COCCI N (M X paradisiaca),2016,9552.0,340.0,0.0,0.8542964824120602,340.0,28.094117647058823,UNRESOLVED,24896.226483674018,12
200401,15010040000,PLATANOS Y BANANAS,PLATANOS Y BANANAS PARA COCCI N (M X paradisiaca),2017,6638.0,260.0,0.0,0.8780144621874059,260.0,25.53076923076923,UNRESOLVED,24896.226483674018,12
200401,15010040000,PLATANOS Y BANANAS,PLATANOS Y BANANAS PARA COCCI N (M X paradisiaca),2018,6674.0,260.0,17.0,0.7511657177105184,277.0,25.66923076923077,UNRESOLVED,24896.226483674018,12
200401,15010040000,PLATANOS Y BANANAS,PLATANOS Y BANANAS PARA COCCI N (M X paradisiaca),2019,7314.0,277.0,0.0,0.8250341810226962,277.0,26.404332129963898,UNRESOLVED,24896.226483674018,12
200401,15010040000,PLATANOS Y BANANAS,PLATANOS Y BANANAS PARA COCCI N (M X paradisiaca),2020,6694.0,277.0,20.0,0.8347983268598745,297.0,24.166064981949457,UNRESOLVED,24896.226483674018,12
200401,15010040000,PLATANOS Y BANANAS,PLATANOS Y BANANAS PARA COCCI N (M X paradisiaca),2021,7446.0,297.0,0.0,0.8939820037604083,297.0,25.07070707070707,UNRESOLVED,24896.226483674018,12
200401,15010040000,PLATANOS Y BANANAS,PLATANOS Y BANANAS PARA COCCI N (M X paradisiaca),2022,6006.0,277.0,0.0,1.398814518814519,297.0,21.68231046931408,UNRESOLVED,24896.226483674018,12
200401,15010040000,PLATANOS Y BANANAS,PLATANOS Y BANANAS PARA COCCI N (M X paradisiaca),2023,5327.0,246.0,0.0,1.7762267692885303,246.0,21.65447154471545,UNRESOLVED,24896.226483674018,12
200405,13010170102,LIMON SUTIL,LIMON SUTIL,2016,300.0,25.0,0.0,0.8916666666666667,25.0,12.0,UNRESOLVED,4891.528919986613,12
200405,13010170102,LIMON SUTIL,LIMON SUTIL,2017,176.0,25.0,0.0,1.1761363636363635,25.0,7.04,UNRESOLVED,4891.528919986613,12
200405,13010170102,LIMON SUTIL,LIMON SUTIL,2018,240.0,25.0,0.0,1.06875,25.0,9.6,UNRESOLVED,4891.528919986613,12
200405,13010170102,LIMON SUTIL,LIMON SUTIL,2019,283.0,25.0,0.0,0.9872791519434628,25.0,11.32,UNRESOLVED,4891.528919986613,12
200405,13010170102,LIMON SUTIL,LIMON SUTIL,2020,297.0,25.0,0.0,0.9942760942760943,25.0,11.88,UNRESOLVED,4891.528919986613,12
200405,13010170102,LIMON SUTIL,LIMON SUTIL,2021,262.0,25.0,0.0,1.0914503816793895,25.0,10.48,UNRESOLVED,4891.528919986613,12
200405,13010170102,LIMON SUTIL,LIMON SUTIL,2022,255.0,25.0,0.0,1.1698823529411764,25.0,10.2,UNRESOLVED,4891.528919986613,12
200405,13010170102,LIMON SUTIL,LIMON SUTIL,2023,216.0,25.0,0.0,1.933240740740741,25.0,8.64,UNRESOLVED,4891.528919986613,12
200405,13010210000,MANGO,MANGO,2016,585.0,39.0,0.0,0.8200000000000001,39.0,15.0,UNRESOLVED,4891.528919986613,12
200405,13010210000,MANGO,MANGO,2017,418.0,39.0,0.0,1.206842105263158,39.0,10.717948717948717,UNRESOLVED,4891.528919986613,12
200405,13010210000,MANGO,MANGO,2018,549.0,39.0,0.0,0.61591985428051,39.0,14.076923076923077,UNRESOLVED,4891.528919986613,12
200405,13010210000,MANGO,MANGO,2019,517.0,39.0,0.0,0.8711798839458413,39.0,13.256410256410257,UNRESOLVED,4891.528919986613,12
200405,13010210000,MANGO,MANGO,2020,663.0,39.0,0.0,1.3879336349924587,39.0,17.0,UNRESOLVED,4891.528919986613,12
200405,13010210000,MANGO,MANGO,2021,578.0,39.0,0.0,0.9978373702422145,39.0,14.820512820512821,UNRESOLVED,4891.528919986613,12
200405,13010210000,MANGO,MANGO,2022,476.0,39.0,0.0,1.2084453781512605,39.0,12.205128205128204,UNRESOLVED,4891.528919986613,12
200405,13010210000,MANGO,MANGO,2023,468.0,39.0,0.0,2.006666666666667,39.0,12.0,UNRESOLVED,4891.528919986613,12
200405,14010020000,ARROZ,ARROZ,2016,8000.0,1000.0,1000.0,1.025,0.0,8.0,UNRESOLVED,4891.528919986613,7
200405,14010020000,ARROZ,ARROZ,2017,8000.0,1000.0,1000.0,1.1075,0.0,8.0,UNRESOLVED,4891.528919986613,7
200405,14010020000,ARROZ,ARROZ,2018,7176.0,1000.0,1002.0,1.0,2.0,7.176,UNRESOLVED,4891.528919986613,11
200405,14010020000,ARROZ,ARROZ,2019,8000.0,1002.0,1000.0,0.962,0.0,7.984031936127744,UNRESOLVED,4891.528919986613,7
200405,14010020000,ARROZ,ARROZ,2020,8032.0,1000.0,1000.0,1.2497211155378487,0.0,8.032,UNRESOLVED,4891.528919986613,7
200405,14010020000,ARROZ,ARROZ,2021,8795.0,1050.0,1050.0,1.1499999999999997,0.0,8.376190476190477,UNRESOLVED,4891.528919986613,7
200405,14010020000,ARROZ,ARROZ,2022,6905.0,920.0,930.0,1.413222302679218,0.0,7.505434782608695,UNRESOLVED,4891.528919986613,6
200405,14010020000,ARROZ,ARROZ,2023,4960.0,760.0,800.0,1.3165322580645162,0.0,6.526315789473684,UNRESOLVED,4891.528919986613,7
200405,14010070000,MAIZ AMARILLO DURO,MAIZ AMARILLO DURO,2016,1700.0,340.0,320.0,0.9029411764705882,0.0,5.0,UNRESOLVED,4891.528919986613,11
200405,14010070000,MAIZ AMARILLO DURO,MAIZ AMARILLO DURO,2017,800.0,200.0,200.0,1.0,0.0,4.0,UNRESOLVED,4891.528919986613,5
200405,14010070000,MAIZ AMARILLO DURO,MAIZ AMARILLO DURO,2018,500.0,100.0,106.0,1.0,6.0,5.0,UNRESOLVED,4891.528919986613,10
200405,14010070000,MAIZ AMARILLO DURO,MAIZ AMARILLO DURO,2019,1530.0,306.0,305.0,0.8,5.0,5.0,UNRESOLVED,4891.528919986613,12
200405,14010070000,MAIZ AMARILLO DURO,MAIZ AMARILLO DURO,2020,475.0,95.0,90.0,1.0,0.0,5.0,UNRESOLVED,4891.528919986613,6
200405,14010070000,MAIZ AMARILLO DURO,MAIZ AMARILLO DURO,2021,510.0,85.0,150.0,1.0,65.0,6.0,UNRESOLVED,4891.528919986613,12
200405,14010070000,MAIZ AMARILLO DURO,MAIZ AMARILLO DURO,2022,188.0,33.0,35.0,1.202659574468085,0.0,5.696969696969697,UNRESOLVED,4891.528919986613,12
200405,14010070000,MAIZ AMARILLO DURO,MAIZ AMARILLO DURO,2023,400.0,80.0,130.0,1.7,0.0,5.0,UNRESOLVED,4891.528919986613,5
200405,15010040000,PLATANOS Y BANANAS,PLATANOS Y BANANAS PARA COCCI N (M X paradisiaca),2016,3420.0,200.0,0.0,0.7862573099415204,200.0,17.1,UNRESOLVED,4891.528919986613,12
200405,15010040000,PLATANOS Y BANANAS,PLATANOS Y BANANAS PARA COCCI N (M X paradisiaca),2017,2739.0,200.0,0.0,0.9810295728368017,200.0,13.695,UNRESOLVED,4891.528919986613,12
200405,15010040000,PLATANOS Y BANANAS,PLATANOS Y BANANAS PARA COCCI N (M X paradisiaca),2018,3701.0,78.0,30.0,1.0314914887868145,230.0,47.44871794871795,UNRESOLVED,4891.528919986613,12
200405,15010040000,PLATANOS Y BANANAS,PLATANOS Y BANANAS PARA COCCI N (M X paradisiaca),2019,4357.0,230.0,0.0,1.4885815928391095,230.0,18.943478260869565,UNRESOLVED,4891.528919986613,12
200405,15010040000,PLATANOS Y BANANAS,PLATANOS Y BANANAS PARA COCCI N (M X paradisiaca),2020,4584.0,230.0,0.0,1.5614419720767887,230.0,19.930434782608696,UNRESOLVED,4891.528919986613,12
200405,15010040000,PLATANOS Y BANANAS,PLATANOS Y BANANAS PARA COCCI N (M X paradisiaca),2021,5159.0,230.0,0.0,1.4779046326807521,230.0,22.430434782608696,UNRESOLVED,4891.528919986613,12
200405,15010040000,PLATANOS Y BANANAS,PLATANOS Y BANANAS PARA COCCI N (M X paradisiaca),2022,4961.0,228.0,2.0,1.8617556944164484,230.0,21.75877192982456,UNRESOLVED,4891.528919986613,12
200405,15010040000,PLATANOS Y BANANAS,PLATANOS Y BANANAS PARA COCCI N (M X paradisiaca),2023,5213.0,198.0,8.0,2.2240399002493767,198.0,26.328282828282827,UNRESOLVED,4891.528919986613,12
200406,13010170102,LIMON SUTIL,LIMON SUTIL,2016,2085.0,188.0,0.0,0.6484412470023981,188.0,11.090425531914894,UNRESOLVED,3977.04111461619,12
200406,13010170102,LIMON SUTIL,LIMON SUTIL,2017,1319.0,188.0,0.0,0.8295451099317666,188.0,7.01595744680851,UNRESOLVED,3977.04111461619,12
200406,13010170102,LIMON SUTIL,LIMON SUTIL,2018,1346.0,188.0,0.0,0.697741456166419,188.0,7.159574468085107,UNRESOLVED,3977.04111461619,12
200406,13010170102,LIMON SUTIL,LIMON SUTIL,2019,1393.0,188.0,0.0,0.7281765972720746,188.0,7.409574468085107,UNRESOLVED,3977.04111461619,12
200406,13010170102,LIMON SUTIL,LIMON SUTIL,2020,1467.0,188.0,0.0,0.9196659850034083,188.0,7.803191489361702,UNRESOLVED,3977.04111461619,12
200406,13010170102,LIMON SUTIL,LIMON SUTIL,2021,517.0,188.0,0.0,1.1906769825918762,188.0,2.75,UNRESOLVED,3977.04111461619,12
200406,13010170102,LIMON SUTIL,LIMON SUTIL,2022,2052.0,188.0,0.0,1.283001949317739,188.0,10.914893617021276,UNRESOLVED,3977.04111461619,12
200406,13010170102,LIMON SUTIL,LIMON SUTIL,2023,1361.0,188.0,0.0,1.878119030124908,188.0,7.23936170212766,UNRESOLVED,3977.04111461619,12
200406,13010210000,MANGO,MANGO,2016,1039.0,224.0,33.0,0.5993262752646776,224.0,4.638392857142857,UNRESOLVED,3977.04111461619,12
200406,13010210000,MANGO,MANGO,2017,1549.0,224.0,0.0,0.5106778566817302,224.0,6.915178571428571,UNRESOLVED,3977.04111461619,12
200406,13010210000,MANGO,MANGO,2018,798.0,224.0,0.0,0.48214285714285715,224.0,3.5625,UNRESOLVED,3977.04111461619,12
200406,13010210000,MANGO,MANGO,2019,875.0,224.0,0.0,1.2938285714285713,224.0,3.90625,UNRESOLVED,3977.04111461619,12
200406,13010210000,MANGO,MANGO,2020,1157.0,224.0,0.0,1.7626620570440796,224.0,5.165178571428571,UNRESOLVED,3977.04111461619,12
200406,13010210000,MANGO,MANGO,2021,3260.0,224.0,0.0,1.1211901840490797,224.0,14.553571428571429,UNRESOLVED,3977.04111461619,12
200406,13010210000,MANGO,MANGO,2022,3123.0,224.0,0.0,1.06283381364073,224.0,13.941964285714286,UNRESOLVED,3977.04111461619,12
200406,13010210000,MANGO,MANGO,2023,1307.0,224.0,0.0,1.7911247130833972,224.0,5.834821428571429,UNRESOLVED,3977.04111461619,12
200406,14010020000,ARROZ,ARROZ,2016,780.0,120.0,120.0,1.1,0.0,6.5,UNRESOLVED,3977.04111461619,6
200406,14010020000,ARROZ,ARROZ,2017,160.0,22.0,25.0,1.5665,0.0,7.2727272727272725,UNRESOLVED,3977.04111461619,6
200406,14010020000,ARROZ,ARROZ,2018,875.0,110.0,110.0,1.0,0.0,7.954545454545454,UNRESOLVED,3977.04111461619,7
200406,14010020000,ARROZ,ARROZ,2019,705.0,120.0,120.0,0.95,0.0,5.875,UNRESOLVED,3977.04111461619,6
200406,14010020000,ARROZ,ARROZ,2020,280.0,40.0,40.0,1.2,0.0,7.0,UNRESOLVED,3977.04111461619,5
200406,14010020000,ARROZ,ARROZ,2021,480.0,80.0,80.0,1.15,0.0,6.0,UNRESOLVED,3977.04111461619,6
200406,14010020000,ARROZ,ARROZ,2022,1200.0,150.0,150.0,1.4446666666666665,0.0,8.0,UNRESOLVED,3977.04111461619,7
200406,14010020000,ARROZ,ARROZ,2023,786.0,150.0,150.0,1.384732824427481,0.0,5.24,UNRESOLVED,3977.04111461619,7
200406,14010070000,MAIZ AMARILLO DURO,MAIZ AMARILLO DURO,2016,1215.0,230.0,150.0,1.1049382716049383,6.0,5.282608695652174,UNRESOLVED,3977.04111461619,12
200406,14010070000,MAIZ AMARILLO DURO,MAIZ AMARILLO DURO,2017,505.0,95.0,115.0,0.9358811881188119,0.0,5.315789473684211,UNRESOLVED,3977.04111461619,11
200406,14010070000,MAIZ AMARILLO DURO,MAIZ AMARILLO DURO,2018,440.0,110.0,110.0,0.8,0.0,4.0,UNRESOLVED,3977.04111461619,7
200406,14010070000,MAIZ AMARILLO DURO,MAIZ AMARILLO DURO,2019,1320.0,220.0,220.0,0.9090909090909091,0.0,6.0,UNRESOLVED,3977.04111461619,6
200406,14010070000,MAIZ AMARILLO DURO,MAIZ AMARILLO DURO,2020,650.0,110.0,110.0,1.0184615384615385,0.0,5.909090909090909,UNRESOLVED,3977.04111461619,7
200406,14010070000,MAIZ AMARILLO DURO,MAIZ AMARILLO DURO,2021,91.0,22.0,60.0,1.2914285714285716,38.0,4.136363636363637,UNRESOLVED,3977.04111461619,12
200406,14010070000,MAIZ AMARILLO DURO,MAIZ AMARILLO DURO,2022,1156.0,210.0,210.0,1.4842820069204152,0.0,5.504761904761905,UNRESOLVED,3977.04111461619,11
200406,14010070000,MAIZ AMARILLO DURO,MAIZ AMARILLO DURO,2023,1075.0,215.0,318.0,1.7,98.0,5.0,UNRESOLVED,3977.04111461619,9
200406,15010040000,PLATANOS Y BANANAS,PLATANOS Y BANANAS PARA COCCI N (M X paradisiaca),2016,3340.0,182.0,0.0,0.7014071856287425,182.0,18.35164835164835,UNRESOLVED,3977.04111461619,12
200406,15010040000,PLATANOS Y BANANAS,PLATANOS Y BANANAS PARA COCCI N (M X paradisiaca),2017,3342.0,182.0,0.0,0.8161340514661879,182.0,18.36263736263736,UNRESOLVED,3977.04111461619,12
200406,15010040000,PLATANOS Y BANANAS,PLATANOS Y BANANAS PARA COCCI N (M X paradisiaca),2018,3211.0,182.0,0.0,0.9019588913111181,182.0,17.642857142857142,UNRESOLVED,3977.04111461619,12
200406,15010040000,PLATANOS Y BANANAS,PLATANOS Y BANANAS PARA COCCI N (M X paradisiaca),2019,3204.0,182.0,0.0,0.7291666666666666,182.0,17.604395604395606,UNRESOLVED,3977.04111461619,12
200406,15010040000,PLATANOS Y BANANAS,PLATANOS Y BANANAS PARA COCCI N (M X paradisiaca),2020,2988.0,182.0,0.0,0.8128915662650603,182.0,16.417582417582416,UNRESOLVED,3977.04111461619,12
200406,15010040000,PLATANOS Y BANANAS,PLATANOS Y BANANAS PARA COCCI N (M X paradisiaca),2021,3372.0,182.0,0.0,0.9140628706998813,182.0,18.52747252747253,UNRESOLVED,3977.04111461619,12
200406,15010040000,PLATANOS Y BANANAS,PLATANOS Y BANANAS PARA COCCI N (M X paradisiaca),2022,3726.0,182.0,0.0,1.4331937734836286,182.0,20.47252747252747,UNRESOLVED,3977.04111461619,12
200406,15010040000,PLATANOS Y BANANAS,PLATANOS Y BANANAS PARA COCCI N (M X paradisiaca),2023,1950.0,172.0,0.0,2.1844,172.0,11.337209302325581,UNRESOLVED,3977.04111461619,12
200407,13010170102,LIMON SUTIL,LIMON SUTIL,2016,925.0,80.0,0.0,0.6563243243243243,80.0,11.5625,UNRESOLVED,5083.874103909642,12
200407,13010170102,LIMON SUTIL,LIMON SUTIL,2017,589.0,80.0,0.0,0.8285568760611205,80.0,7.3625,UNRESOLVED,5083.874103909642,12
200407,13010170102,LIMON SUTIL,LIMON SUTIL,2018,621.0,80.0,0.0,0.7546537842190015,80.0,7.7625,UNRESOLVED,5083.874103909642,12
200407,13010170102,LIMON SUTIL,LIMON SUTIL,2019,560.0,80.0,4.0,0.7458035714285713,84.0,7.0,UNRESOLVED,5083.874103909642,12
200407,13010170102,LIMON SUTIL,LIMON SUTIL,2020,581.0,80.0,0.0,0.9517211703958692,84.0,7.2625,UNRESOLVED,5083.874103909642,12
200407,13010170102,LIMON SUTIL,LIMON SUTIL,2021,785.0,80.0,0.0,1.017171974522293,84.0,9.8125,UNRESOLVED,5083.874103909642,12
200407,13010170102,LIMON SUTIL,LIMON SUTIL,2022,911.0,80.0,0.0,1.2977716794731065,84.0,11.3875,UNRESOLVED,5083.874103909642,12
200407,13010170102,LIMON SUTIL,LIMON SUTIL,2023,571.0,78.0,0.0,1.7208231173380035,82.0,7.32051282051282,UNRESOLVED,5083.874103909642,12
200407,13010210000,MANGO,MANGO,2016,760.0,168.0,0.0,0.6018421052631578,168.0,4.523809523809524,UNRESOLVED,5083.874103909642,12
200407,13010210000,MANGO,MANGO,2017,1153.0,168.0,0.0,0.44949696444058973,168.0,6.863095238095238,UNRESOLVED,5083.874103909642,12
200407,13010210000,MANGO,MANGO,2018,255.0,168.0,0.0,0.5476862745098039,168.0,1.5178571428571428,UNRESOLVED,5083.874103909642,12
200407,13010210000,MANGO,MANGO,2019,378.0,168.0,0.0,0.8835978835978836,168.0,2.25,UNRESOLVED,5083.874103909642,12
200407,13010210000,MANGO,MANGO,2020,925.0,168.0,0.0,1.8132432432432433,168.0,5.505952380952381,UNRESOLVED,5083.874103909642,12
200407,13010210000,MANGO,MANGO,2021,1348.0,168.0,0.0,1.066127596439169,168.0,8.023809523809524,UNRESOLVED,5083.874103909642,12
200407,13010210000,MANGO,MANGO,2022,2323.0,168.0,0.0,1.0456693930262593,168.0,13.827380952380953,UNRESOLVED,5083.874103909642,12
200407,13010210000,MANGO,MANGO,2023,1272.0,168.0,0.0,2.069182389937107,208.0,7.571428571428571,UNRESOLVED,5083.874103909642,12
200407,14010020000,ARROZ,ARROZ,2016,6772.0,1062.0,1068.0,1.0739958653278205,0.0,6.376647834274953,UNRESOLVED,5083.874103909642,7
200407,14010020000,ARROZ,ARROZ,2017,5058.0,670.0,750.0,1.6351008303677343,0.0,7.549253731343284,UNRESOLVED,5083.874103909642,6
200407,14010020000,ARROZ,ARROZ,2018,8400.0,1050.0,1050.0,1.0,0.0,8.0,UNRESOLVED,5083.874103909642,7
200407,14010020000,ARROZ,ARROZ,2019,7360.0,1100.0,1100.0,0.95,0.0,6.6909090909090905,UNRESOLVED,5083.874103909642,6
200407,14010020000,ARROZ,ARROZ,2020,6650.0,950.0,950.0,1.211578947368421,0.0,7.0,UNRESOLVED,5083.874103909642,7
200407,14010020000,ARROZ,ARROZ,2021,6165.0,850.0,890.0,1.15,40.0,7.252941176470588,UNRESOLVED,5083.874103909642,12
200407,14010020000,ARROZ,ARROZ,2022,8080.0,1010.0,1010.0,1.436138613861386,0.0,8.0,UNRESOLVED,5083.874103909642,7
200407,14010020000,ARROZ,ARROZ,2023,6355.0,1180.0,1210.0,1.3247049567269866,0.0,5.385593220338983,UNRESOLVED,5083.874103909642,11
200407,14010070000,MAIZ AMARILLO DURO,MAIZ AMARILLO DURO,2016,900.0,200.0,200.0,1.0,0.0,4.5,UNRESOLVED,5083.874103909642,6
200407,14010070000,MAIZ AMARILLO DURO,MAIZ AMARILLO DURO,2017,1969.0,460.0,460.0,0.86,0.0,4.280434782608696,UNRESOLVED,5083.874103909642,10
200407,14010070000,MAIZ AMARILLO DURO,MAIZ AMARILLO DURO,2018,480.0,120.0,120.0,0.8,0.0,4.0,UNRESOLVED,5083.874103909642,6
200407,14010070000,MAIZ AMARILLO DURO,MAIZ AMARILLO DURO,2019,860.0,150.0,150.0,0.8255813953488372,0.0,5.733333333333333,UNRESOLVED,5083.874103909642,6
200407,14010070000,MAIZ AMARILLO DURO,MAIZ AMARILLO DURO,2020,389.0,70.0,70.0,1.0,0.0,5.557142857142857,UNRESOLVED,5083.874103909642,5
200407,14010070000,MAIZ AMARILLO DURO,MAIZ AMARILLO DURO,2021,155.0,40.0,55.0,1.350967741935484,15.0,3.875,UNRESOLVED,5083.874103909642,12
200407,14010070000,MAIZ AMARILLO DURO,MAIZ AMARILLO DURO,2022,963.0,175.0,175.0,1.51,15.0,5.502857142857143,UNRESOLVED,5083.874103909642,12
200407,14010070000,MAIZ AMARILLO DURO,MAIZ AMARILLO DURO,2023,922.0,162.0,180.0,1.7219088937093274,15.0,5.691358024691358,UNRESOLVED,5083.874103909642,9
200407,15010040000,PLATANOS Y BANANAS,PLATANOS Y BANANAS PARA COCCI N (M X paradisiaca),2016,1284.0,78.0,17.0,0.5448909657320872,78.0,16.46153846153846,UNRESOLVED,5083.874103909642,12
200407,15010040000,PLATANOS Y BANANAS,PLATANOS Y BANANAS PARA COCCI N (M X paradisiaca),2017,1152.0,78.0,0.0,0.7598958333333334,78.0,14.76923076923077,UNRESOLVED,5083.874103909642,12
200407,15010040000,PLATANOS Y BANANAS,PLATANOS Y BANANAS PARA COCCI N (M X paradisiaca),2018,982.0,78.0,0.0,0.930040733197556,78.0,12.58974358974359,UNRESOLVED,5083.874103909642,12
200407,15010040000,PLATANOS Y BANANAS,PLATANOS Y BANANAS PARA COCCI N (M X paradisiaca),2019,1128.0,78.0,0.0,0.7257978723404256,78.0,14.461538461538462,UNRESOLVED,5083.874103909642,12
200407,15010040000,PLATANOS Y BANANAS,PLATANOS Y BANANAS PARA COCCI N (M X paradisiaca),2020,1064.0,78.0,0.0,0.8587875939849624,78.0,13.64102564102564,UNRESOLVED,5083.874103909642,12
200407,15010040000,PLATANOS Y BANANAS,PLATANOS Y BANANAS PARA COCCI N (M X paradisiaca),2021,1035.0,78.0,0.0,0.897913043478261,78.0,13.26923076923077,UNRESOLVED,5083.874103909642,12
200407,15010040000,PLATANOS Y BANANAS,PLATANOS Y BANANAS PARA COCCI N (M X paradisiaca),2022,1089.0,78.0,0.0,1.2756290174471994,78.0,13.961538461538462,UNRESOLVED,5083.874103909642,12
200407,15010040000,PLATANOS Y BANANAS,PLATANOS Y BANANAS PARA COCCI N (M X paradisiaca),2023,700.0,69.0,0.0,2.112414285714286,69.0,10.144927536231885,UNRESOLVED,5083.874103909642,12
200601,13010170102,LIMON SUTIL,LIMON SUTIL,2016,52477.0,4025.0,0.0,0.9228625874192503,4025.0,13.03776397515528,UNRESOLVED,27809.72705032906,12
200601,13010170102,LIMON SUTIL,LIMON SUTIL,2017,28619.0,4025.0,0.0,1.447604738111045,4025.0,7.110310559006211,UNRESOLVED,27809.72705032906,12
200601,13010170102,LIMON SUTIL,LIMON SUTIL,2018,70217.0,4025.0,0.0,0.6697551874902089,4025.0,17.445217391304347,UNRESOLVED,27809.72705032906,12
200601,13010170102,LIMON SUTIL,LIMON SUTIL,2019,72223.0,4025.0,201.0,0.6914819378868228,4226.0,17.94360248447205,UNRESOLVED,27809.72705032906,12
200601,13010170102,LIMON SUTIL,LIMON SUTIL,2020,56892.0,4025.0,0.0,0.8067426000140617,4226.0,14.134658385093168,UNRESOLVED,27809.72705032906,12
200601,13010170102,LIMON SUTIL,LIMON SUTIL,2021,70490.0,4025.0,195.0,1.0342176195204993,4421.0,17.51304347826087,UNRESOLVED,27809.72705032906,12
200601,13010170102,LIMON SUTIL,LIMON SUTIL,2022,104756.0,4025.0,0.0,1.3132750391385697,4421.0,26.02633540372671,UNRESOLVED,27809.72705032906,12
200601,13010170102,LIMON SUTIL,LIMON SUTIL,2023,56830.0,3342.0,0.0,2.2840330811191274,3738.0,17.004787552363855,UNRESOLVED,27809.72705032906,12
200601,13010210000,MANGO,MANGO,2016,6733.0,457.0,0.0,0.9740828753898708,457.0,14.733041575492342,UNRESOLVED,27809.72705032906,12
200601,13010210000,MANGO,MANGO,2017,3342.0,457.0,0.0,0.5718132854578097,457.0,7.312910284463895,UNRESOLVED,27809.72705032906,12
200601,13010210000,MANGO,MANGO,2018,8459.0,457.0,0.0,0.7166095283130394,457.0,18.50984682713348,UNRESOLVED,27809.72705032906,12
200601,13010210000,MANGO,MANGO,2019,2658.0,457.0,0.0,0.8194130925507901,457.0,5.816192560175055,UNRESOLVED,27809.72705032906,12
200601,13010210000,MANGO,MANGO,2020,2720.0,457.0,0.0,2.8970588235294117,457.0,5.951859956236324,UNRESOLVED,27809.72705032906,12
200601,13010210000,MANGO,MANGO,2021,3730.0,457.0,0.0,1.0,457.0,8.161925601750546,UNRESOLVED,27809.72705032906,12
200601,13010210000,MANGO,MANGO,2022,4200.0,430.0,0.0,1.1239999999999999,430.0,9.767441860465116,UNRESOLVED,27809.72705032906,12
200601,13010210000,MANGO,MANGO,2023,6020.0,430.0,0.0,1.0,428.0,14.0,UNRESOLVED,27809.72705032906,12
200601,14010020000,ARROZ,ARROZ,2016,43056.0,4490.0,3190.0,1.312815867707172,91.0,9.589309576837417,UNRESOLVED,27809.72705032906,12
200601,14010020000,ARROZ,ARROZ,2017,20798.0,2766.0,3275.0,1.2365323588806616,600.0,7.5191612436731745,UNRESOLVED,27809.72705032906,12
200601,14010020000,ARROZ,ARROZ,2018,33885.0,3765.0,3225.0,1.0472775564409031,60.0,9.0,UNRESOLVED,27809.72705032906,12
200601,14010020000,ARROZ,ARROZ,2019,23850.0,2650.0,3250.0,1.0626415094339623,600.0,9.0,UNRESOLVED,27809.72705032906,12
200601,14010020000,ARROZ,ARROZ,2020,30400.0,3300.0,3200.0,1.2907894736842105,500.0,9.212121212121213,UNRESOLVED,27809.72705032906,12
200601,14010020000,ARROZ,ARROZ,2021,35100.0,3500.0,3000.0,1.2872079772079772,0.0,10.028571428571428,UNRESOLVED,27809.72705032906,12
200601,14010020000,ARROZ,ARROZ,2022,28600.0,2600.0,3250.0,1.41,650.0,11.0,UNRESOLVED,27809.72705032906,11
200601,14010020000,ARROZ,ARROZ,2023,39850.0,3900.0,3350.0,1.6076411543287328,0.0,10.217948717948717,UNRESOLVED,27809.72705032906,12
200601,14010070000,MAIZ AMARILLO DURO,MAIZ AMARILLO DURO,2016,320.0,60.0,20.0,1.140625,5.0,5.333333333333333,UNRESOLVED,27809.72705032906,7
200601,14010070000,MAIZ AMARILLO DURO,MAIZ AMARILLO DURO,2017,420.0,70.0,85.0,1.4071428571428573,20.0,6.0,UNRESOLVED,27809.72705032906,11
200601,14010070000,MAIZ AMARILLO DURO,MAIZ AMARILLO DURO,2018,390.0,65.0,45.0,1.4076923076923078,0.0,6.0,UNRESOLVED,27809.72705032906,11
200601,14010070000,MAIZ AMARILLO DURO,MAIZ AMARILLO DURO,2019,264.0,44.0,94.0,1.5,50.0,6.0,UNRESOLVED,27809.72705032906,9
200601,14010070000,MAIZ AMARILLO DURO,MAIZ AMARILLO DURO,2020,652.0,70.0,38.0,1.2892638036809816,18.0,9.314285714285715,UNRESOLVED,27809.72705032906,12
200601,14010070000,MAIZ AMARILLO DURO,MAIZ AMARILLO DURO,2021,435.0,75.0,122.0,1.4537931034482758,65.0,5.8,UNRESOLVED,27809.72705032906,12
200601,14010070000,MAIZ AMARILLO DURO,MAIZ AMARILLO DURO,2022,822.0,137.0,150.0,1.5107299270072991,78.0,6.0,UNRESOLVED,27809.72705032906,12
200601,14010070000,MAIZ AMARILLO DURO,MAIZ AMARILLO DURO,2023,586.0,100.0,60.0,1.6477815699658704,18.0,5.86,UNRESOLVED,27809.72705032906,12
200601,15010040000,PLATANOS Y BANANAS,PLATANOS Y BANANAS PARA COCCI N (M X paradisiaca),2016,43439.0,1607.0,70.0,0.7475717673058773,1607.0,27.031113876789046,UNRESOLVED,27809.72705032906,12
200601,15010040000,PLATANOS Y BANANAS,PLATANOS Y BANANAS PARA COCCI N (M X paradisiaca),2017,27829.0,1607.0,0.0,0.7903920370836178,1607.0,17.31736154324829,UNRESOLVED,27809.72705032906,12
200601,15010040000,PLATANOS Y BANANAS,PLATANOS Y BANANAS PARA COCCI N (M X paradisiaca),2018,46565.0,1607.0,0.0,0.7229790615268978,1607.0,28.976353453640325,UNRESOLVED,27809.72705032906,12
200601,15010040000,PLATANOS Y BANANAS,PLATANOS Y BANANAS PARA COCCI N (M X paradisiaca),2019,56811.0,1607.0,0.0,0.75,1607.0,35.35220908525202,UNRESOLVED,27809.72705032906,12
200601,15010040000,PLATANOS Y BANANAS,PLATANOS Y BANANAS PARA COCCI N (M X paradisiaca),2020,55565.0,1607.0,0.0,0.691783496805543,1607.0,34.57685127566895,UNRESOLVED,27809.72705032906,12
200601,15010040000,PLATANOS Y BANANAS,PLATANOS Y BANANAS PARA COCCI N (M X paradisiaca),2021,48477.0,1607.0,0.0,0.8795723745281268,1607.0,30.166148102053516,UNRESOLVED,27809.72705032906,12
200601,15010040000,PLATANOS Y BANANAS,PLATANOS Y BANANAS PARA COCCI N (M X paradisiaca),2022,59056.0,1544.0,0.0,0.9773020522893525,1544.0,38.248704663212436,UNRESOLVED,27809.72705032906,12
200601,15010040000,PLATANOS Y BANANAS,PLATANOS Y BANANAS PARA COCCI N (M X paradisiaca),2023,54656.0,1170.0,0.0,1.1625351288056205,1170.0,46.71452991452991,UNRESOLVED,27809.72705032906,12
