MODEL_ID,CROP_CODE,CROP,TEMPORAL_REGIME,CANDIDATE,CLIMATE_FAMILY,WINDOW_SET,OBSERVATIONS,DISTRICTS,PERIODS,CLUSTER_SIZE_MIN,CLUSTER_SIZE_MEDIAN,CLUSTER_SIZE_MAX,PERIOD_SIZE_MIN,PERIOD_SIZE_MEDIAN,PERIOD_SIZE_MAX,MISSING_X_CELLS,WITHIN_VARIANCE_JSON,WITHIN_RANK,REGRESSORS,MAX_ABS_PAIRWISE_CORRELATION,CONDITION_NUMBER,MAX_VIF,PARTIAL_OBSERVATION_LEVERAGE_MAX,PARTIAL_CLUSTER_LEVERAGE_MEDIAN,PARTIAL_CLUSTER_LEVERAGE_MAX,FULL_DESIGN_RANK,IMPLIED_RESIDUAL_DF,PRIMARY_INFERENCE_COMPUTATION_FEASIBLE,GEOMETRY_VERDICT
ED1-RICE,14010020000,RICE,DISTRICT_X_AUG_JUL_AGRICULTURAL_CAMPAIGN,PRIMARY_SINGLE_WINDOW,LEVEL,RICE_FLOWERING_95_110_DAS,281,44,7,1,7.0,7,36,41.0,44,0,"{""RAIN_MM"":2537.016846693058,""TMAX_C"":0.235390841528,""TMIN_C"":0.247455480088}",3,3,0.637377969988,2.177147640837,1.719528041082,0.297675452237,0.045988851849,0.389381117174,53,228,TRUE,PASS
ED1-RICE,14010020000,RICE,DISTRICT_X_AUG_JUL_AGRICULTURAL_CAMPAIGN,PRIMARY_SINGLE_WINDOW,PHYSICAL_ANOMALY,RICE_FLOWERING_95_110_DAS,281,44,7,1,7.0,7,36,41.0,44,0,"{""RAIN_ANOM_MM"":1946.649451962633,""TMAX_ANOM_C"":0.17341458099,""TMIN_ANOM_C"":0.184106465064}",3,3,0.529367227571,1.837670475037,1.406103062094,0.286471420003,0.05101437093,0.366298711323,53,228,TRUE,PASS
ED1-RICE,14010020000,RICE,DISTRICT_X_AUG_JUL_AGRICULTURAL_CAMPAIGN,PRIMARY_SINGLE_WINDOW,STANDARDIZED_ANOMALY,RICE_FLOWERING_95_110_DAS,281,44,7,1,7.0,7,36,41.0,44,0,"{""RAIN_Z"":0.266155363031,""TMAX_Z"":0.199836078318,""TMIN_Z"":0.1509822706}",3,3,0.330216930161,1.654740669891,1.274110336408,0.09758651851,0.060179330841,0.153544086392,53,228,TRUE,PASS
ED1-MAD,14010070000,MAIZ_AMARILLO_DURO,DISTRICT_X_AUG_JUL_AGRICULTURAL_CAMPAIGN,PRIMARY_SINGLE_WINDOW,LEVEL,MAD_MPLUS1_MPLUS3,318,54,7,1,7.0,7,39,46.0,49,0,"{""RAIN_MM"":35675.32078526478,""TMAX_C"":0.347193894048,""TMIN_C"":0.488209643504}",3,3,0.743744790755,3.661108794505,3.836123820943,0.072028062805,0.047676297584,0.149952408791,63,255,TRUE,PASS
ED1-MAD,14010070000,MAIZ_AMARILLO_DURO,DISTRICT_X_AUG_JUL_AGRICULTURAL_CAMPAIGN,PRIMARY_SINGLE_WINDOW,PHYSICAL_ANOMALY,MAD_MPLUS1_MPLUS3,318,54,7,1,7.0,7,39,46.0,49,0,"{""RAIN_ANOM_MM"":25235.166300157176,""TMAX_ANOM_C"":0.053211648803,""TMIN_ANOM_C"":0.061845108719}",3,3,0.44192134338,1.762469114305,1.356687858977,0.072661331783,0.046055428175,0.147050868368,63,255,TRUE,PASS
ED1-MAD,14010070000,MAIZ_AMARILLO_DURO,DISTRICT_X_AUG_JUL_AGRICULTURAL_CAMPAIGN,PRIMARY_SINGLE_WINDOW,STANDARDIZED_ANOMALY,MAD_MPLUS1_MPLUS3,318,54,7,1,7.0,7,39,46.0,49,0,"{""RAIN_Z"":0.303089152135,""TMAX_Z"":0.126898983328,""TMIN_Z"":0.127617961292}",3,3,0.602831241072,2.04074994548,1.581203020012,0.077994277349,0.043660894288,0.169955524737,63,255,TRUE,PASS
ED1-MANGO,13010210000,MANGO,DISTRICT_X_CALENDAR_YEAR,PRIMARY_SINGLE_WINDOW,LEVEL,MANGO_MAY_JUN_CURRENT_YEAR,255,36,8,1,8.0,8,30,31.0,36,0,"{""RAIN_MM"":148.227557734804,""TMAX_C"":0.147143504218,""TMIN_C"":0.082090581197}",3,3,0.276713540806,1.346246578108,1.089592885282,0.152082149568,0.065347385835,0.281459134967,46,209,TRUE,PASS
ED1-MANGO,13010210000,MANGO,DISTRICT_X_CALENDAR_YEAR,PRIMARY_SINGLE_WINDOW,PHYSICAL_ANOMALY,MANGO_MAY_JUN_CURRENT_YEAR,255,36,8,1,8.0,8,30,31.0,36,0,"{""RAIN_ANOM_MM"":148.227557734804,""TMAX_ANOM_C"":0.147143504218,""TMIN_ANOM_C"":0.082090581197}",3,3,0.276713540806,1.346246578108,1.089592885282,0.152082149568,0.065347385835,0.281459134967,46,209,TRUE,PASS
ED1-MANGO,13010210000,MANGO,DISTRICT_X_CALENDAR_YEAR,PRIMARY_SINGLE_WINDOW,STANDARDIZED_ANOMALY,MANGO_MAY_JUN_CURRENT_YEAR,255,36,8,1,8.0,8,30,31.0,36,0,"{""RAIN_Z"":0.140223664607,""TMAX_Z"":0.145368237638,""TMIN_Z"":0.059575216003}",3,3,0.130321874028,1.227809035766,1.038273825246,0.128213523289,0.082142678631,0.186364910002,46,209,TRUE,PASS
ED1-LEMON,13010170102,LIMON_SUTIL,DISTRICT_X_CALENDAR_YEAR,P2_SEPARATE_WINDOW_DIAGNOSTIC,LEVEL,LEMON_FULL_YEAR_T,311,44,8,1,8.0,8,35,38.5,44,0,"{""RAIN_MM"":14499.44132307608,""TMAX_C"":0.03697287503,""TMIN_C"":0.050705957693}",3,3,0.475386559793,1.716468584668,1.314165264799,0.045976806887,0.066837502762,0.172940321668,54,257,TRUE,PASS
ED1-LEMON,13010170102,LIMON_SUTIL,DISTRICT_X_CALENDAR_YEAR,P2_SEPARATE_WINDOW_DIAGNOSTIC,LEVEL,LEMON_FULL_YEAR_T_MINUS_1,311,44,8,1,8.0,8,35,38.5,44,0,"{""RAIN_MM"":10804.609258450859,""TMAX_C"":0.029480446354,""TMIN_C"":0.034636336426}",3,3,0.345783478208,1.447850549927,1.142381895624,0.089573934913,0.062688081827,0.241610154928,54,257,TRUE,PASS
ED1-LEMON,13010170102,LIMON_SUTIL,DISTRICT_X_CALENDAR_YEAR,P1_JOINT_T_AND_T_MINUS_1_LINEAR,LEVEL,LEMON_FULL_YEAR_T|LEMON_FULL_YEAR_T_MINUS_1,311,44,8,1,8.0,8,35,38.5,44,0,"{""RAIN_MM__T"":14499.441323076086,""RAIN_MM__T_MINUS_1"":10804.60925845085,""TMAX_C__T"":0.03697287503,""TMAX_C__T_MINUS_1"":0.029480446354,""TMIN_C__T"":0.050705957693,""TMIN_C__T_MINUS_1"":0.034636336426}",6,6,0.475386559793,2.223403539903,1.609280256563,0.111930272503,0.130807534491,0.426712836457,57,254,TRUE,PASS
ED1-LEMON,13010170102,LIMON_SUTIL,DISTRICT_X_CALENDAR_YEAR,P2_SEPARATE_WINDOW_DIAGNOSTIC,PHYSICAL_ANOMALY,LEMON_FULL_YEAR_T,311,44,8,1,8.0,8,35,38.5,44,0,"{""RAIN_ANOM_MM"":14499.441323076098,""TMAX_ANOM_C"":0.03697287503,""TMIN_ANOM_C"":0.050705957693}",3,3,0.475386559793,1.716468584668,1.314165264799,0.045976806887,0.066837502762,0.172940321668,54,257,TRUE,PASS
ED1-LEMON,13010170102,LIMON_SUTIL,DISTRICT_X_CALENDAR_YEAR,P2_SEPARATE_WINDOW_DIAGNOSTIC,PHYSICAL_ANOMALY,LEMON_FULL_YEAR_T_MINUS_1,311,44,8,1,8.0,8,35,38.5,44,0,"{""RAIN_ANOM_MM"":10804.609258450848,""TMAX_ANOM_C"":0.029480446354,""TMIN_ANOM_C"":0.034636336426}",3,3,0.345783478208,1.447850549927,1.142381895624,0.089573934913,0.062688081827,0.241610154928,54,257,TRUE,PASS
ED1-LEMON,13010170102,LIMON_SUTIL,DISTRICT_X_CALENDAR_YEAR,P1_JOINT_T_AND_T_MINUS_1_LINEAR,PHYSICAL_ANOMALY,LEMON_FULL_YEAR_T|LEMON_FULL_YEAR_T_MINUS_1,311,44,8,1,8.0,8,35,38.5,44,0,"{""RAIN_ANOM_MM__T"":14499.441323076102,""RAIN_ANOM_MM__T_MINUS_1"":10804.609258450855,""TMAX_ANOM_C__T"":0.03697287503,""TMAX_ANOM_C__T_MINUS_1"":0.029480446354,""TMIN_ANOM_C__T"":0.050705957693,""TMIN_ANOM_C__T_MINUS_1"":0.034636336426}",6,6,0.475386559793,2.223403539903,1.609280256563,0.111930272503,0.130807534491,0.426712836457,57,254,TRUE,PASS
ED1-LEMON,13010170102,LIMON_SUTIL,DISTRICT_X_CALENDAR_YEAR,P2_SEPARATE_WINDOW_DIAGNOSTIC,STANDARDIZED_ANOMALY,LEMON_FULL_YEAR_T,311,44,8,1,8.0,8,35,38.5,44,0,"{""RAIN_Z"":0.032988188151,""TMAX_Z"":0.072847978211,""TMIN_Z"":0.0345174978}",3,3,0.330681901343,1.500666945063,1.165476235631,0.059770879768,0.057832325221,0.232704576319,54,257,TRUE,PASS
ED1-LEMON,13010170102,LIMON_SUTIL,DISTRICT_X_CALENDAR_YEAR,P2_SEPARATE_WINDOW_DIAGNOSTIC,STANDARDIZED_ANOMALY,LEMON_FULL_YEAR_T_MINUS_1,311,44,8,1,8.0,8,35,38.5,44,0,"{""RAIN_Z"":0.018505199151,""TMAX_Z"":0.063820532648,""TMIN_Z"":0.033268925534}",3,3,0.236200804956,1.37567865979,1.104190685178,0.068256022462,0.054379292534,0.279674262398,54,257,TRUE,PASS
ED1-LEMON,13010170102,LIMON_SUTIL,DISTRICT_X_CALENDAR_YEAR,P1_JOINT_T_AND_T_MINUS_1_LINEAR,STANDARDIZED_ANOMALY,LEMON_FULL_YEAR_T|LEMON_FULL_YEAR_T_MINUS_1,311,44,8,1,8.0,8,35,38.5,44,0,"{""RAIN_Z__T"":0.032988188151,""RAIN_Z__T_MINUS_1"":0.018505199151,""TMAX_Z__T"":0.072847978211,""TMAX_Z__T_MINUS_1"":0.063820532648,""TMIN_Z__T"":0.0345174978,""TMIN_Z__T_MINUS_1"":0.033268925534}",6,6,0.390385195069,1.983251858867,1.503754967422,0.098943419604,0.114121923845,0.497719856384,57,254,TRUE,PASS
ED1-BANANA,15010040000,PLATANOS_Y_BANANAS,DISTRICT_X_CALENDAR_YEAR,P2_SEPARATE_WINDOW_DIAGNOSTIC,LEVEL,BANANA_FULL_YEAR_T,390,54,8,1,8.0,8,46,48.5,53,0,"{""RAIN_MM"":15232.695421425906,""TMAX_C"":0.031497092661,""TMIN_C"":0.044170278686}",3,3,0.420360273548,1.636984709652,1.260782941469,0.038729176423,0.054639938964,0.148618264899,64,326,TRUE,PASS
ED1-BANANA,15010040000,PLATANOS_Y_BANANAS,DISTRICT_X_CALENDAR_YEAR,P2_SEPARATE_WINDOW_DIAGNOSTIC,LEVEL,BANANA_FULL_YEAR_T_MINUS_1,390,54,8,1,8.0,8,46,48.5,53,0,"{""RAIN_MM"":11474.316119980493,""TMAX_C"":0.029802015736,""TMIN_C"":0.030043217843}",3,3,0.330789757198,1.412873060121,1.123865691585,0.073184061669,0.055339499291,0.198662301549,64,326,TRUE,PASS
ED1-BANANA,15010040000,PLATANOS_Y_BANANAS,DISTRICT_X_CALENDAR_YEAR,P1_JOINT_T_AND_T_MINUS_1_LINEAR,LEVEL,BANANA_FULL_YEAR_T|BANANA_FULL_YEAR_T_MINUS_1,390,54,8,1,8.0,8,46,48.5,53,0,"{""RAIN_MM__T"":15232.695421425911,""RAIN_MM__T_MINUS_1"":11474.316119980498,""TMAX_C__T"":0.031497092661,""TMAX_C__T_MINUS_1"":0.029802015736,""TMIN_C__T"":0.044170278686,""TMIN_C__T_MINUS_1"":0.030043217843}",6,6,0.420360273548,2.150899653983,1.558168978851,0.090620729343,0.109359513394,0.359527702474,67,323,TRUE,PASS
ED1-BANANA,15010040000,PLATANOS_Y_BANANAS,DISTRICT_X_CALENDAR_YEAR,P2_SEPARATE_WINDOW_DIAGNOSTIC,PHYSICAL_ANOMALY,BANANA_FULL_YEAR_T,390,54,8,1,8.0,8,46,48.5,53,0,"{""RAIN_ANOM_MM"":15232.695421425908,""TMAX_ANOM_C"":0.031497092661,""TMIN_ANOM_C"":0.044170278686}",3,3,0.420360273548,1.636984709652,1.260782941469,0.038729176423,0.054639938964,0.148618264899,64,326,TRUE,PASS
ED1-BANANA,15010040000,PLATANOS_Y_BANANAS,DISTRICT_X_CALENDAR_YEAR,P2_SEPARATE_WINDOW_DIAGNOSTIC,PHYSICAL_ANOMALY,BANANA_FULL_YEAR_T_MINUS_1,390,54,8,1,8.0,8,46,48.5,53,0,"{""RAIN_ANOM_MM"":11474.316119980498,""TMAX_ANOM_C"":0.029802015736,""TMIN_ANOM_C"":0.030043217843}",3,3,0.330789757198,1.412873060121,1.123865691585,0.073184061669,0.055339499291,0.198662301549,64,326,TRUE,PASS
ED1-BANANA,15010040000,PLATANOS_Y_BANANAS,DISTRICT_X_CALENDAR_YEAR,P1_JOINT_T_AND_T_MINUS_1_LINEAR,PHYSICAL_ANOMALY,BANANA_FULL_YEAR_T|BANANA_FULL_YEAR_T_MINUS_1,390,54,8,1,8.0,8,46,48.5,53,0,"{""RAIN_ANOM_MM__T"":15232.695421425911,""RAIN_ANOM_MM__T_MINUS_1"":11474.316119980493,""TMAX_ANOM_C__T"":0.031497092661,""TMAX_ANOM_C__T_MINUS_1"":0.029802015736,""TMIN_ANOM_C__T"":0.044170278686,""TMIN_ANOM_C__T_MINUS_1"":0.030043217843}",6,6,0.420360273548,2.150899653983,1.558168978851,0.090620729343,0.109359513394,0.359527702474,67,323,TRUE,PASS
ED1-BANANA,15010040000,PLATANOS_Y_BANANAS,DISTRICT_X_CALENDAR_YEAR,P2_SEPARATE_WINDOW_DIAGNOSTIC,STANDARDIZED_ANOMALY,BANANA_FULL_YEAR_T,390,54,8,1,8.0,8,46,48.5,53,0,"{""RAIN_Z"":0.03193243313,""TMAX_Z"":0.063792803754,""TMIN_Z"":0.030877892065}",3,3,0.315376220746,1.469702420846,1.144010089544,0.050565766554,0.050650922924,0.195874089759,64,326,TRUE,PASS
ED1-BANANA,15010040000,PLATANOS_Y_BANANAS,DISTRICT_X_CALENDAR_YEAR,P2_SEPARATE_WINDOW_DIAGNOSTIC,STANDARDIZED_ANOMALY,BANANA_FULL_YEAR_T_MINUS_1,390,54,8,1,8.0,8,46,48.5,53,0,"{""RAIN_Z"":0.017427549315,""TMAX_Z"":0.062083714583,""TMIN_Z"":0.029555057781}",3,3,0.198764124234,1.3371502236,1.079961791712,0.056411433885,0.048557669055,0.235836158149,64,326,TRUE,PASS
ED1-BANANA,15010040000,PLATANOS_Y_BANANAS,DISTRICT_X_CALENDAR_YEAR,P1_JOINT_T_AND_T_MINUS_1_LINEAR,STANDARDIZED_ANOMALY,BANANA_FULL_YEAR_T|BANANA_FULL_YEAR_T_MINUS_1,390,54,8,1,8.0,8,46,48.5,53,0,"{""RAIN_Z__T"":0.03193243313,""RAIN_Z__T_MINUS_1"":0.017427549315,""TMAX_Z__T"":0.063792803754,""TMAX_Z__T_MINUS_1"":0.062083714583,""TMIN_Z__T"":0.030877892065,""TMIN_Z__T_MINUS_1"":0.029555057781}",6,6,0.363997942229,1.932800405177,1.465888915275,0.084477553684,0.098910913178,0.419550660351,67,323,TRUE,PASS
ED1-RICE,14010020000,RICE,DISTRICT_X_AUG_JUL_AGRICULTURAL_CAMPAIGN,B3_STRICT_SENSITIVITY,PHYSICAL_ANOMALY,RICE_FLOWERING_95_110_DAS,31,12,7,1,2.0,6,2,4.0,8,0,"{""RAIN_ANOM_MM"":1340.516289783438,""TMAX_ANOM_C"":0.032926682096,""TMIN_ANOM_C"":0.022774055422}",3,3,0.314926829714,1.566035151631,1.214428870572,0.378118617263,0.156541717246,0.912622028807,21,10,TRUE,PASS_WITH_SEVERE_SUPPORT_LIMITATION
ED1-MAD,14010070000,MAIZ_AMARILLO_DURO,DISTRICT_X_AUG_JUL_AGRICULTURAL_CAMPAIGN,B3_STRICT_SENSITIVITY,PHYSICAL_ANOMALY,MAD_MPLUS1_MPLUS3,7,4,4,1,1.5,3,1,1.5,3,0,"{""RAIN_ANOM_MM"":11.4166383387,""TMAX_ANOM_C"":7.89705e-06,""TMIN_ANOM_C"":0.001367146544}",1,3,,,,,,,7,0,FALSE,BLOCKED_X_RANK_AFTER_REQUIRED_FE
