CROP,CROP_CODE,MODEL_ID,VARIABLE,OMITTED_PERIOD_ID,OMITTED_PERIOD_ORDER,MANDATORY_NAMED_CASE,PRIMARY_BETA_REFERENCE,LOO_BETA,BETA_DIFFERENCE,ABS_BETA_DEVIATION,PRIMARY_SIGN,LOO_SIGN,SIGN_REVERSAL,RETAINED_N,RETAINED_PERIODS,MODEL_VALID,STATUS
RICE,14010020000,ED1-RICE,RAIN_ANOM_MM,2016/2017,1,LEAVE_2017_OUT,0.0011037394218762486,0.00027221776278778075,-0.00083152165908846783,0.00083152165908846783,POSITIVE,POSITIVE,FALSE,237,6,TRUE,DESCRIPTIVE_ONLY
RICE,14010020000,ED1-RICE,RAIN_ANOM_MM,2017/2018,2,NONE,0.0011037394218762486,0.0011415723402692368,3.7832918392988191e-05,3.7832918392988191e-05,POSITIVE,POSITIVE,FALSE,242,6,TRUE,DESCRIPTIVE_ONLY
RICE,14010020000,ED1-RICE,RAIN_ANOM_MM,2018/2019,3,NONE,0.0011037394218762486,0.0013749978605668844,0.00027125843869063582,0.00027125843869063582,POSITIVE,POSITIVE,FALSE,242,6,TRUE,DESCRIPTIVE_ONLY
RICE,14010020000,ED1-RICE,RAIN_ANOM_MM,2019/2020,4,NONE,0.0011037394218762486,0.00095178726228384303,-0.0001519521595924056,0.0001519521595924056,POSITIVE,POSITIVE,FALSE,240,6,TRUE,DESCRIPTIVE_ONLY
RICE,14010020000,ED1-RICE,RAIN_ANOM_MM,2020/2021,5,NONE,0.0011037394218762486,0.00082255992124402599,-0.00028117950063222263,0.00028117950063222263,POSITIVE,POSITIVE,FALSE,240,6,TRUE,DESCRIPTIVE_ONLY
RICE,14010020000,ED1-RICE,RAIN_ANOM_MM,2021/2022,6,NONE,0.0011037394218762486,0.00034626782474989071,-0.00075747159712635792,0.00075747159712635792,POSITIVE,POSITIVE,FALSE,245,6,TRUE,DESCRIPTIVE_ONLY
RICE,14010020000,ED1-RICE,RAIN_ANOM_MM,2022/2023,7,LEAVE_2023_OUT,0.0011037394218762486,0.014529736582032604,0.013425997160156355,0.013425997160156355,POSITIVE,POSITIVE,FALSE,240,6,TRUE,DESCRIPTIVE_ONLY
RICE,14010020000,ED1-RICE,TMAX_ANOM_C,2016/2017,1,LEAVE_2017_OUT,0.0089764891920362522,0.18429862540551101,0.17532213621347476,0.17532213621347476,POSITIVE,POSITIVE,FALSE,237,6,TRUE,DESCRIPTIVE_ONLY
RICE,14010020000,ED1-RICE,TMAX_ANOM_C,2017/2018,2,NONE,0.0089764891920362522,0.0069907322386034698,-0.0019857569534327824,0.0019857569534327824,POSITIVE,POSITIVE,FALSE,242,6,TRUE,DESCRIPTIVE_ONLY
RICE,14010020000,ED1-RICE,TMAX_ANOM_C,2018/2019,3,NONE,0.0089764891920362522,0.088021707272459837,0.079045218080423585,0.079045218080423585,POSITIVE,POSITIVE,FALSE,242,6,TRUE,DESCRIPTIVE_ONLY
RICE,14010020000,ED1-RICE,TMAX_ANOM_C,2019/2020,4,NONE,0.0089764891920362522,-0.012612498398121785,-0.021588987590158037,0.021588987590158037,POSITIVE,NEGATIVE,TRUE,240,6,TRUE,DESCRIPTIVE_ONLY
RICE,14010020000,ED1-RICE,TMAX_ANOM_C,2020/2021,5,NONE,0.0089764891920362522,0.071918697716305754,0.062942208524269502,0.062942208524269502,POSITIVE,POSITIVE,FALSE,240,6,TRUE,DESCRIPTIVE_ONLY
RICE,14010020000,ED1-RICE,TMAX_ANOM_C,2021/2022,6,NONE,0.0089764891920362522,-0.10418049613895541,-0.11315698533099167,0.11315698533099167,POSITIVE,NEGATIVE,TRUE,245,6,TRUE,DESCRIPTIVE_ONLY
RICE,14010020000,ED1-RICE,TMAX_ANOM_C,2022/2023,7,LEAVE_2023_OUT,0.0089764891920362522,-0.18696265854447991,-0.19593914773651616,0.19593914773651616,POSITIVE,NEGATIVE,TRUE,240,6,TRUE,DESCRIPTIVE_ONLY
RICE,14010020000,ED1-RICE,TMIN_ANOM_C,2016/2017,1,LEAVE_2017_OUT,0.091437121470065885,-0.022649436658809502,-0.11408655812887539,0.11408655812887539,POSITIVE,NEGATIVE,TRUE,237,6,TRUE,DESCRIPTIVE_ONLY
RICE,14010020000,ED1-RICE,TMIN_ANOM_C,2017/2018,2,NONE,0.091437121470065885,0.095585396995164246,0.0041482755250983605,0.0041482755250983605,POSITIVE,POSITIVE,FALSE,242,6,TRUE,DESCRIPTIVE_ONLY
RICE,14010020000,ED1-RICE,TMIN_ANOM_C,2018/2019,3,NONE,0.091437121470065885,0.059544001308103889,-0.031893120161961996,0.031893120161961996,POSITIVE,POSITIVE,FALSE,242,6,TRUE,DESCRIPTIVE_ONLY
RICE,14010020000,ED1-RICE,TMIN_ANOM_C,2019/2020,4,NONE,0.091437121470065885,0.17498060126618586,0.083543479796119979,0.083543479796119979,POSITIVE,POSITIVE,FALSE,240,6,TRUE,DESCRIPTIVE_ONLY
RICE,14010020000,ED1-RICE,TMIN_ANOM_C,2020/2021,5,NONE,0.091437121470065885,0.044956585358722156,-0.046480536111343729,0.046480536111343729,POSITIVE,POSITIVE,FALSE,240,6,TRUE,DESCRIPTIVE_ONLY
RICE,14010020000,ED1-RICE,TMIN_ANOM_C,2021/2022,6,NONE,0.091437121470065885,-0.013957367126373521,-0.10539448859643941,0.10539448859643941,POSITIVE,NEGATIVE,TRUE,245,6,TRUE,DESCRIPTIVE_ONLY
RICE,14010020000,ED1-RICE,TMIN_ANOM_C,2022/2023,7,LEAVE_2023_OUT,0.091437121470065885,0.55516127942840976,0.46372415795834387,0.46372415795834387,POSITIVE,POSITIVE,FALSE,240,6,TRUE,DESCRIPTIVE_ONLY
MAIZ_AMARILLO_DURO,14010070000,ED1-MAD,RAIN_ANOM_MM,2016/2017,1,LEAVE_2017_OUT,0.00012564522471647521,-0.00051187869523161567,-0.00063752391994809088,0.00063752391994809088,POSITIVE,NEGATIVE,TRUE,269,6,TRUE,DESCRIPTIVE_ONLY
MAIZ_AMARILLO_DURO,14010070000,ED1-MAD,RAIN_ANOM_MM,2017/2018,2,NONE,0.00012564522471647521,0.00022998947673208425,0.00010434425201560904,0.00010434425201560904,POSITIVE,POSITIVE,FALSE,272,6,TRUE,DESCRIPTIVE_ONLY
MAIZ_AMARILLO_DURO,14010070000,ED1-MAD,RAIN_ANOM_MM,2018/2019,3,NONE,0.00012564522471647521,0.00012827663656737875,2.6314118509035422e-06,2.6314118509035422e-06,POSITIVE,POSITIVE,FALSE,279,6,TRUE,DESCRIPTIVE_ONLY
MAIZ_AMARILLO_DURO,14010070000,ED1-MAD,RAIN_ANOM_MM,2019/2020,4,NONE,0.00012564522471647521,0.00010177831043300944,-2.3866914283465768e-05,2.3866914283465768e-05,POSITIVE,POSITIVE,FALSE,275,6,TRUE,DESCRIPTIVE_ONLY
MAIZ_AMARILLO_DURO,14010070000,ED1-MAD,RAIN_ANOM_MM,2020/2021,5,NONE,0.00012564522471647521,0.00045548146028051573,0.00032983623556404051,0.00032983623556404051,POSITIVE,POSITIVE,FALSE,274,6,TRUE,DESCRIPTIVE_ONLY
MAIZ_AMARILLO_DURO,14010070000,ED1-MAD,RAIN_ANOM_MM,2021/2022,6,NONE,0.00012564522471647521,-3.5291864372927195e-05,-0.00016093708908940241,0.00016093708908940241,POSITIVE,NEGATIVE,TRUE,270,6,TRUE,DESCRIPTIVE_ONLY
MAIZ_AMARILLO_DURO,14010070000,ED1-MAD,RAIN_ANOM_MM,2022/2023,7,LEAVE_2023_OUT,0.00012564522471647521,0.00012474053687694386,-9.0468783953134846e-07,9.0468783953134846e-07,POSITIVE,POSITIVE,FALSE,269,6,TRUE,DESCRIPTIVE_ONLY
MAIZ_AMARILLO_DURO,14010070000,ED1-MAD,TMAX_ANOM_C,2016/2017,1,LEAVE_2017_OUT,0.23699616341331953,0.42905496546271205,0.19205880204939252,0.19205880204939252,POSITIVE,POSITIVE,FALSE,269,6,TRUE,DESCRIPTIVE_ONLY
MAIZ_AMARILLO_DURO,14010070000,ED1-MAD,TMAX_ANOM_C,2017/2018,2,NONE,0.23699616341331953,0.22115678739223643,-0.015839376021083096,0.015839376021083096,POSITIVE,POSITIVE,FALSE,272,6,TRUE,DESCRIPTIVE_ONLY
MAIZ_AMARILLO_DURO,14010070000,ED1-MAD,TMAX_ANOM_C,2018/2019,3,NONE,0.23699616341331953,0.16168642515090026,-0.075309738262419268,0.075309738262419268,POSITIVE,POSITIVE,FALSE,279,6,TRUE,DESCRIPTIVE_ONLY
MAIZ_AMARILLO_DURO,14010070000,ED1-MAD,TMAX_ANOM_C,2019/2020,4,NONE,0.23699616341331953,0.23449445192183527,-0.0025017114914842598,0.0025017114914842598,POSITIVE,POSITIVE,FALSE,275,6,TRUE,DESCRIPTIVE_ONLY
MAIZ_AMARILLO_DURO,14010070000,ED1-MAD,TMAX_ANOM_C,2020/2021,5,NONE,0.23699616341331953,0.27172446044355181,0.03472829703023228,0.03472829703023228,POSITIVE,POSITIVE,FALSE,274,6,TRUE,DESCRIPTIVE_ONLY
MAIZ_AMARILLO_DURO,14010070000,ED1-MAD,TMAX_ANOM_C,2021/2022,6,NONE,0.23699616341331953,0.2147141423997897,-0.022282021013529829,0.022282021013529829,POSITIVE,POSITIVE,FALSE,270,6,TRUE,DESCRIPTIVE_ONLY
MAIZ_AMARILLO_DURO,14010070000,ED1-MAD,TMAX_ANOM_C,2022/2023,7,LEAVE_2023_OUT,0.23699616341331953,0.30205441916398479,0.065058255750665261,0.065058255750665261,POSITIVE,POSITIVE,FALSE,269,6,TRUE,DESCRIPTIVE_ONLY
MAIZ_AMARILLO_DURO,14010070000,ED1-MAD,TMIN_ANOM_C,2016/2017,1,LEAVE_2017_OUT,-0.087388917881000228,0.15890660899637138,0.24629552687737161,0.24629552687737161,NEGATIVE,POSITIVE,TRUE,269,6,TRUE,DESCRIPTIVE_ONLY
MAIZ_AMARILLO_DURO,14010070000,ED1-MAD,TMIN_ANOM_C,2017/2018,2,NONE,-0.087388917881000228,-0.04401390256064211,0.043375015320358118,0.043375015320358118,NEGATIVE,NEGATIVE,FALSE,272,6,TRUE,DESCRIPTIVE_ONLY
MAIZ_AMARILLO_DURO,14010070000,ED1-MAD,TMIN_ANOM_C,2018/2019,3,NONE,-0.087388917881000228,-0.16348884879581771,-0.076099930914817482,0.076099930914817482,NEGATIVE,NEGATIVE,FALSE,279,6,TRUE,DESCRIPTIVE_ONLY
MAIZ_AMARILLO_DURO,14010070000,ED1-MAD,TMIN_ANOM_C,2019/2020,4,NONE,-0.087388917881000228,-0.045575401108929992,0.041813516772070236,0.041813516772070236,NEGATIVE,NEGATIVE,FALSE,275,6,TRUE,DESCRIPTIVE_ONLY
MAIZ_AMARILLO_DURO,14010070000,ED1-MAD,TMIN_ANOM_C,2020/2021,5,NONE,-0.087388917881000228,-0.27900473116499436,-0.19161581328399413,0.19161581328399413,NEGATIVE,NEGATIVE,FALSE,274,6,TRUE,DESCRIPTIVE_ONLY
MAIZ_AMARILLO_DURO,14010070000,ED1-MAD,TMIN_ANOM_C,2021/2022,6,NONE,-0.087388917881000228,-0.10933908742144616,-0.02195016954044593,0.02195016954044593,NEGATIVE,NEGATIVE,FALSE,270,6,TRUE,DESCRIPTIVE_ONLY
MAIZ_AMARILLO_DURO,14010070000,ED1-MAD,TMIN_ANOM_C,2022/2023,7,LEAVE_2023_OUT,-0.087388917881000228,0.066139491633534553,0.15352840951453478,0.15352840951453478,NEGATIVE,POSITIVE,TRUE,269,6,TRUE,DESCRIPTIVE_ONLY
MANGO,13010210000,ED1-MANGO,RAIN_ANOM_MM,2016,1,NONE,-0.0017475498782406618,0.0072687968577920259,0.0090163467360326877,0.0090163467360326877,NEGATIVE,POSITIVE,TRUE,224,7,TRUE,DESCRIPTIVE_ONLY
MANGO,13010210000,ED1-MANGO,RAIN_ANOM_MM,2017,2,LEAVE_2017_OUT,-0.0017475498782406618,-0.020055160921021553,-0.018307611042780891,0.018307611042780891,NEGATIVE,NEGATIVE,FALSE,225,7,TRUE,DESCRIPTIVE_ONLY
MANGO,13010210000,ED1-MANGO,RAIN_ANOM_MM,2018,3,NONE,-0.0017475498782406618,-0.020340211960416354,-0.018592662082175693,0.018592662082175693,NEGATIVE,NEGATIVE,FALSE,225,7,TRUE,DESCRIPTIVE_ONLY
MANGO,13010210000,ED1-MANGO,RAIN_ANOM_MM,2019,4,NONE,-0.0017475498782406618,0.0012022883939177831,0.0029498382721584449,0.0029498382721584449,NEGATIVE,POSITIVE,TRUE,224,7,TRUE,DESCRIPTIVE_ONLY
MANGO,13010210000,ED1-MANGO,RAIN_ANOM_MM,2020,5,NONE,-0.0017475498782406618,0.00032715143086825549,0.0020747013091089173,0.0020747013091089173,NEGATIVE,POSITIVE,TRUE,223,7,TRUE,DESCRIPTIVE_ONLY
MANGO,13010210000,ED1-MANGO,RAIN_ANOM_MM,2021,6,NONE,-0.0017475498782406618,0.0055408650302268825,0.0072884149084675443,0.0072884149084675443,NEGATIVE,POSITIVE,TRUE,221,7,TRUE,DESCRIPTIVE_ONLY
MANGO,13010210000,ED1-MANGO,RAIN_ANOM_MM,2022,7,NONE,-0.0017475498782406618,0.0014101488990085898,0.0031576987772492515,0.0031576987772492515,NEGATIVE,POSITIVE,TRUE,219,7,TRUE,DESCRIPTIVE_ONLY
MANGO,13010210000,ED1-MANGO,RAIN_ANOM_MM,2023,8,LEAVE_2023_OUT,-0.0017475498782406618,-0.002061725788642832,-0.00031417591040217019,0.00031417591040217019,NEGATIVE,NEGATIVE,FALSE,224,7,TRUE,DESCRIPTIVE_ONLY
MANGO,13010210000,ED1-MANGO,TMAX_ANOM_C,2016,1,NONE,0.55634150583162256,0.60400414177552242,0.047662635943899856,0.047662635943899856,POSITIVE,POSITIVE,FALSE,224,7,TRUE,DESCRIPTIVE_ONLY
MANGO,13010210000,ED1-MANGO,TMAX_ANOM_C,2017,2,LEAVE_2017_OUT,0.55634150583162256,0.34953285798288186,-0.2068086478487407,0.2068086478487407,POSITIVE,POSITIVE,FALSE,225,7,TRUE,DESCRIPTIVE_ONLY
MANGO,13010210000,ED1-MANGO,TMAX_ANOM_C,2018,3,NONE,0.55634150583162256,0.63635187253666192,0.08001036670503936,0.08001036670503936,POSITIVE,POSITIVE,FALSE,225,7,TRUE,DESCRIPTIVE_ONLY
MANGO,13010210000,ED1-MANGO,TMAX_ANOM_C,2019,4,NONE,0.55634150583162256,0.56988124542391172,0.013539739592289157,0.013539739592289157,POSITIVE,POSITIVE,FALSE,224,7,TRUE,DESCRIPTIVE_ONLY
MANGO,13010210000,ED1-MANGO,TMAX_ANOM_C,2020,5,NONE,0.55634150583162256,0.30255949388122472,-0.25378201195039785,0.25378201195039785,POSITIVE,POSITIVE,FALSE,223,7,TRUE,DESCRIPTIVE_ONLY
MANGO,13010210000,ED1-MANGO,TMAX_ANOM_C,2021,6,NONE,0.55634150583162256,0.57320081943819723,0.016859313606574666,0.016859313606574666,POSITIVE,POSITIVE,FALSE,221,7,TRUE,DESCRIPTIVE_ONLY
MANGO,13010210000,ED1-MANGO,TMAX_ANOM_C,2022,7,NONE,0.55634150583162256,0.38628931173239334,-0.17005219409922923,0.17005219409922923,POSITIVE,POSITIVE,FALSE,219,7,TRUE,DESCRIPTIVE_ONLY
MANGO,13010210000,ED1-MANGO,TMAX_ANOM_C,2023,8,LEAVE_2023_OUT,0.55634150583162256,1.4228849662856029,0.86654346045398034,0.86654346045398034,POSITIVE,POSITIVE,FALSE,224,7,TRUE,DESCRIPTIVE_ONLY
MANGO,13010210000,ED1-MANGO,TMIN_ANOM_C,2016,1,NONE,0.65834191561220345,0.29123530821546728,-0.36710660739673617,0.36710660739673617,POSITIVE,POSITIVE,FALSE,224,7,TRUE,DESCRIPTIVE_ONLY
MANGO,13010210000,ED1-MANGO,TMIN_ANOM_C,2017,2,LEAVE_2017_OUT,0.65834191561220345,0.9544565708459537,0.29611465523375025,0.29611465523375025,POSITIVE,POSITIVE,FALSE,225,7,TRUE,DESCRIPTIVE_ONLY
MANGO,13010210000,ED1-MANGO,TMIN_ANOM_C,2018,3,NONE,0.65834191561220345,0.78520671347890536,0.12686479786670191,0.12686479786670191,POSITIVE,POSITIVE,FALSE,225,7,TRUE,DESCRIPTIVE_ONLY
MANGO,13010210000,ED1-MANGO,TMIN_ANOM_C,2019,4,NONE,0.65834191561220345,0.72492339495129121,0.066581479339087757,0.066581479339087757,POSITIVE,POSITIVE,FALSE,224,7,TRUE,DESCRIPTIVE_ONLY
MANGO,13010210000,ED1-MANGO,TMIN_ANOM_C,2020,5,NONE,0.65834191561220345,-0.23014262312819253,-0.88848453874039601,0.88848453874039601,POSITIVE,NEGATIVE,TRUE,223,7,TRUE,DESCRIPTIVE_ONLY
MANGO,13010210000,ED1-MANGO,TMIN_ANOM_C,2021,6,NONE,0.65834191561220345,0.92201190284647194,0.26366998723426849,0.26366998723426849,POSITIVE,POSITIVE,FALSE,221,7,TRUE,DESCRIPTIVE_ONLY
MANGO,13010210000,ED1-MANGO,TMIN_ANOM_C,2022,7,NONE,0.65834191561220345,0.87143096710313128,0.21308905149092783,0.21308905149092783,POSITIVE,POSITIVE,FALSE,219,7,TRUE,DESCRIPTIVE_ONLY
MANGO,13010210000,ED1-MANGO,TMIN_ANOM_C,2023,8,LEAVE_2023_OUT,0.65834191561220345,1.5501039145827522,0.89176199897054875,0.89176199897054875,POSITIVE,POSITIVE,FALSE,224,7,TRUE,DESCRIPTIVE_ONLY
LIMON_SUTIL,13010170102,ED1-LEMON,RAIN_ANOM_MM__T,2016,1,NONE,-0.0037808833821428856,-0.0046812308232909716,-0.00090034744114808607,0.00090034744114808607,NEGATIVE,NEGATIVE,FALSE,274,7,TRUE,DESCRIPTIVE_ONLY
LIMON_SUTIL,13010170102,ED1-LEMON,RAIN_ANOM_MM__T,2017,2,LEAVE_2017_OUT,-0.0037808833821428856,-0.0029600941700929084,0.00082078921204997712,0.00082078921204997712,NEGATIVE,NEGATIVE,FALSE,276,7,TRUE,DESCRIPTIVE_ONLY
LIMON_SUTIL,13010170102,ED1-LEMON,RAIN_ANOM_MM__T,2018,3,NONE,-0.0037808833821428856,-0.0031116871308709548,0.00066919625127193072,0.00066919625127193072,NEGATIVE,NEGATIVE,FALSE,275,7,TRUE,DESCRIPTIVE_ONLY
LIMON_SUTIL,13010170102,ED1-LEMON,RAIN_ANOM_MM__T,2019,4,NONE,-0.0037808833821428856,-0.0043938460938384161,-0.00061296271169553052,0.00061296271169553052,NEGATIVE,NEGATIVE,FALSE,273,7,TRUE,DESCRIPTIVE_ONLY
LIMON_SUTIL,13010170102,ED1-LEMON,RAIN_ANOM_MM__T,2020,5,NONE,-0.0037808833821428856,-0.0049593695775149715,-0.001178486195372086,0.001178486195372086,NEGATIVE,NEGATIVE,FALSE,272,7,TRUE,DESCRIPTIVE_ONLY
LIMON_SUTIL,13010170102,ED1-LEMON,RAIN_ANOM_MM__T,2021,6,NONE,-0.0037808833821428856,-0.0052912412262680064,-0.0015103578441251209,0.0015103578441251209,NEGATIVE,NEGATIVE,FALSE,272,7,TRUE,DESCRIPTIVE_ONLY
LIMON_SUTIL,13010170102,ED1-LEMON,RAIN_ANOM_MM__T,2022,7,NONE,-0.0037808833821428856,-0.0048193808426795215,-0.0010384974605366359,0.0010384974605366359,NEGATIVE,NEGATIVE,FALSE,268,7,TRUE,DESCRIPTIVE_ONLY
LIMON_SUTIL,13010170102,ED1-LEMON,RAIN_ANOM_MM__T,2023,8,LEAVE_2023_OUT,-0.0037808833821428856,0.00075804437454962681,0.0045389277566925124,0.0045389277566925124,NEGATIVE,POSITIVE,TRUE,267,7,TRUE,DESCRIPTIVE_ONLY
LIMON_SUTIL,13010170102,ED1-LEMON,TMAX_ANOM_C__T,2016,1,NONE,-0.02245610058744385,-0.61515496762219346,-0.59269886703474961,0.59269886703474961,NEGATIVE,NEGATIVE,FALSE,274,7,TRUE,DESCRIPTIVE_ONLY
LIMON_SUTIL,13010170102,ED1-LEMON,TMAX_ANOM_C__T,2017,2,LEAVE_2017_OUT,-0.02245610058744385,-1.3292524950298827,-1.306796394442439,1.306796394442439,NEGATIVE,NEGATIVE,FALSE,276,7,TRUE,DESCRIPTIVE_ONLY
LIMON_SUTIL,13010170102,ED1-LEMON,TMAX_ANOM_C__T,2018,3,NONE,-0.02245610058744385,0.47011409117851599,0.49257019176595984,0.49257019176595984,NEGATIVE,POSITIVE,TRUE,275,7,TRUE,DESCRIPTIVE_ONLY
LIMON_SUTIL,13010170102,ED1-LEMON,TMAX_ANOM_C__T,2019,4,NONE,-0.02245610058744385,0.50767128097932845,0.5301273815667723,0.5301273815667723,NEGATIVE,POSITIVE,TRUE,273,7,TRUE,DESCRIPTIVE_ONLY
LIMON_SUTIL,13010170102,ED1-LEMON,TMAX_ANOM_C__T,2020,5,NONE,-0.02245610058744385,-0.77584413629710625,-0.7533880357096624,0.7533880357096624,NEGATIVE,NEGATIVE,FALSE,272,7,TRUE,DESCRIPTIVE_ONLY
LIMON_SUTIL,13010170102,ED1-LEMON,TMAX_ANOM_C__T,2021,6,NONE,-0.02245610058744385,0.24796274741486179,0.27041884800230565,0.27041884800230565,NEGATIVE,POSITIVE,TRUE,272,7,TRUE,DESCRIPTIVE_ONLY
LIMON_SUTIL,13010170102,ED1-LEMON,TMAX_ANOM_C__T,2022,7,NONE,-0.02245610058744385,-1.3446451385062677,-1.3221890379188239,1.3221890379188239,NEGATIVE,NEGATIVE,FALSE,268,7,TRUE,DESCRIPTIVE_ONLY
LIMON_SUTIL,13010170102,ED1-LEMON,TMAX_ANOM_C__T,2023,8,LEAVE_2023_OUT,-0.02245610058744385,1.3723798684011987,1.3948359689886427,1.3948359689886427,NEGATIVE,POSITIVE,TRUE,267,7,TRUE,DESCRIPTIVE_ONLY
LIMON_SUTIL,13010170102,ED1-LEMON,TMIN_ANOM_C__T,2016,1,NONE,0.59762633706658086,0.0096494252586079021,-0.58797691180797296,0.58797691180797296,POSITIVE,POSITIVE,FALSE,274,7,TRUE,DESCRIPTIVE_ONLY
LIMON_SUTIL,13010170102,ED1-LEMON,TMIN_ANOM_C__T,2017,2,LEAVE_2017_OUT,0.59762633706658086,1.3816250735679765,0.78399873650139562,0.78399873650139562,POSITIVE,POSITIVE,FALSE,276,7,TRUE,DESCRIPTIVE_ONLY
LIMON_SUTIL,13010170102,ED1-LEMON,TMIN_ANOM_C__T,2018,3,NONE,0.59762633706658086,0.5595189845380224,-0.038107352528558458,0.038107352528558458,POSITIVE,POSITIVE,FALSE,275,7,TRUE,DESCRIPTIVE_ONLY
LIMON_SUTIL,13010170102,ED1-LEMON,TMIN_ANOM_C__T,2019,4,NONE,0.59762633706658086,0.51903338047245118,-0.078592956594129681,0.078592956594129681,POSITIVE,POSITIVE,FALSE,273,7,TRUE,DESCRIPTIVE_ONLY
LIMON_SUTIL,13010170102,ED1-LEMON,TMIN_ANOM_C__T,2020,5,NONE,0.59762633706658086,0.11264680079615808,-0.48497953627042278,0.48497953627042278,POSITIVE,POSITIVE,FALSE,272,7,TRUE,DESCRIPTIVE_ONLY
LIMON_SUTIL,13010170102,ED1-LEMON,TMIN_ANOM_C__T,2021,6,NONE,0.59762633706658086,1.2332791117732804,0.63565277470669956,0.63565277470669956,POSITIVE,POSITIVE,FALSE,272,7,TRUE,DESCRIPTIVE_ONLY
LIMON_SUTIL,13010170102,ED1-LEMON,TMIN_ANOM_C__T,2022,7,NONE,0.59762633706658086,0.93502539372454008,0.33739905665795922,0.33739905665795922,POSITIVE,POSITIVE,FALSE,268,7,TRUE,DESCRIPTIVE_ONLY
LIMON_SUTIL,13010170102,ED1-LEMON,TMIN_ANOM_C__T,2023,8,LEAVE_2023_OUT,0.59762633706658086,-2.1343331763615345,-2.7319595134281154,2.7319595134281154,POSITIVE,NEGATIVE,TRUE,267,7,TRUE,DESCRIPTIVE_ONLY
LIMON_SUTIL,13010170102,ED1-LEMON,RAIN_ANOM_MM__T_MINUS_1,2016,1,NONE,5.0193201688308875e-06,-0.00059606128031175487,-0.00060108060048058576,0.00060108060048058576,POSITIVE,NEGATIVE,TRUE,274,7,TRUE,DESCRIPTIVE_ONLY
LIMON_SUTIL,13010170102,ED1-LEMON,RAIN_ANOM_MM__T_MINUS_1,2017,2,LEAVE_2017_OUT,5.0193201688308875e-06,0.00092289156083946722,0.00091787224067063633,0.00091787224067063633,POSITIVE,POSITIVE,FALSE,276,7,TRUE,DESCRIPTIVE_ONLY
LIMON_SUTIL,13010170102,ED1-LEMON,RAIN_ANOM_MM__T_MINUS_1,2018,3,NONE,5.0193201688308875e-06,-0.0013470288476364889,-0.0013520481678053198,0.0013520481678053198,POSITIVE,NEGATIVE,TRUE,275,7,TRUE,DESCRIPTIVE_ONLY
LIMON_SUTIL,13010170102,ED1-LEMON,RAIN_ANOM_MM__T_MINUS_1,2019,4,NONE,5.0193201688308875e-06,0.0020539801660697243,0.0020489608459008934,0.0020489608459008934,POSITIVE,POSITIVE,FALSE,273,7,TRUE,DESCRIPTIVE_ONLY
LIMON_SUTIL,13010170102,ED1-LEMON,RAIN_ANOM_MM__T_MINUS_1,2020,5,NONE,5.0193201688308875e-06,-0.001323925577822016,-0.0013289448979908469,0.0013289448979908469,POSITIVE,NEGATIVE,TRUE,272,7,TRUE,DESCRIPTIVE_ONLY
LIMON_SUTIL,13010170102,ED1-LEMON,RAIN_ANOM_MM__T_MINUS_1,2021,6,NONE,5.0193201688308875e-06,-0.0014230036733747786,-0.0014280229935436095,0.0014280229935436095,POSITIVE,NEGATIVE,TRUE,272,7,TRUE,DESCRIPTIVE_ONLY
LIMON_SUTIL,13010170102,ED1-LEMON,RAIN_ANOM_MM__T_MINUS_1,2022,7,NONE,5.0193201688308875e-06,-0.0013323031641923055,-0.0013373224843611364,0.0013373224843611364,POSITIVE,NEGATIVE,TRUE,268,7,TRUE,DESCRIPTIVE_ONLY
LIMON_SUTIL,13010170102,ED1-LEMON,RAIN_ANOM_MM__T_MINUS_1,2023,8,LEAVE_2023_OUT,5.0193201688308875e-06,0.0023092817535683707,0.0023042624333995398,0.0023042624333995398,POSITIVE,POSITIVE,FALSE,267,7,TRUE,DESCRIPTIVE_ONLY
LIMON_SUTIL,13010170102,ED1-LEMON,TMAX_ANOM_C__T_MINUS_1,2016,1,NONE,-0.93145677254736037,-2.3939704152624852,-1.4625136427151249,1.4625136427151249,NEGATIVE,NEGATIVE,FALSE,274,7,TRUE,DESCRIPTIVE_ONLY
LIMON_SUTIL,13010170102,ED1-LEMON,TMAX_ANOM_C__T_MINUS_1,2017,2,LEAVE_2017_OUT,-0.93145677254736037,-1.4873615283684405,-0.55590475582108012,0.55590475582108012,NEGATIVE,NEGATIVE,FALSE,276,7,TRUE,DESCRIPTIVE_ONLY
LIMON_SUTIL,13010170102,ED1-LEMON,TMAX_ANOM_C__T_MINUS_1,2018,3,NONE,-0.93145677254736037,-3.0375509537099772,-2.106094181162617,2.106094181162617,NEGATIVE,NEGATIVE,FALSE,275,7,TRUE,DESCRIPTIVE_ONLY
LIMON_SUTIL,13010170102,ED1-LEMON,TMAX_ANOM_C__T_MINUS_1,2019,4,NONE,-0.93145677254736037,-0.29148403781714771,0.63997273473021266,0.63997273473021266,NEGATIVE,NEGATIVE,FALSE,273,7,TRUE,DESCRIPTIVE_ONLY
LIMON_SUTIL,13010170102,ED1-LEMON,TMAX_ANOM_C__T_MINUS_1,2020,5,NONE,-0.93145677254736037,-0.62943070054449657,0.3020260720028638,0.3020260720028638,NEGATIVE,NEGATIVE,FALSE,272,7,TRUE,DESCRIPTIVE_ONLY
LIMON_SUTIL,13010170102,ED1-LEMON,TMAX_ANOM_C__T_MINUS_1,2021,6,NONE,-0.93145677254736037,1.3075784135644071,2.2390351861117672,2.2390351861117672,NEGATIVE,POSITIVE,TRUE,272,7,TRUE,DESCRIPTIVE_ONLY
LIMON_SUTIL,13010170102,ED1-LEMON,TMAX_ANOM_C__T_MINUS_1,2022,7,NONE,-0.93145677254736037,-1.1306707452746452,-0.1992139727272848,0.1992139727272848,NEGATIVE,NEGATIVE,FALSE,268,7,TRUE,DESCRIPTIVE_ONLY
LIMON_SUTIL,13010170102,ED1-LEMON,TMAX_ANOM_C__T_MINUS_1,2023,8,LEAVE_2023_OUT,-0.93145677254736037,-1.0455059310286168,-0.11404915848125641,0.11404915848125641,NEGATIVE,NEGATIVE,FALSE,267,7,TRUE,DESCRIPTIVE_ONLY
LIMON_SUTIL,13010170102,ED1-LEMON,TMIN_ANOM_C__T_MINUS_1,2016,1,NONE,-4.0857132490015609,-6.2621206586306588,-2.176407409629098,2.176407409629098,NEGATIVE,NEGATIVE,FALSE,274,7,TRUE,DESCRIPTIVE_ONLY
LIMON_SUTIL,13010170102,ED1-LEMON,TMIN_ANOM_C__T_MINUS_1,2017,2,LEAVE_2017_OUT,-4.0857132490015609,-3.9532088196483217,0.13250442935323914,0.13250442935323914,NEGATIVE,NEGATIVE,FALSE,276,7,TRUE,DESCRIPTIVE_ONLY
LIMON_SUTIL,13010170102,ED1-LEMON,TMIN_ANOM_C__T_MINUS_1,2018,3,NONE,-4.0857132490015609,-2.9563094216566537,1.1294038273449072,1.1294038273449072,NEGATIVE,NEGATIVE,FALSE,275,7,TRUE,DESCRIPTIVE_ONLY
LIMON_SUTIL,13010170102,ED1-LEMON,TMIN_ANOM_C__T_MINUS_1,2019,4,NONE,-4.0857132490015609,-3.7575132318976614,0.32820001710389946,0.32820001710389946,NEGATIVE,NEGATIVE,FALSE,273,7,TRUE,DESCRIPTIVE_ONLY
LIMON_SUTIL,13010170102,ED1-LEMON,TMIN_ANOM_C__T_MINUS_1,2020,5,NONE,-4.0857132490015609,-3.5456730002466372,0.54004024875492362,0.54004024875492362,NEGATIVE,NEGATIVE,FALSE,272,7,TRUE,DESCRIPTIVE_ONLY
LIMON_SUTIL,13010170102,ED1-LEMON,TMIN_ANOM_C__T_MINUS_1,2021,6,NONE,-4.0857132490015609,-4.5036114080967424,-0.41789815909518158,0.41789815909518158,NEGATIVE,NEGATIVE,FALSE,272,7,TRUE,DESCRIPTIVE_ONLY
LIMON_SUTIL,13010170102,ED1-LEMON,TMIN_ANOM_C__T_MINUS_1,2022,7,NONE,-4.0857132490015609,-3.338983079401161,0.74673016960039984,0.74673016960039984,NEGATIVE,NEGATIVE,FALSE,268,7,TRUE,DESCRIPTIVE_ONLY
LIMON_SUTIL,13010170102,ED1-LEMON,TMIN_ANOM_C__T_MINUS_1,2023,8,LEAVE_2023_OUT,-4.0857132490015609,-2.5708636619101539,1.5148495870914069,1.5148495870914069,NEGATIVE,NEGATIVE,FALSE,267,7,TRUE,DESCRIPTIVE_ONLY
PLATANOS_Y_BANANAS,15010040000,ED1-BANANA,RAIN_ANOM_MM__T,2016,1,NONE,-0.0021023420826074002,-0.0018553560374190425,0.00024698604518835765,0.00024698604518835765,NEGATIVE,NEGATIVE,FALSE,344,7,TRUE,DESCRIPTIVE_ONLY
PLATANOS_Y_BANANAS,15010040000,ED1-BANANA,RAIN_ANOM_MM__T,2017,2,LEAVE_2017_OUT,-0.0021023420826074002,-0.0075941086505082467,-0.0054917665679008465,0.0054917665679008465,NEGATIVE,NEGATIVE,FALSE,343,7,TRUE,DESCRIPTIVE_ONLY
PLATANOS_Y_BANANAS,15010040000,ED1-BANANA,RAIN_ANOM_MM__T,2018,3,NONE,-0.0021023420826074002,-0.0023031105191186896,-0.00020076843651128939,0.00020076843651128939,NEGATIVE,NEGATIVE,FALSE,342,7,TRUE,DESCRIPTIVE_ONLY
PLATANOS_Y_BANANAS,15010040000,ED1-BANANA,RAIN_ANOM_MM__T,2019,4,NONE,-0.0021023420826074002,-0.0019031363105912469,0.0001992057720161533,0.0001992057720161533,NEGATIVE,NEGATIVE,FALSE,343,7,TRUE,DESCRIPTIVE_ONLY
PLATANOS_Y_BANANAS,15010040000,ED1-BANANA,RAIN_ANOM_MM__T,2020,5,NONE,-0.0021023420826074002,-0.0015911878216634534,0.00051115426094394678,0.00051115426094394678,NEGATIVE,NEGATIVE,FALSE,341,7,TRUE,DESCRIPTIVE_ONLY
PLATANOS_Y_BANANAS,15010040000,ED1-BANANA,RAIN_ANOM_MM__T,2021,6,NONE,-0.0021023420826074002,-0.00048828095411579397,0.0016140611284916062,0.0016140611284916062,NEGATIVE,NEGATIVE,FALSE,341,7,TRUE,DESCRIPTIVE_ONLY
PLATANOS_Y_BANANAS,15010040000,ED1-BANANA,RAIN_ANOM_MM__T,2022,7,NONE,-0.0021023420826074002,-0.004210436756234337,-0.0021080946736269368,0.0021080946736269368,NEGATIVE,NEGATIVE,FALSE,339,7,TRUE,DESCRIPTIVE_ONLY
PLATANOS_Y_BANANAS,15010040000,ED1-BANANA,RAIN_ANOM_MM__T,2023,8,LEAVE_2023_OUT,-0.0021023420826074002,0.0039890416327046374,0.0060913837153120376,0.0060913837153120376,NEGATIVE,POSITIVE,TRUE,337,7,TRUE,DESCRIPTIVE_ONLY
PLATANOS_Y_BANANAS,15010040000,ED1-BANANA,TMAX_ANOM_C__T,2016,1,NONE,-0.32534946598061909,-0.19622109833053969,0.1291283676500794,0.1291283676500794,NEGATIVE,NEGATIVE,FALSE,344,7,TRUE,DESCRIPTIVE_ONLY
PLATANOS_Y_BANANAS,15010040000,ED1-BANANA,TMAX_ANOM_C__T,2017,2,LEAVE_2017_OUT,-0.32534946598061909,-4.7561105042694685,-4.4307610382888498,4.4307610382888498,NEGATIVE,NEGATIVE,FALSE,343,7,TRUE,DESCRIPTIVE_ONLY
PLATANOS_Y_BANANAS,15010040000,ED1-BANANA,TMAX_ANOM_C__T,2018,3,NONE,-0.32534946598061909,-0.086402050797835805,0.23894741518278328,0.23894741518278328,NEGATIVE,NEGATIVE,FALSE,342,7,TRUE,DESCRIPTIVE_ONLY
PLATANOS_Y_BANANAS,15010040000,ED1-BANANA,TMAX_ANOM_C__T,2019,4,NONE,-0.32534946598061909,-0.9373564328964803,-0.61200696691586121,0.61200696691586121,NEGATIVE,NEGATIVE,FALSE,343,7,TRUE,DESCRIPTIVE_ONLY
PLATANOS_Y_BANANAS,15010040000,ED1-BANANA,TMAX_ANOM_C__T,2020,5,NONE,-0.32534946598061909,0.4064149825112251,0.73176444849184419,0.73176444849184419,NEGATIVE,POSITIVE,TRUE,341,7,TRUE,DESCRIPTIVE_ONLY
PLATANOS_Y_BANANAS,15010040000,ED1-BANANA,TMAX_ANOM_C__T,2021,6,NONE,-0.32534946598061909,0.73125457918233261,1.0566040451629517,1.0566040451629517,NEGATIVE,POSITIVE,TRUE,341,7,TRUE,DESCRIPTIVE_ONLY
PLATANOS_Y_BANANAS,15010040000,ED1-BANANA,TMAX_ANOM_C__T,2022,7,NONE,-0.32534946598061909,-0.77270204329203196,-0.44735257731141287,0.44735257731141287,NEGATIVE,NEGATIVE,FALSE,339,7,TRUE,DESCRIPTIVE_ONLY
PLATANOS_Y_BANANAS,15010040000,ED1-BANANA,TMAX_ANOM_C__T,2023,8,LEAVE_2023_OUT,-0.32534946598061909,1.6399610911581228,1.9653105571387419,1.9653105571387419,NEGATIVE,POSITIVE,TRUE,337,7,TRUE,DESCRIPTIVE_ONLY
PLATANOS_Y_BANANAS,15010040000,ED1-BANANA,TMIN_ANOM_C__T,2016,1,NONE,-0.036208197506074846,0.053287757959180837,0.089495955465255683,0.089495955465255683,NEGATIVE,POSITIVE,TRUE,344,7,TRUE,DESCRIPTIVE_ONLY
PLATANOS_Y_BANANAS,15010040000,ED1-BANANA,TMIN_ANOM_C__T,2017,2,LEAVE_2017_OUT,-0.036208197506074846,1.7543197138349189,1.7905279113409938,1.7905279113409938,NEGATIVE,POSITIVE,TRUE,343,7,TRUE,DESCRIPTIVE_ONLY
PLATANOS_Y_BANANAS,15010040000,ED1-BANANA,TMIN_ANOM_C__T,2018,3,NONE,-0.036208197506074846,0.17943555703643366,0.2156437545425085,0.2156437545425085,NEGATIVE,POSITIVE,TRUE,342,7,TRUE,DESCRIPTIVE_ONLY
PLATANOS_Y_BANANAS,15010040000,ED1-BANANA,TMIN_ANOM_C__T,2019,4,NONE,-0.036208197506074846,-0.15762635142925774,-0.12141815392318289,0.12141815392318289,NEGATIVE,NEGATIVE,FALSE,343,7,TRUE,DESCRIPTIVE_ONLY
PLATANOS_Y_BANANAS,15010040000,ED1-BANANA,TMIN_ANOM_C__T,2020,5,NONE,-0.036208197506074846,0.6570406005807321,0.69324879808680695,0.69324879808680695,NEGATIVE,POSITIVE,TRUE,341,7,TRUE,DESCRIPTIVE_ONLY
PLATANOS_Y_BANANAS,15010040000,ED1-BANANA,TMIN_ANOM_C__T,2021,6,NONE,-0.036208197506074846,-1.2343305862474878,-1.198122388741413,1.198122388741413,NEGATIVE,NEGATIVE,FALSE,341,7,TRUE,DESCRIPTIVE_ONLY
PLATANOS_Y_BANANAS,15010040000,ED1-BANANA,TMIN_ANOM_C__T,2022,7,NONE,-0.036208197506074846,0.515015857933526,0.55122405543960085,0.55122405543960085,NEGATIVE,POSITIVE,TRUE,339,7,TRUE,DESCRIPTIVE_ONLY
PLATANOS_Y_BANANAS,15010040000,ED1-BANANA,TMIN_ANOM_C__T,2023,8,LEAVE_2023_OUT,-0.036208197506074846,-5.7566257826817697,-5.7204175851756949,5.7204175851756949,NEGATIVE,NEGATIVE,FALSE,337,7,TRUE,DESCRIPTIVE_ONLY
PLATANOS_Y_BANANAS,15010040000,ED1-BANANA,RAIN_ANOM_MM__T_MINUS_1,2016,1,NONE,0.0027760812499826315,0.0025328588219633019,-0.00024322242801932958,0.00024322242801932958,POSITIVE,POSITIVE,FALSE,344,7,TRUE,DESCRIPTIVE_ONLY
PLATANOS_Y_BANANAS,15010040000,ED1-BANANA,RAIN_ANOM_MM__T_MINUS_1,2017,2,LEAVE_2017_OUT,0.0027760812499826315,0.0041195932691364678,0.0013435120191538363,0.0013435120191538363,POSITIVE,POSITIVE,FALSE,343,7,TRUE,DESCRIPTIVE_ONLY
PLATANOS_Y_BANANAS,15010040000,ED1-BANANA,RAIN_ANOM_MM__T_MINUS_1,2018,3,NONE,0.0027760812499826315,-0.00064623929403850866,-0.0034223205440211402,0.0034223205440211402,POSITIVE,NEGATIVE,TRUE,342,7,TRUE,DESCRIPTIVE_ONLY
PLATANOS_Y_BANANAS,15010040000,ED1-BANANA,RAIN_ANOM_MM__T_MINUS_1,2019,4,NONE,0.0027760812499826315,0.0021237619549445697,-0.00065231929503806185,0.00065231929503806185,POSITIVE,POSITIVE,FALSE,343,7,TRUE,DESCRIPTIVE_ONLY
PLATANOS_Y_BANANAS,15010040000,ED1-BANANA,RAIN_ANOM_MM__T_MINUS_1,2020,5,NONE,0.0027760812499826315,0.0044007057244561665,0.001624624474473535,0.001624624474473535,POSITIVE,POSITIVE,FALSE,341,7,TRUE,DESCRIPTIVE_ONLY
PLATANOS_Y_BANANAS,15010040000,ED1-BANANA,RAIN_ANOM_MM__T_MINUS_1,2021,6,NONE,0.0027760812499826315,0.0035727979089070772,0.00079671665892444565,0.00079671665892444565,POSITIVE,POSITIVE,FALSE,341,7,TRUE,DESCRIPTIVE_ONLY
PLATANOS_Y_BANANAS,15010040000,ED1-BANANA,RAIN_ANOM_MM__T_MINUS_1,2022,7,NONE,0.0027760812499826315,0.00057346627291465779,-0.0022026149770679737,0.0022026149770679737,POSITIVE,POSITIVE,FALSE,339,7,TRUE,DESCRIPTIVE_ONLY
PLATANOS_Y_BANANAS,15010040000,ED1-BANANA,RAIN_ANOM_MM__T_MINUS_1,2023,8,LEAVE_2023_OUT,0.0027760812499826315,0.0056675081155779239,0.0028914268655952924,0.0028914268655952924,POSITIVE,POSITIVE,FALSE,337,7,TRUE,DESCRIPTIVE_ONLY
PLATANOS_Y_BANANAS,15010040000,ED1-BANANA,TMAX_ANOM_C__T_MINUS_1,2016,1,NONE,-1.3624230022402739,-1.1293700191318212,0.23305298310845268,0.23305298310845268,NEGATIVE,NEGATIVE,FALSE,344,7,TRUE,DESCRIPTIVE_ONLY
PLATANOS_Y_BANANAS,15010040000,ED1-BANANA,TMAX_ANOM_C__T_MINUS_1,2017,2,LEAVE_2017_OUT,-1.3624230022402739,-0.68184844674481981,0.68057455549545409,0.68057455549545409,NEGATIVE,NEGATIVE,FALSE,343,7,TRUE,DESCRIPTIVE_ONLY
PLATANOS_Y_BANANAS,15010040000,ED1-BANANA,TMAX_ANOM_C__T_MINUS_1,2018,3,NONE,-1.3624230022402739,-0.94307923408883454,0.41934376815143937,0.41934376815143937,NEGATIVE,NEGATIVE,FALSE,342,7,TRUE,DESCRIPTIVE_ONLY
PLATANOS_Y_BANANAS,15010040000,ED1-BANANA,TMAX_ANOM_C__T_MINUS_1,2019,4,NONE,-1.3624230022402739,-1.9106198705063901,-0.54819686826611624,0.54819686826611624,NEGATIVE,NEGATIVE,FALSE,343,7,TRUE,DESCRIPTIVE_ONLY
PLATANOS_Y_BANANAS,15010040000,ED1-BANANA,TMAX_ANOM_C__T_MINUS_1,2020,5,NONE,-1.3624230022402739,-1.7106782854760452,-0.34825528323577126,0.34825528323577126,NEGATIVE,NEGATIVE,FALSE,341,7,TRUE,DESCRIPTIVE_ONLY
PLATANOS_Y_BANANAS,15010040000,ED1-BANANA,TMAX_ANOM_C__T_MINUS_1,2021,6,NONE,-1.3624230022402739,-1.5206089389156303,-0.15818593667535641,0.15818593667535641,NEGATIVE,NEGATIVE,FALSE,341,7,TRUE,DESCRIPTIVE_ONLY
PLATANOS_Y_BANANAS,15010040000,ED1-BANANA,TMAX_ANOM_C__T_MINUS_1,2022,7,NONE,-1.3624230022402739,-1.1640639014753233,0.19835910076495056,0.19835910076495056,NEGATIVE,NEGATIVE,FALSE,339,7,TRUE,DESCRIPTIVE_ONLY
PLATANOS_Y_BANANAS,15010040000,ED1-BANANA,TMAX_ANOM_C__T_MINUS_1,2023,8,LEAVE_2023_OUT,-1.3624230022402739,-1.8199006917069855,-0.45747768946671163,0.45747768946671163,NEGATIVE,NEGATIVE,FALSE,337,7,TRUE,DESCRIPTIVE_ONLY
PLATANOS_Y_BANANAS,15010040000,ED1-BANANA,TMIN_ANOM_C__T_MINUS_1,2016,1,NONE,-6.5645586917721594,-6.8550493269236963,-0.29049063515153684,0.29049063515153684,NEGATIVE,NEGATIVE,FALSE,344,7,TRUE,DESCRIPTIVE_ONLY
PLATANOS_Y_BANANAS,15010040000,ED1-BANANA,TMIN_ANOM_C__T_MINUS_1,2017,2,LEAVE_2017_OUT,-6.5645586917721594,-4.7042065024943014,1.8603521892778581,1.8603521892778581,NEGATIVE,NEGATIVE,FALSE,343,7,TRUE,DESCRIPTIVE_ONLY
PLATANOS_Y_BANANAS,15010040000,ED1-BANANA,TMIN_ANOM_C__T_MINUS_1,2018,3,NONE,-6.5645586917721594,-7.0946666285971212,-0.53010793682496171,0.53010793682496171,NEGATIVE,NEGATIVE,FALSE,342,7,TRUE,DESCRIPTIVE_ONLY
PLATANOS_Y_BANANAS,15010040000,ED1-BANANA,TMIN_ANOM_C__T_MINUS_1,2019,4,NONE,-6.5645586917721594,-7.1429619218172107,-0.57840323004505123,0.57840323004505123,NEGATIVE,NEGATIVE,FALSE,343,7,TRUE,DESCRIPTIVE_ONLY
PLATANOS_Y_BANANAS,15010040000,ED1-BANANA,TMIN_ANOM_C__T_MINUS_1,2020,5,NONE,-6.5645586917721594,-7.0831101496610085,-0.51855145788884904,0.51855145788884904,NEGATIVE,NEGATIVE,FALSE,341,7,TRUE,DESCRIPTIVE_ONLY
PLATANOS_Y_BANANAS,15010040000,ED1-BANANA,TMIN_ANOM_C__T_MINUS_1,2021,6,NONE,-6.5645586917721594,-10.092023193309329,-3.5274645015371693,3.5274645015371693,NEGATIVE,NEGATIVE,FALSE,341,7,TRUE,DESCRIPTIVE_ONLY
PLATANOS_Y_BANANAS,15010040000,ED1-BANANA,TMIN_ANOM_C__T_MINUS_1,2022,7,NONE,-6.5645586917721594,-5.2146090393624434,1.3499496524097161,1.3499496524097161,NEGATIVE,NEGATIVE,FALSE,339,7,TRUE,DESCRIPTIVE_ONLY
PLATANOS_Y_BANANAS,15010040000,ED1-BANANA,TMIN_ANOM_C__T_MINUS_1,2023,8,LEAVE_2023_OUT,-6.5645586917721594,-1.7812287671849347,4.7833299245872247,4.7833299245872247,NEGATIVE,NEGATIVE,FALSE,337,7,TRUE,DESCRIPTIVE_ONLY
