UBIGEO,SOURCE_GEOMETRY_SHA256,SOURCE_CRS,TARGET_CRS,CENTROID_METHOD,CENTROID_X_M,CENTROID_Y_M,FINITE_XY,GEOMETRY_VALID,GEOMETRY_EMPTY,UNIQUE_UBIGEO_STATUS
200101,d966d2a38e80d6575490be32bde2e39b7db66a3c6e99b240e9c21458766d099b,EPSG:4326,EPSG:32717,PROJECT_GEOMETRY_THEN_CENTROID_AS_ED1,537849.305424607,9438262.994955549,TRUE,TRUE,FALSE,PASS
200104,d966d2a38e80d6575490be32bde2e39b7db66a3c6e99b240e9c21458766d099b,EPSG:4326,EPSG:32717,PROJECT_GEOMETRY_THEN_CENTROID_AS_ED1,553733.856461703,9432840.482797764,TRUE,TRUE,FALSE,PASS
200105,d966d2a38e80d6575490be32bde2e39b7db66a3c6e99b240e9c21458766d099b,EPSG:4326,EPSG:32717,PROJECT_GEOMETRY_THEN_CENTROID_AS_ED1,570320.649708906,9395288.478186855,TRUE,TRUE,FALSE,PASS
200107,d966d2a38e80d6575490be32bde2e39b7db66a3c6e99b240e9c21458766d099b,EPSG:4326,EPSG:32717,PROJECT_GEOMETRY_THEN_CENTROID_AS_ED1,545862.873800455,9407792.443143712,TRUE,TRUE,FALSE,PASS
200108,d966d2a38e80d6575490be32bde2e39b7db66a3c6e99b240e9c21458766d099b,EPSG:4326,EPSG:32717,PROJECT_GEOMETRY_THEN_CENTROID_AS_ED1,543051.486357633,9398541.465735223,TRUE,TRUE,FALSE,PASS
200109,d966d2a38e80d6575490be32bde2e39b7db66a3c6e99b240e9c21458766d099b,EPSG:4326,EPSG:32717,PROJECT_GEOMETRY_THEN_CENTROID_AS_ED1,526306.776092002,9413175.180432949,TRUE,TRUE,FALSE,PASS
200110,d966d2a38e80d6575490be32bde2e39b7db66a3c6e99b240e9c21458766d099b,EPSG:4326,EPSG:32717,PROJECT_GEOMETRY_THEN_CENTROID_AS_ED1,514624.436456728,9410538.396706384,TRUE,TRUE,FALSE,PASS
200111,d966d2a38e80d6575490be32bde2e39b7db66a3c6e99b240e9c21458766d099b,EPSG:4326,EPSG:32717,PROJECT_GEOMETRY_THEN_CENTROID_AS_ED1,585639.628474497,9481319.478666050,TRUE,TRUE,FALSE,PASS
200114,d966d2a38e80d6575490be32bde2e39b7db66a3c6e99b240e9c21458766d099b,EPSG:4326,EPSG:32717,PROJECT_GEOMETRY_THEN_CENTROID_AS_ED1,574179.577464119,9456202.570960132,TRUE,TRUE,FALSE,PASS
200201,d966d2a38e80d6575490be32bde2e39b7db66a3c6e99b240e9c21458766d099b,EPSG:4326,EPSG:32717,PROJECT_GEOMETRY_THEN_CENTROID_AS_ED1,654563.240118096,9481822.365030244,TRUE,TRUE,FALSE,PASS
200202,d966d2a38e80d6575490be32bde2e39b7db66a3c6e99b240e9c21458766d099b,EPSG:4326,EPSG:32717,PROJECT_GEOMETRY_THEN_CENTROID_AS_ED1,614085.987437974,9455283.748286430,TRUE,TRUE,FALSE,PASS
200203,d966d2a38e80d6575490be32bde2e39b7db66a3c6e99b240e9c21458766d099b,EPSG:4326,EPSG:32717,PROJECT_GEOMETRY_THEN_CENTROID_AS_ED1,629608.190871797,9498982.943902813,TRUE,TRUE,FALSE,PASS
200204,d966d2a38e80d6575490be32bde2e39b7db66a3c6e99b240e9c21458766d099b,EPSG:4326,EPSG:32717,PROJECT_GEOMETRY_THEN_CENTROID_AS_ED1,627103.212505569,9471466.501582183,TRUE,TRUE,FALSE,PASS
200205,d966d2a38e80d6575490be32bde2e39b7db66a3c6e99b240e9c21458766d099b,EPSG:4326,EPSG:32717,PROJECT_GEOMETRY_THEN_CENTROID_AS_ED1,627927.945036372,9487207.746566428,TRUE,TRUE,FALSE,PASS
200206,d966d2a38e80d6575490be32bde2e39b7db66a3c6e99b240e9c21458766d099b,EPSG:4326,EPSG:32717,PROJECT_GEOMETRY_THEN_CENTROID_AS_ED1,649647.707834962,9453102.503965523,TRUE,TRUE,FALSE,PASS
200207,d966d2a38e80d6575490be32bde2e39b7db66a3c6e99b240e9c21458766d099b,EPSG:4326,EPSG:32717,PROJECT_GEOMETRY_THEN_CENTROID_AS_ED1,610328.403378393,9487387.393597761,TRUE,TRUE,FALSE,PASS
200208,d966d2a38e80d6575490be32bde2e39b7db66a3c6e99b240e9c21458766d099b,EPSG:4326,EPSG:32717,PROJECT_GEOMETRY_THEN_CENTROID_AS_ED1,612082.887902033,9471171.908848466,TRUE,TRUE,FALSE,PASS
200209,d966d2a38e80d6575490be32bde2e39b7db66a3c6e99b240e9c21458766d099b,EPSG:4326,EPSG:32717,PROJECT_GEOMETRY_THEN_CENTROID_AS_ED1,635613.370193255,9494418.122081187,TRUE,TRUE,FALSE,PASS
200210,d966d2a38e80d6575490be32bde2e39b7db66a3c6e99b240e9c21458766d099b,EPSG:4326,EPSG:32717,PROJECT_GEOMETRY_THEN_CENTROID_AS_ED1,603986.175860490,9506808.552831413,TRUE,TRUE,FALSE,PASS
200301,d966d2a38e80d6575490be32bde2e39b7db66a3c6e99b240e9c21458766d099b,EPSG:4326,EPSG:32717,PROJECT_GEOMETRY_THEN_CENTROID_AS_ED1,666545.440785720,9425374.344809525,TRUE,TRUE,FALSE,PASS
200302,d966d2a38e80d6575490be32bde2e39b7db66a3c6e99b240e9c21458766d099b,EPSG:4326,EPSG:32717,PROJECT_GEOMETRY_THEN_CENTROID_AS_ED1,652273.191215010,9412671.680994051,TRUE,TRUE,FALSE,PASS
200303,d966d2a38e80d6575490be32bde2e39b7db66a3c6e99b240e9c21458766d099b,EPSG:4326,EPSG:32717,PROJECT_GEOMETRY_THEN_CENTROID_AS_ED1,681185.754954658,9444448.614503890,TRUE,TRUE,FALSE,PASS
200304,d966d2a38e80d6575490be32bde2e39b7db66a3c6e99b240e9c21458766d099b,EPSG:4326,EPSG:32717,PROJECT_GEOMETRY_THEN_CENTROID_AS_ED1,658640.432496828,9370876.807320163,TRUE,TRUE,FALSE,PASS
200305,d966d2a38e80d6575490be32bde2e39b7db66a3c6e99b240e9c21458766d099b,EPSG:4326,EPSG:32717,PROJECT_GEOMETRY_THEN_CENTROID_AS_ED1,647977.718871219,9428165.239455523,TRUE,TRUE,FALSE,PASS
200306,d966d2a38e80d6575490be32bde2e39b7db66a3c6e99b240e9c21458766d099b,EPSG:4326,EPSG:32717,PROJECT_GEOMETRY_THEN_CENTROID_AS_ED1,654545.086316742,9400219.236910535,TRUE,TRUE,FALSE,PASS
200307,d966d2a38e80d6575490be32bde2e39b7db66a3c6e99b240e9c21458766d099b,EPSG:4326,EPSG:32717,PROJECT_GEOMETRY_THEN_CENTROID_AS_ED1,681442.260410522,9402487.251667237,TRUE,TRUE,FALSE,PASS
200308,d966d2a38e80d6575490be32bde2e39b7db66a3c6e99b240e9c21458766d099b,EPSG:4326,EPSG:32717,PROJECT_GEOMETRY_THEN_CENTROID_AS_ED1,670602.657270134,9403135.283207778,TRUE,TRUE,FALSE,PASS
200401,d966d2a38e80d6575490be32bde2e39b7db66a3c6e99b240e9c21458766d099b,EPSG:4326,EPSG:32717,PROJECT_GEOMETRY_THEN_CENTROID_AS_ED1,589291.627476251,9433828.577524988,TRUE,TRUE,FALSE,PASS
200402,d966d2a38e80d6575490be32bde2e39b7db66a3c6e99b240e9c21458766d099b,EPSG:4326,EPSG:32717,PROJECT_GEOMETRY_THEN_CENTROID_AS_ED1,619121.415316321,9417997.460697720,TRUE,TRUE,FALSE,PASS
200403,d966d2a38e80d6575490be32bde2e39b7db66a3c6e99b240e9c21458766d099b,EPSG:4326,EPSG:32717,PROJECT_GEOMETRY_THEN_CENTROID_AS_ED1,633818.744889583,9439877.532932702,TRUE,TRUE,FALSE,PASS
200404,d966d2a38e80d6575490be32bde2e39b7db66a3c6e99b240e9c21458766d099b,EPSG:4326,EPSG:32717,PROJECT_GEOMETRY_THEN_CENTROID_AS_ED1,601101.203266246,9407719.213999253,TRUE,TRUE,FALSE,PASS
200405,d966d2a38e80d6575490be32bde2e39b7db66a3c6e99b240e9c21458766d099b,EPSG:4326,EPSG:32717,PROJECT_GEOMETRY_THEN_CENTROID_AS_ED1,611012.066330287,9430366.953958102,TRUE,TRUE,FALSE,PASS
200406,d966d2a38e80d6575490be32bde2e39b7db66a3c6e99b240e9c21458766d099b,EPSG:4326,EPSG:32717,PROJECT_GEOMETRY_THEN_CENTROID_AS_ED1,629872.915680631,9398898.582052812,TRUE,TRUE,FALSE,PASS
200407,d966d2a38e80d6575490be32bde2e39b7db66a3c6e99b240e9c21458766d099b,EPSG:4326,EPSG:32717,PROJECT_GEOMETRY_THEN_CENTROID_AS_ED1,639485.262089315,9414486.742261324,TRUE,TRUE,FALSE,PASS
200408,d966d2a38e80d6575490be32bde2e39b7db66a3c6e99b240e9c21458766d099b,EPSG:4326,EPSG:32717,PROJECT_GEOMETRY_THEN_CENTROID_AS_ED1,624626.707244462,9433322.614663530,TRUE,TRUE,FALSE,PASS
200409,d966d2a38e80d6575490be32bde2e39b7db66a3c6e99b240e9c21458766d099b,EPSG:4326,EPSG:32717,PROJECT_GEOMETRY_THEN_CENTROID_AS_ED1,620753.758477697,9441359.950173398,TRUE,TRUE,FALSE,PASS
200410,d966d2a38e80d6575490be32bde2e39b7db66a3c6e99b240e9c21458766d099b,EPSG:4326,EPSG:32717,PROJECT_GEOMETRY_THEN_CENTROID_AS_ED1,636380.511459993,9429903.427492928,TRUE,TRUE,FALSE,PASS
200502,d966d2a38e80d6575490be32bde2e39b7db66a3c6e99b240e9c21458766d099b,EPSG:4326,EPSG:32717,PROJECT_GEOMETRY_THEN_CENTROID_AS_ED1,499249.890445053,9465515.554400072,TRUE,TRUE,FALSE,PASS
200503,d966d2a38e80d6575490be32bde2e39b7db66a3c6e99b240e9c21458766d099b,EPSG:4326,EPSG:32717,PROJECT_GEOMETRY_THEN_CENTROID_AS_ED1,496669.763145867,9458436.657228069,TRUE,TRUE,FALSE,PASS
200504,d966d2a38e80d6575490be32bde2e39b7db66a3c6e99b240e9c21458766d099b,EPSG:4326,EPSG:32717,PROJECT_GEOMETRY_THEN_CENTROID_AS_ED1,492134.200176465,9455003.314583253,TRUE,TRUE,FALSE,PASS
200505,d966d2a38e80d6575490be32bde2e39b7db66a3c6e99b240e9c21458766d099b,EPSG:4326,EPSG:32717,PROJECT_GEOMETRY_THEN_CENTROID_AS_ED1,509625.537773083,9440100.707125420,TRUE,TRUE,FALSE,PASS
200506,d966d2a38e80d6575490be32bde2e39b7db66a3c6e99b240e9c21458766d099b,EPSG:4326,EPSG:32717,PROJECT_GEOMETRY_THEN_CENTROID_AS_ED1,504143.964254333,9465299.875296062,TRUE,TRUE,FALSE,PASS
200507,d966d2a38e80d6575490be32bde2e39b7db66a3c6e99b240e9c21458766d099b,EPSG:4326,EPSG:32717,PROJECT_GEOMETRY_THEN_CENTROID_AS_ED1,488102.601133690,9465193.729880620,TRUE,TRUE,FALSE,PASS
200601,d966d2a38e80d6575490be32bde2e39b7db66a3c6e99b240e9c21458766d099b,EPSG:4326,EPSG:32717,PROJECT_GEOMETRY_THEN_CENTROID_AS_ED1,550326.910805423,9466608.085389793,TRUE,TRUE,FALSE,PASS
200603,d966d2a38e80d6575490be32bde2e39b7db66a3c6e99b240e9c21458766d099b,EPSG:4326,EPSG:32717,PROJECT_GEOMETRY_THEN_CENTROID_AS_ED1,512679.829463680,9466487.358421206,TRUE,TRUE,FALSE,PASS
200605,d966d2a38e80d6575490be32bde2e39b7db66a3c6e99b240e9c21458766d099b,EPSG:4326,EPSG:32717,PROJECT_GEOMETRY_THEN_CENTROID_AS_ED1,523855.818493846,9498510.545276122,TRUE,TRUE,FALSE,PASS
200606,d966d2a38e80d6575490be32bde2e39b7db66a3c6e99b240e9c21458766d099b,EPSG:4326,EPSG:32717,PROJECT_GEOMETRY_THEN_CENTROID_AS_ED1,523452.994121647,9441968.203377496,TRUE,TRUE,FALSE,PASS
200607,d966d2a38e80d6575490be32bde2e39b7db66a3c6e99b240e9c21458766d099b,EPSG:4326,EPSG:32717,PROJECT_GEOMETRY_THEN_CENTROID_AS_ED1,543887.184655430,9477600.968356568,TRUE,TRUE,FALSE,PASS
200608,d966d2a38e80d6575490be32bde2e39b7db66a3c6e99b240e9c21458766d099b,EPSG:4326,EPSG:32717,PROJECT_GEOMETRY_THEN_CENTROID_AS_ED1,535121.431725827,9465201.659725733,TRUE,TRUE,FALSE,PASS
200801,d966d2a38e80d6575490be32bde2e39b7db66a3c6e99b240e9c21458766d099b,EPSG:4326,EPSG:32717,PROJECT_GEOMETRY_THEN_CENTROID_AS_ED1,537170.971562642,9346070.764596464,TRUE,TRUE,FALSE,PASS
200802,d966d2a38e80d6575490be32bde2e39b7db66a3c6e99b240e9c21458766d099b,EPSG:4326,EPSG:32717,PROJECT_GEOMETRY_THEN_CENTROID_AS_ED1,528481.611889182,9400182.805649722,TRUE,TRUE,FALSE,PASS
200803,d966d2a38e80d6575490be32bde2e39b7db66a3c6e99b240e9c21458766d099b,EPSG:4326,EPSG:32717,PROJECT_GEOMETRY_THEN_CENTROID_AS_ED1,533010.498745082,9396727.993191263,TRUE,TRUE,FALSE,PASS
200804,d966d2a38e80d6575490be32bde2e39b7db66a3c6e99b240e9c21458766d099b,EPSG:4326,EPSG:32717,PROJECT_GEOMETRY_THEN_CENTROID_AS_ED1,539759.709931298,9388163.830524895,TRUE,TRUE,FALSE,PASS
200805,d966d2a38e80d6575490be32bde2e39b7db66a3c6e99b240e9c21458766d099b,EPSG:4326,EPSG:32717,PROJECT_GEOMETRY_THEN_CENTROID_AS_ED1,513897.445734572,9398849.136937981,TRUE,TRUE,FALSE,PASS
200806,d966d2a38e80d6575490be32bde2e39b7db66a3c6e99b240e9c21458766d099b,EPSG:4326,EPSG:32717,PROJECT_GEOMETRY_THEN_CENTROID_AS_ED1,524994.655155103,9394042.304801928,TRUE,TRUE,FALSE,PASS
