UBIGEO,COD_CULTIVO,CROP_STD,CAMPAIGN_ID,OUTCOME_VALID_FLAG,EXCLUSION_REASON,EXPOSURE_VALID,EXPOSURE_FAILURE_REASON,IDENTIFIED_OBSERVED_WEIGHT_FRACTION,INTERSECTION_STATUS
200101,14010020000,ARROZ,2016/2017,TRUE,<NA>,TRUE,NONE,0.50879566982408664,OUTCOME_VALID_EXPOSURE_VALID
200101,14010020000,ARROZ,2017/2018,TRUE,<NA>,TRUE,NONE,0.36858475894245724,OUTCOME_VALID_EXPOSURE_VALID
200101,14010020000,ARROZ,2018/2019,FALSE,ZERO_DENOMINATOR,FALSE,NO_POSITIVE_UNAMBIGUOUS_ASSIGNED_SIEMBRA,0,OUTCOME_INVALID_EXPOSURE_INVALID
200101,14010020000,ARROZ,2019/2020,TRUE,<NA>,TRUE,NONE,0.25,OUTCOME_VALID_EXPOSURE_VALID
200101,14010020000,ARROZ,2020/2021,TRUE,<NA>,TRUE,NONE,0.65079365079365081,OUTCOME_VALID_EXPOSURE_VALID
200101,14010020000,ARROZ,2021/2022,TRUE,<NA>,TRUE,NONE,0.10759493670886076,OUTCOME_VALID_EXPOSURE_VALID
200101,14010020000,ARROZ,2022/2023,TRUE,<NA>,TRUE,NONE,0.82051282051282048,OUTCOME_VALID_EXPOSURE_VALID
200101,14010070000,MAIZ AMARILLO DURO,2016/2017,TRUE,<NA>,TRUE,NONE,0.69999999999999996,OUTCOME_VALID_EXPOSURE_VALID
200101,14010070000,MAIZ AMARILLO DURO,2017/2018,TRUE,<NA>,TRUE,NONE,0.82352941176470584,OUTCOME_VALID_EXPOSURE_VALID
200101,14010070000,MAIZ AMARILLO DURO,2018/2019,TRUE,<NA>,TRUE,NONE,0.87692307692307692,OUTCOME_VALID_EXPOSURE_VALID
200101,14010070000,MAIZ AMARILLO DURO,2019/2020,TRUE,<NA>,TRUE,NONE,0.20454545454545456,OUTCOME_VALID_EXPOSURE_VALID
200101,14010070000,MAIZ AMARILLO DURO,2020/2021,TRUE,<NA>,TRUE,NONE,0.47674418604651164,OUTCOME_VALID_EXPOSURE_VALID
200101,14010070000,MAIZ AMARILLO DURO,2021/2022,TRUE,<NA>,TRUE,NONE,0.40361445783132532,OUTCOME_VALID_EXPOSURE_VALID
200101,14010070000,MAIZ AMARILLO DURO,2022/2023,TRUE,<NA>,TRUE,NONE,0.53787878787878785,OUTCOME_VALID_EXPOSURE_VALID
200104,14010020000,ARROZ,2016/2017,FALSE,INCOMPLETE_CAMPAIGN_NO_SOURCE_ROWS,FALSE,NO_POSITIVE_UNAMBIGUOUS_ASSIGNED_SIEMBRA,,OUTCOME_INVALID_EXPOSURE_INVALID
200104,14010020000,ARROZ,2017/2018,FALSE,ZERO_DENOMINATOR,FALSE,NO_POSITIVE_UNAMBIGUOUS_ASSIGNED_SIEMBRA,0,OUTCOME_INVALID_EXPOSURE_INVALID
200104,14010020000,ARROZ,2018/2019,TRUE,<NA>,FALSE,NO_POSITIVE_UNAMBIGUOUS_ASSIGNED_SIEMBRA,0,OUTCOME_VALID_EXPOSURE_INVALID
200104,14010020000,ARROZ,2019/2020,TRUE,<NA>,FALSE,NO_POSITIVE_UNAMBIGUOUS_ASSIGNED_SIEMBRA,0,OUTCOME_VALID_EXPOSURE_INVALID
200104,14010020000,ARROZ,2020/2021,FALSE,INCOMPLETE_CAMPAIGN_NO_SOURCE_ROWS,FALSE,NO_POSITIVE_UNAMBIGUOUS_ASSIGNED_SIEMBRA,0,OUTCOME_INVALID_EXPOSURE_INVALID
200104,14010020000,ARROZ,2021/2022,FALSE,INCOMPLETE_CAMPAIGN_NO_SOURCE_ROWS,FALSE,NO_POSITIVE_UNAMBIGUOUS_ASSIGNED_SIEMBRA,,OUTCOME_INVALID_EXPOSURE_INVALID
200104,14010020000,ARROZ,2022/2023,FALSE,INCOMPLETE_CAMPAIGN_NO_SOURCE_ROWS,FALSE,NO_POSITIVE_UNAMBIGUOUS_ASSIGNED_SIEMBRA,,OUTCOME_INVALID_EXPOSURE_INVALID
200104,14010070000,MAIZ AMARILLO DURO,2016/2017,TRUE,<NA>,TRUE,NONE,0.66666666666666663,OUTCOME_VALID_EXPOSURE_VALID
200104,14010070000,MAIZ AMARILLO DURO,2017/2018,TRUE,<NA>,TRUE,NONE,0.89743589743589747,OUTCOME_VALID_EXPOSURE_VALID
200104,14010070000,MAIZ AMARILLO DURO,2018/2019,TRUE,<NA>,TRUE,NONE,0.47368421052631576,OUTCOME_VALID_EXPOSURE_VALID
200104,14010070000,MAIZ AMARILLO DURO,2019/2020,TRUE,<NA>,TRUE,NONE,0.36666666666666664,OUTCOME_VALID_EXPOSURE_VALID
200104,14010070000,MAIZ AMARILLO DURO,2020/2021,TRUE,<NA>,TRUE,NONE,0.22857142857142856,OUTCOME_VALID_EXPOSURE_VALID
200104,14010070000,MAIZ AMARILLO DURO,2021/2022,TRUE,<NA>,TRUE,NONE,0.0069848661233993014,OUTCOME_VALID_EXPOSURE_VALID
200104,14010070000,MAIZ AMARILLO DURO,2022/2023,TRUE,<NA>,TRUE,NONE,0.029885057471264367,OUTCOME_VALID_EXPOSURE_VALID
200105,14010020000,ARROZ,2016/2017,TRUE,<NA>,TRUE,NONE,0.47411050043390224,OUTCOME_VALID_EXPOSURE_VALID
200105,14010020000,ARROZ,2017/2018,TRUE,<NA>,TRUE,NONE,0.47731239092495636,OUTCOME_VALID_EXPOSURE_VALID
200105,14010020000,ARROZ,2018/2019,TRUE,<NA>,TRUE,NONE,0.50380622837370237,OUTCOME_VALID_EXPOSURE_VALID
200105,14010020000,ARROZ,2019/2020,TRUE,<NA>,TRUE,NONE,0.4677143833276392,OUTCOME_VALID_EXPOSURE_VALID
200105,14010020000,ARROZ,2020/2021,TRUE,<NA>,TRUE,NONE,0.62355564565173327,OUTCOME_VALID_EXPOSURE_VALID
200105,14010020000,ARROZ,2021/2022,TRUE,<NA>,FALSE,NO_POSITIVE_UNAMBIGUOUS_ASSIGNED_SIEMBRA,0,OUTCOME_VALID_EXPOSURE_INVALID
200105,14010020000,ARROZ,2022/2023,TRUE,<NA>,TRUE,NONE,0.19225678358702847,OUTCOME_VALID_EXPOSURE_VALID
200105,14010070000,MAIZ AMARILLO DURO,2016/2017,TRUE,<NA>,TRUE,NONE,0.66431372549019607,OUTCOME_VALID_EXPOSURE_VALID
200105,14010070000,MAIZ AMARILLO DURO,2017/2018,TRUE,<NA>,TRUE,NONE,0.80645161290322576,OUTCOME_VALID_EXPOSURE_VALID
200105,14010070000,MAIZ AMARILLO DURO,2018/2019,TRUE,<NA>,TRUE,NONE,0.59440559440559437,OUTCOME_VALID_EXPOSURE_VALID
200105,14010070000,MAIZ AMARILLO DURO,2019/2020,TRUE,<NA>,TRUE,NONE,0.48751300728407909,OUTCOME_VALID_EXPOSURE_VALID
200105,14010070000,MAIZ AMARILLO DURO,2020/2021,TRUE,<NA>,TRUE,NONE,0.46605795950774115,OUTCOME_VALID_EXPOSURE_VALID
200105,14010070000,MAIZ AMARILLO DURO,2021/2022,TRUE,<NA>,TRUE,NONE,0.50459197061138805,OUTCOME_VALID_EXPOSURE_VALID
200105,14010070000,MAIZ AMARILLO DURO,2022/2023,TRUE,<NA>,TRUE,NONE,0.54887983706720977,OUTCOME_VALID_EXPOSURE_VALID
200107,14010020000,ARROZ,2016/2017,TRUE,<NA>,TRUE,NONE,0.36385936222403925,OUTCOME_VALID_EXPOSURE_VALID
200107,14010020000,ARROZ,2017/2018,TRUE,<NA>,TRUE,NONE,0.63102232667450053,OUTCOME_VALID_EXPOSURE_VALID
200107,14010020000,ARROZ,2018/2019,TRUE,<NA>,TRUE,NONE,0.5093099671412924,OUTCOME_VALID_EXPOSURE_VALID
200107,14010020000,ARROZ,2019/2020,TRUE,<NA>,TRUE,NONE,0.42782608695652175,OUTCOME_VALID_EXPOSURE_VALID
200107,14010020000,ARROZ,2020/2021,TRUE,<NA>,TRUE,NONE,0.5467625899280576,OUTCOME_VALID_EXPOSURE_VALID
200107,14010020000,ARROZ,2021/2022,TRUE,<NA>,FALSE,NO_POSITIVE_UNAMBIGUOUS_ASSIGNED_SIEMBRA,0,OUTCOME_VALID_EXPOSURE_INVALID
200107,14010020000,ARROZ,2022/2023,TRUE,<NA>,TRUE,NONE,0.25432276657060521,OUTCOME_VALID_EXPOSURE_VALID
200107,14010070000,MAIZ AMARILLO DURO,2016/2017,TRUE,<NA>,TRUE,NONE,0.48502994011976047,OUTCOME_VALID_EXPOSURE_VALID
200107,14010070000,MAIZ AMARILLO DURO,2017/2018,TRUE,<NA>,TRUE,NONE,0.6033519553072626,OUTCOME_VALID_EXPOSURE_VALID
200107,14010070000,MAIZ AMARILLO DURO,2018/2019,TRUE,<NA>,TRUE,NONE,0.47301136363636365,OUTCOME_VALID_EXPOSURE_VALID
200107,14010070000,MAIZ AMARILLO DURO,2019/2020,TRUE,<NA>,TRUE,NONE,0.51621621621621616,OUTCOME_VALID_EXPOSURE_VALID
200107,14010070000,MAIZ AMARILLO DURO,2020/2021,TRUE,<NA>,TRUE,NONE,0.45020576131687245,OUTCOME_VALID_EXPOSURE_VALID
200107,14010070000,MAIZ AMARILLO DURO,2021/2022,TRUE,<NA>,TRUE,NONE,0.49892703862660942,OUTCOME_VALID_EXPOSURE_VALID
200107,14010070000,MAIZ AMARILLO DURO,2022/2023,TRUE,<NA>,TRUE,NONE,0.47047619047619049,OUTCOME_VALID_EXPOSURE_VALID
200108,14010020000,ARROZ,2016/2017,TRUE,<NA>,TRUE,NONE,0.17244846656611362,OUTCOME_VALID_EXPOSURE_VALID
200108,14010020000,ARROZ,2017/2018,TRUE,<NA>,TRUE,NONE,0.41111111111111109,OUTCOME_VALID_EXPOSURE_VALID
200108,14010020000,ARROZ,2018/2019,TRUE,<NA>,TRUE,NONE,0.21257861635220127,OUTCOME_VALID_EXPOSURE_VALID
200108,14010020000,ARROZ,2019/2020,TRUE,<NA>,TRUE,NONE,0.47508896797153027,OUTCOME_VALID_EXPOSURE_VALID
200108,14010020000,ARROZ,2020/2021,TRUE,<NA>,TRUE,NONE,0.6578115117014548,OUTCOME_VALID_EXPOSURE_VALID
200108,14010020000,ARROZ,2021/2022,TRUE,<NA>,FALSE,NO_POSITIVE_UNAMBIGUOUS_ASSIGNED_SIEMBRA,0,OUTCOME_VALID_EXPOSURE_INVALID
200108,14010020000,ARROZ,2022/2023,TRUE,<NA>,TRUE,NONE,0.44399538106235564,OUTCOME_VALID_EXPOSURE_VALID
200108,14010070000,MAIZ AMARILLO DURO,2016/2017,TRUE,<NA>,TRUE,NONE,0.87005649717514122,OUTCOME_VALID_EXPOSURE_VALID
200108,14010070000,MAIZ AMARILLO DURO,2017/2018,TRUE,<NA>,TRUE,NONE,0.87635574837310193,OUTCOME_VALID_EXPOSURE_VALID
200108,14010070000,MAIZ AMARILLO DURO,2018/2019,TRUE,<NA>,TRUE,NONE,0.43822075782537068,OUTCOME_VALID_EXPOSURE_VALID
200108,14010070000,MAIZ AMARILLO DURO,2019/2020,TRUE,<NA>,TRUE,NONE,0.39622641509433965,OUTCOME_VALID_EXPOSURE_VALID
200108,14010070000,MAIZ AMARILLO DURO,2020/2021,TRUE,<NA>,TRUE,NONE,0.42452830188679247,OUTCOME_VALID_EXPOSURE_VALID
200108,14010070000,MAIZ AMARILLO DURO,2021/2022,TRUE,<NA>,TRUE,NONE,0.53055051421657595,OUTCOME_VALID_EXPOSURE_VALID
200108,14010070000,MAIZ AMARILLO DURO,2022/2023,TRUE,<NA>,TRUE,NONE,0.53430145217826741,OUTCOME_VALID_EXPOSURE_VALID
200109,14010020000,ARROZ,2016/2017,TRUE,<NA>,TRUE,NONE,0.30749174343820618,OUTCOME_VALID_EXPOSURE_VALID
200109,14010020000,ARROZ,2017/2018,TRUE,<NA>,TRUE,NONE,0.50952738184546131,OUTCOME_VALID_EXPOSURE_VALID
200109,14010020000,ARROZ,2018/2019,TRUE,<NA>,TRUE,NONE,0.40178867174561111,OUTCOME_VALID_EXPOSURE_VALID
200109,14010020000,ARROZ,2019/2020,TRUE,<NA>,TRUE,NONE,0.22445199135535659,OUTCOME_VALID_EXPOSURE_VALID
200109,14010020000,ARROZ,2020/2021,TRUE,<NA>,TRUE,NONE,0.44607110845533315,OUTCOME_VALID_EXPOSURE_VALID
200109,14010020000,ARROZ,2021/2022,TRUE,<NA>,TRUE,NONE,0.46943483275663206,OUTCOME_VALID_EXPOSURE_VALID
200109,14010020000,ARROZ,2022/2023,TRUE,<NA>,TRUE,NONE,0.49548872180451126,OUTCOME_VALID_EXPOSURE_VALID
200109,14010070000,MAIZ AMARILLO DURO,2016/2017,FALSE,INCOMPLETE_CAMPAIGN_NO_SOURCE_ROWS,FALSE,NO_POSITIVE_UNAMBIGUOUS_ASSIGNED_SIEMBRA,,OUTCOME_INVALID_EXPOSURE_INVALID
200109,14010070000,MAIZ AMARILLO DURO,2017/2018,FALSE,INCOMPLETE_CAMPAIGN_NO_SOURCE_ROWS,FALSE,NO_POSITIVE_UNAMBIGUOUS_ASSIGNED_SIEMBRA,,OUTCOME_INVALID_EXPOSURE_INVALID
200109,14010070000,MAIZ AMARILLO DURO,2018/2019,FALSE,INCOMPLETE_CAMPAIGN_NO_SOURCE_ROWS,FALSE,NO_POSITIVE_UNAMBIGUOUS_ASSIGNED_SIEMBRA,,OUTCOME_INVALID_EXPOSURE_INVALID
200109,14010070000,MAIZ AMARILLO DURO,2019/2020,FALSE,INCOMPLETE_CAMPAIGN_NO_SOURCE_ROWS,FALSE,NO_POSITIVE_UNAMBIGUOUS_ASSIGNED_SIEMBRA,,OUTCOME_INVALID_EXPOSURE_INVALID
200109,14010070000,MAIZ AMARILLO DURO,2020/2021,FALSE,INCOMPLETE_CAMPAIGN_NO_SOURCE_ROWS,FALSE,NO_POSITIVE_UNAMBIGUOUS_ASSIGNED_SIEMBRA,,OUTCOME_INVALID_EXPOSURE_INVALID
200109,14010070000,MAIZ AMARILLO DURO,2021/2022,TRUE,<NA>,FALSE,NO_POSITIVE_UNAMBIGUOUS_ASSIGNED_SIEMBRA,0,OUTCOME_VALID_EXPOSURE_INVALID
200109,14010070000,MAIZ AMARILLO DURO,2022/2023,TRUE,<NA>,TRUE,NONE,0.55839285714285714,OUTCOME_VALID_EXPOSURE_VALID
200110,14010020000,ARROZ,2016/2017,TRUE,<NA>,TRUE,NONE,0.18925344745601522,OUTCOME_VALID_EXPOSURE_VALID
200110,14010020000,ARROZ,2017/2018,TRUE,<NA>,TRUE,NONE,0.4274602026049204,OUTCOME_VALID_EXPOSURE_VALID
200110,14010020000,ARROZ,2018/2019,TRUE,<NA>,TRUE,NONE,0.34198331788693237,OUTCOME_VALID_EXPOSURE_VALID
200110,14010020000,ARROZ,2019/2020,TRUE,<NA>,TRUE,NONE,0.3003577817531306,OUTCOME_VALID_EXPOSURE_VALID
200110,14010020000,ARROZ,2020/2021,TRUE,<NA>,TRUE,NONE,0.41503946821769838,OUTCOME_VALID_EXPOSURE_VALID
200110,14010020000,ARROZ,2021/2022,TRUE,<NA>,TRUE,NONE,0.31443426590740281,OUTCOME_VALID_EXPOSURE_VALID
200110,14010020000,ARROZ,2022/2023,TRUE,<NA>,TRUE,NONE,0.23199688594783963,OUTCOME_VALID_EXPOSURE_VALID
200110,14010070000,MAIZ AMARILLO DURO,2016/2017,TRUE,<NA>,TRUE,NONE,0.94648829431438131,OUTCOME_VALID_EXPOSURE_VALID
200110,14010070000,MAIZ AMARILLO DURO,2017/2018,TRUE,<NA>,TRUE,NONE,0.89327485380116955,OUTCOME_VALID_EXPOSURE_VALID
200110,14010070000,MAIZ AMARILLO DURO,2018/2019,TRUE,<NA>,TRUE,NONE,0.67784552845528456,OUTCOME_VALID_EXPOSURE_VALID
200110,14010070000,MAIZ AMARILLO DURO,2019/2020,TRUE,<NA>,TRUE,NONE,0.59894459102902375,OUTCOME_VALID_EXPOSURE_VALID
200110,14010070000,MAIZ AMARILLO DURO,2020/2021,TRUE,<NA>,TRUE,NONE,0.74599156118143461,OUTCOME_VALID_EXPOSURE_VALID
200110,14010070000,MAIZ AMARILLO DURO,2021/2022,TRUE,<NA>,TRUE,NONE,0.58944723618090455,OUTCOME_VALID_EXPOSURE_VALID
200110,14010070000,MAIZ AMARILLO DURO,2022/2023,TRUE,<NA>,TRUE,NONE,0.47161716171617163,OUTCOME_VALID_EXPOSURE_VALID
200111,14010020000,ARROZ,2016/2017,TRUE,<NA>,TRUE,NONE,0.8666666666666667,OUTCOME_VALID_EXPOSURE_VALID
200111,14010020000,ARROZ,2017/2018,TRUE,<NA>,TRUE,NONE,0.96363636363636362,OUTCOME_VALID_EXPOSURE_VALID
200111,14010020000,ARROZ,2018/2019,TRUE,<NA>,TRUE,NONE,1,OUTCOME_VALID_EXPOSURE_VALID
200111,14010020000,ARROZ,2019/2020,TRUE,<NA>,TRUE,NONE,1,OUTCOME_VALID_EXPOSURE_VALID
200111,14010020000,ARROZ,2020/2021,TRUE,<NA>,TRUE,NONE,1,OUTCOME_VALID_EXPOSURE_VALID
200111,14010020000,ARROZ,2021/2022,TRUE,<NA>,TRUE,NONE,1,OUTCOME_VALID_EXPOSURE_VALID
200111,14010020000,ARROZ,2022/2023,TRUE,<NA>,TRUE,NONE,1,OUTCOME_VALID_EXPOSURE_VALID
200111,14010070000,MAIZ AMARILLO DURO,2016/2017,TRUE,<NA>,TRUE,NONE,0.82178217821782173,OUTCOME_VALID_EXPOSURE_VALID
200111,14010070000,MAIZ AMARILLO DURO,2017/2018,TRUE,<NA>,TRUE,NONE,0.59581320450885666,OUTCOME_VALID_EXPOSURE_VALID
200111,14010070000,MAIZ AMARILLO DURO,2018/2019,TRUE,<NA>,TRUE,NONE,0.66831874733396757,OUTCOME_VALID_EXPOSURE_VALID
200111,14010070000,MAIZ AMARILLO DURO,2019/2020,TRUE,<NA>,TRUE,NONE,1,OUTCOME_VALID_EXPOSURE_VALID
200111,14010070000,MAIZ AMARILLO DURO,2020/2021,TRUE,<NA>,TRUE,NONE,0.73913043478260865,OUTCOME_VALID_EXPOSURE_VALID
200111,14010070000,MAIZ AMARILLO DURO,2021/2022,TRUE,<NA>,TRUE,NONE,0.57894736842105265,OUTCOME_VALID_EXPOSURE_VALID
200111,14010070000,MAIZ AMARILLO DURO,2022/2023,TRUE,<NA>,TRUE,NONE,0.46050096339113678,OUTCOME_VALID_EXPOSURE_VALID
200114,14010020000,ARROZ,2016/2017,TRUE,<NA>,TRUE,NONE,0.59956709956709953,OUTCOME_VALID_EXPOSURE_VALID
200114,14010020000,ARROZ,2017/2018,TRUE,<NA>,TRUE,NONE,0.71248423707440101,OUTCOME_VALID_EXPOSURE_VALID
200114,14010020000,ARROZ,2018/2019,TRUE,<NA>,TRUE,NONE,0.60869565217391308,OUTCOME_VALID_EXPOSURE_VALID
200114,14010020000,ARROZ,2019/2020,TRUE,<NA>,TRUE,NONE,0.96367159118430612,OUTCOME_VALID_EXPOSURE_VALID
200114,14010020000,ARROZ,2020/2021,TRUE,<NA>,TRUE,NONE,0.93324204039712422,OUTCOME_VALID_EXPOSURE_VALID
200114,14010020000,ARROZ,2021/2022,TRUE,<NA>,TRUE,NONE,0.95045417010734934,OUTCOME_VALID_EXPOSURE_VALID
200114,14010020000,ARROZ,2022/2023,TRUE,<NA>,TRUE,NONE,0.98481561822125818,OUTCOME_VALID_EXPOSURE_VALID
200114,14010070000,MAIZ AMARILLO DURO,2016/2017,TRUE,<NA>,TRUE,NONE,0.85094850948509482,OUTCOME_VALID_EXPOSURE_VALID
200114,14010070000,MAIZ AMARILLO DURO,2017/2018,TRUE,<NA>,TRUE,NONE,0.78431372549019607,OUTCOME_VALID_EXPOSURE_VALID
200114,14010070000,MAIZ AMARILLO DURO,2018/2019,TRUE,<NA>,TRUE,NONE,0.81669691470054451,OUTCOME_VALID_EXPOSURE_VALID
200114,14010070000,MAIZ AMARILLO DURO,2019/2020,TRUE,<NA>,TRUE,NONE,0.63571428571428568,OUTCOME_VALID_EXPOSURE_VALID
200114,14010070000,MAIZ AMARILLO DURO,2020/2021,TRUE,<NA>,TRUE,NONE,0.47256637168141591,OUTCOME_VALID_EXPOSURE_VALID
200114,14010070000,MAIZ AMARILLO DURO,2021/2022,TRUE,<NA>,TRUE,NONE,0.26860254083484575,OUTCOME_VALID_EXPOSURE_VALID
200114,14010070000,MAIZ AMARILLO DURO,2022/2023,TRUE,<NA>,TRUE,NONE,0.53731343283582089,OUTCOME_VALID_EXPOSURE_VALID
200201,14010020000,ARROZ,2016/2017,TRUE,<NA>,TRUE,NONE,1,OUTCOME_VALID_EXPOSURE_VALID
200201,14010020000,ARROZ,2017/2018,TRUE,<NA>,TRUE,NONE,1,OUTCOME_VALID_EXPOSURE_VALID
200201,14010020000,ARROZ,2018/2019,TRUE,<NA>,TRUE,NONE,1,OUTCOME_VALID_EXPOSURE_VALID
200201,14010020000,ARROZ,2019/2020,TRUE,<NA>,TRUE,NONE,1,OUTCOME_VALID_EXPOSURE_VALID
200201,14010020000,ARROZ,2020/2021,TRUE,<NA>,TRUE,NONE,1,OUTCOME_VALID_EXPOSURE_VALID
200201,14010020000,ARROZ,2021/2022,TRUE,<NA>,TRUE,NONE,1,OUTCOME_VALID_EXPOSURE_VALID
200201,14010020000,ARROZ,2022/2023,TRUE,<NA>,TRUE,NONE,1,OUTCOME_VALID_EXPOSURE_VALID
200201,14010070000,MAIZ AMARILLO DURO,2016/2017,TRUE,<NA>,TRUE,NONE,0.31241997439180536,OUTCOME_VALID_EXPOSURE_VALID
200201,14010070000,MAIZ AMARILLO DURO,2017/2018,TRUE,<NA>,TRUE,NONE,0.24050632911392406,OUTCOME_VALID_EXPOSURE_VALID
200201,14010070000,MAIZ AMARILLO DURO,2018/2019,TRUE,<NA>,TRUE,NONE,0.013914656771799629,OUTCOME_VALID_EXPOSURE_VALID
200201,14010070000,MAIZ AMARILLO DURO,2019/2020,TRUE,<NA>,TRUE,NONE,0.15251442704039572,OUTCOME_VALID_EXPOSURE_VALID
200201,14010070000,MAIZ AMARILLO DURO,2020/2021,TRUE,<NA>,TRUE,NONE,0.38017324350336862,OUTCOME_VALID_EXPOSURE_VALID
200201,14010070000,MAIZ AMARILLO DURO,2021/2022,TRUE,<NA>,TRUE,NONE,0.30548523206751055,OUTCOME_VALID_EXPOSURE_VALID
200201,14010070000,MAIZ AMARILLO DURO,2022/2023,TRUE,<NA>,TRUE,NONE,0.013947001394700139,OUTCOME_VALID_EXPOSURE_VALID
200202,14010070000,MAIZ AMARILLO DURO,2016/2017,TRUE,<NA>,TRUE,NONE,0.3888888888888889,OUTCOME_VALID_EXPOSURE_VALID
200202,14010070000,MAIZ AMARILLO DURO,2017/2018,TRUE,<NA>,TRUE,NONE,0.61538461538461542,OUTCOME_VALID_EXPOSURE_VALID
200202,14010070000,MAIZ AMARILLO DURO,2018/2019,TRUE,<NA>,TRUE,NONE,0.66666666666666663,OUTCOME_VALID_EXPOSURE_VALID
200202,14010070000,MAIZ AMARILLO DURO,2019/2020,TRUE,<NA>,TRUE,NONE,0.80000000000000004,OUTCOME_VALID_EXPOSURE_VALID
200202,14010070000,MAIZ AMARILLO DURO,2020/2021,TRUE,<NA>,FALSE,NO_POSITIVE_UNAMBIGUOUS_ASSIGNED_SIEMBRA,0,OUTCOME_VALID_EXPOSURE_INVALID
200202,14010070000,MAIZ AMARILLO DURO,2021/2022,TRUE,<NA>,TRUE,NONE,0.097087378640776698,OUTCOME_VALID_EXPOSURE_VALID
200202,14010070000,MAIZ AMARILLO DURO,2022/2023,TRUE,<NA>,TRUE,NONE,0.11881188118811881,OUTCOME_VALID_EXPOSURE_VALID
200203,14010020000,ARROZ,2016/2017,TRUE,<NA>,TRUE,NONE,1,OUTCOME_VALID_EXPOSURE_VALID
200203,14010020000,ARROZ,2017/2018,TRUE,<NA>,TRUE,NONE,1,OUTCOME_VALID_EXPOSURE_VALID
200203,14010020000,ARROZ,2018/2019,TRUE,<NA>,TRUE,NONE,1,OUTCOME_VALID_EXPOSURE_VALID
200203,14010020000,ARROZ,2019/2020,TRUE,<NA>,TRUE,NONE,1,OUTCOME_VALID_EXPOSURE_VALID
200203,14010020000,ARROZ,2020/2021,TRUE,<NA>,TRUE,NONE,1,OUTCOME_VALID_EXPOSURE_VALID
200203,14010020000,ARROZ,2021/2022,TRUE,<NA>,TRUE,NONE,1,OUTCOME_VALID_EXPOSURE_VALID
200203,14010020000,ARROZ,2022/2023,TRUE,<NA>,TRUE,NONE,1,OUTCOME_VALID_EXPOSURE_VALID
200203,14010070000,MAIZ AMARILLO DURO,2016/2017,TRUE,<NA>,TRUE,NONE,0.082684824902723733,OUTCOME_VALID_EXPOSURE_VALID
200203,14010070000,MAIZ AMARILLO DURO,2017/2018,TRUE,<NA>,TRUE,NONE,0.087636932707355245,OUTCOME_VALID_EXPOSURE_VALID
200203,14010070000,MAIZ AMARILLO DURO,2018/2019,TRUE,<NA>,TRUE,NONE,0.12295081967213115,OUTCOME_VALID_EXPOSURE_VALID
200203,14010070000,MAIZ AMARILLO DURO,2019/2020,TRUE,<NA>,TRUE,NONE,0.14035087719298245,OUTCOME_VALID_EXPOSURE_VALID
200203,14010070000,MAIZ AMARILLO DURO,2020/2021,TRUE,<NA>,TRUE,NONE,0.34375,OUTCOME_VALID_EXPOSURE_VALID
200203,14010070000,MAIZ AMARILLO DURO,2021/2022,TRUE,<NA>,TRUE,NONE,0.082857142857142851,OUTCOME_VALID_EXPOSURE_VALID
200203,14010070000,MAIZ AMARILLO DURO,2022/2023,TRUE,<NA>,TRUE,NONE,0.47115384615384615,OUTCOME_VALID_EXPOSURE_VALID
200204,14010020000,ARROZ,2016/2017,TRUE,<NA>,TRUE,NONE,1,OUTCOME_VALID_EXPOSURE_VALID
200204,14010020000,ARROZ,2017/2018,FALSE,INCOMPLETE_CAMPAIGN_NO_SOURCE_ROWS,FALSE,NO_POSITIVE_UNAMBIGUOUS_ASSIGNED_SIEMBRA,,OUTCOME_INVALID_EXPOSURE_INVALID
200204,14010020000,ARROZ,2018/2019,TRUE,<NA>,TRUE,NONE,1,OUTCOME_VALID_EXPOSURE_VALID
200204,14010020000,ARROZ,2019/2020,TRUE,<NA>,TRUE,NONE,1,OUTCOME_VALID_EXPOSURE_VALID
200204,14010020000,ARROZ,2020/2021,TRUE,<NA>,TRUE,NONE,1,OUTCOME_VALID_EXPOSURE_VALID
200204,14010020000,ARROZ,2021/2022,TRUE,<NA>,TRUE,NONE,1,OUTCOME_VALID_EXPOSURE_VALID
200204,14010020000,ARROZ,2022/2023,TRUE,<NA>,TRUE,NONE,1,OUTCOME_VALID_EXPOSURE_VALID
200204,14010070000,MAIZ AMARILLO DURO,2016/2017,TRUE,<NA>,TRUE,NONE,0.5714285714285714,OUTCOME_VALID_EXPOSURE_VALID
200204,14010070000,MAIZ AMARILLO DURO,2017/2018,TRUE,<NA>,TRUE,NONE,0.5714285714285714,OUTCOME_VALID_EXPOSURE_VALID
200204,14010070000,MAIZ AMARILLO DURO,2018/2019,TRUE,<NA>,TRUE,NONE,0.16260162601626016,OUTCOME_VALID_EXPOSURE_VALID
200204,14010070000,MAIZ AMARILLO DURO,2019/2020,TRUE,<NA>,TRUE,NONE,0.25161290322580643,OUTCOME_VALID_EXPOSURE_VALID
200204,14010070000,MAIZ AMARILLO DURO,2020/2021,TRUE,<NA>,TRUE,NONE,0.58620689655172409,OUTCOME_VALID_EXPOSURE_VALID
200204,14010070000,MAIZ AMARILLO DURO,2021/2022,TRUE,<NA>,FALSE,NO_POSITIVE_UNAMBIGUOUS_ASSIGNED_SIEMBRA,0,OUTCOME_VALID_EXPOSURE_INVALID
200204,14010070000,MAIZ AMARILLO DURO,2022/2023,TRUE,<NA>,TRUE,NONE,0.19444444444444445,OUTCOME_VALID_EXPOSURE_VALID
200205,14010020000,ARROZ,2016/2017,TRUE,<NA>,TRUE,NONE,1,OUTCOME_VALID_EXPOSURE_VALID
200205,14010020000,ARROZ,2017/2018,TRUE,<NA>,TRUE,NONE,1,OUTCOME_VALID_EXPOSURE_VALID
200205,14010020000,ARROZ,2018/2019,TRUE,<NA>,TRUE,NONE,1,OUTCOME_VALID_EXPOSURE_VALID
200205,14010020000,ARROZ,2019/2020,TRUE,<NA>,TRUE,NONE,1,OUTCOME_VALID_EXPOSURE_VALID
200205,14010020000,ARROZ,2020/2021,TRUE,<NA>,TRUE,NONE,1,OUTCOME_VALID_EXPOSURE_VALID
200205,14010020000,ARROZ,2021/2022,TRUE,<NA>,TRUE,NONE,0.74285714285714288,OUTCOME_VALID_EXPOSURE_VALID
200205,14010020000,ARROZ,2022/2023,TRUE,<NA>,TRUE,NONE,0.76923076923076927,OUTCOME_VALID_EXPOSURE_VALID
200205,14010070000,MAIZ AMARILLO DURO,2016/2017,TRUE,<NA>,TRUE,NONE,0.088685015290519878,OUTCOME_VALID_EXPOSURE_VALID
200205,14010070000,MAIZ AMARILLO DURO,2017/2018,TRUE,<NA>,TRUE,NONE,0.053789731051344741,OUTCOME_VALID_EXPOSURE_VALID
200205,14010070000,MAIZ AMARILLO DURO,2018/2019,TRUE,<NA>,TRUE,NONE,0.20098039215686275,OUTCOME_VALID_EXPOSURE_VALID
200205,14010070000,MAIZ AMARILLO DURO,2019/2020,TRUE,<NA>,TRUE,NONE,0.095238095238095233,OUTCOME_VALID_EXPOSURE_VALID
200205,14010070000,MAIZ AMARILLO DURO,2020/2021,TRUE,<NA>,TRUE,NONE,0.29292929292929293,OUTCOME_VALID_EXPOSURE_VALID
200205,14010070000,MAIZ AMARILLO DURO,2021/2022,TRUE,<NA>,TRUE,NONE,0.087866108786610872,OUTCOME_VALID_EXPOSURE_VALID
200205,14010070000,MAIZ AMARILLO DURO,2022/2023,TRUE,<NA>,TRUE,NONE,0.27777777777777779,OUTCOME_VALID_EXPOSURE_VALID
200206,14010020000,ARROZ,2016/2017,TRUE,<NA>,TRUE,NONE,1,OUTCOME_VALID_EXPOSURE_VALID
200206,14010020000,ARROZ,2017/2018,TRUE,<NA>,TRUE,NONE,1,OUTCOME_VALID_EXPOSURE_VALID
200206,14010020000,ARROZ,2018/2019,TRUE,<NA>,TRUE,NONE,1,OUTCOME_VALID_EXPOSURE_VALID
200206,14010020000,ARROZ,2019/2020,TRUE,<NA>,TRUE,NONE,1,OUTCOME_VALID_EXPOSURE_VALID
200206,14010020000,ARROZ,2020/2021,TRUE,<NA>,TRUE,NONE,1,OUTCOME_VALID_EXPOSURE_VALID
200206,14010020000,ARROZ,2021/2022,TRUE,<NA>,FALSE,NO_POSITIVE_UNAMBIGUOUS_ASSIGNED_SIEMBRA,0,OUTCOME_VALID_EXPOSURE_INVALID
200206,14010020000,ARROZ,2022/2023,TRUE,<NA>,TRUE,NONE,0.25,OUTCOME_VALID_EXPOSURE_VALID
200206,14010070000,MAIZ AMARILLO DURO,2016/2017,FALSE,INCOMPLETE_CAMPAIGN_NO_SOURCE_ROWS,FALSE,NO_POSITIVE_UNAMBIGUOUS_ASSIGNED_SIEMBRA,,OUTCOME_INVALID_EXPOSURE_INVALID
200206,14010070000,MAIZ AMARILLO DURO,2017/2018,FALSE,INCOMPLETE_CAMPAIGN_NO_SOURCE_ROWS,FALSE,NO_POSITIVE_UNAMBIGUOUS_ASSIGNED_SIEMBRA,,OUTCOME_INVALID_EXPOSURE_INVALID
200206,14010070000,MAIZ AMARILLO DURO,2018/2019,FALSE,INCOMPLETE_CAMPAIGN_NO_SOURCE_ROWS,FALSE,NO_POSITIVE_UNAMBIGUOUS_ASSIGNED_SIEMBRA,,OUTCOME_INVALID_EXPOSURE_INVALID
200206,14010070000,MAIZ AMARILLO DURO,2019/2020,FALSE,INCOMPLETE_CAMPAIGN_NO_SOURCE_ROWS,FALSE,NO_POSITIVE_UNAMBIGUOUS_ASSIGNED_SIEMBRA,,OUTCOME_INVALID_EXPOSURE_INVALID
200206,14010070000,MAIZ AMARILLO DURO,2020/2021,FALSE,ZERO_DENOMINATOR,TRUE,NONE,1,OUTCOME_INVALID_EXPOSURE_VALID
200206,14010070000,MAIZ AMARILLO DURO,2021/2022,TRUE,<NA>,FALSE,NO_POSITIVE_UNAMBIGUOUS_ASSIGNED_SIEMBRA,0,OUTCOME_VALID_EXPOSURE_INVALID
200206,14010070000,MAIZ AMARILLO DURO,2022/2023,TRUE,<NA>,FALSE,NO_POSITIVE_UNAMBIGUOUS_ASSIGNED_SIEMBRA,0,OUTCOME_VALID_EXPOSURE_INVALID
200207,14010020000,ARROZ,2016/2017,TRUE,<NA>,TRUE,NONE,1,OUTCOME_VALID_EXPOSURE_VALID
200207,14010020000,ARROZ,2017/2018,TRUE,<NA>,TRUE,NONE,0.94333333333333336,OUTCOME_VALID_EXPOSURE_VALID
200207,14010020000,ARROZ,2018/2019,TRUE,<NA>,TRUE,NONE,0.88084232152028763,OUTCOME_VALID_EXPOSURE_VALID
200207,14010020000,ARROZ,2019/2020,TRUE,<NA>,TRUE,NONE,0.92642897566496885,OUTCOME_VALID_EXPOSURE_VALID
200207,14010020000,ARROZ,2020/2021,TRUE,<NA>,TRUE,NONE,1,OUTCOME_VALID_EXPOSURE_VALID
200207,14010020000,ARROZ,2021/2022,TRUE,<NA>,TRUE,NONE,0.91935483870967738,OUTCOME_VALID_EXPOSURE_VALID
200207,14010020000,ARROZ,2022/2023,TRUE,<NA>,TRUE,NONE,0.88235294117647056,OUTCOME_VALID_EXPOSURE_VALID
200207,14010070000,MAIZ AMARILLO DURO,2016/2017,TRUE,<NA>,TRUE,NONE,0.043583535108958835,OUTCOME_VALID_EXPOSURE_VALID
200207,14010070000,MAIZ AMARILLO DURO,2017/2018,TRUE,<NA>,TRUE,NONE,0.10082872928176796,OUTCOME_VALID_EXPOSURE_VALID
200207,14010070000,MAIZ AMARILLO DURO,2018/2019,TRUE,<NA>,TRUE,NONE,0.16545454545454547,OUTCOME_VALID_EXPOSURE_VALID
200207,14010070000,MAIZ AMARILLO DURO,2019/2020,TRUE,<NA>,TRUE,NONE,0.07032967032967033,OUTCOME_VALID_EXPOSURE_VALID
200207,14010070000,MAIZ AMARILLO DURO,2020/2021,TRUE,<NA>,FALSE,NO_POSITIVE_UNAMBIGUOUS_ASSIGNED_SIEMBRA,0,OUTCOME_VALID_EXPOSURE_INVALID
200207,14010070000,MAIZ AMARILLO DURO,2021/2022,TRUE,<NA>,TRUE,NONE,0.3867924528301887,OUTCOME_VALID_EXPOSURE_VALID
200207,14010070000,MAIZ AMARILLO DURO,2022/2023,TRUE,<NA>,TRUE,NONE,0.7142857142857143,OUTCOME_VALID_EXPOSURE_VALID
200208,14010020000,ARROZ,2016/2017,TRUE,<NA>,TRUE,NONE,1,OUTCOME_VALID_EXPOSURE_VALID
200208,14010020000,ARROZ,2017/2018,TRUE,<NA>,TRUE,NONE,1,OUTCOME_VALID_EXPOSURE_VALID
200208,14010020000,ARROZ,2018/2019,TRUE,<NA>,TRUE,NONE,1,OUTCOME_VALID_EXPOSURE_VALID
200208,14010020000,ARROZ,2019/2020,TRUE,<NA>,TRUE,NONE,1,OUTCOME_VALID_EXPOSURE_VALID
200208,14010020000,ARROZ,2020/2021,TRUE,<NA>,TRUE,NONE,1,OUTCOME_VALID_EXPOSURE_VALID
200208,14010020000,ARROZ,2021/2022,TRUE,<NA>,TRUE,NONE,1,OUTCOME_VALID_EXPOSURE_VALID
200208,14010020000,ARROZ,2022/2023,TRUE,<NA>,TRUE,NONE,1,OUTCOME_VALID_EXPOSURE_VALID
200208,14010070000,MAIZ AMARILLO DURO,2016/2017,TRUE,<NA>,TRUE,NONE,0.49315068493150682,OUTCOME_VALID_EXPOSURE_VALID
200208,14010070000,MAIZ AMARILLO DURO,2017/2018,TRUE,<NA>,TRUE,NONE,0.60416666666666663,OUTCOME_VALID_EXPOSURE_VALID
200208,14010070000,MAIZ AMARILLO DURO,2018/2019,TRUE,<NA>,TRUE,NONE,0.48979591836734693,OUTCOME_VALID_EXPOSURE_VALID
200208,14010070000,MAIZ AMARILLO DURO,2019/2020,TRUE,<NA>,TRUE,NONE,0.40833333333333333,OUTCOME_VALID_EXPOSURE_VALID
200208,14010070000,MAIZ AMARILLO DURO,2020/2021,TRUE,<NA>,TRUE,NONE,0.32558139534883723,OUTCOME_VALID_EXPOSURE_VALID
200208,14010070000,MAIZ AMARILLO DURO,2021/2022,TRUE,<NA>,TRUE,NONE,0.27027027027027029,OUTCOME_VALID_EXPOSURE_VALID
200208,14010070000,MAIZ AMARILLO DURO,2022/2023,TRUE,<NA>,TRUE,NONE,0.094736842105263161,OUTCOME_VALID_EXPOSURE_VALID
200209,14010020000,ARROZ,2016/2017,TRUE,<NA>,TRUE,NONE,1,OUTCOME_VALID_EXPOSURE_VALID
200209,14010020000,ARROZ,2017/2018,TRUE,<NA>,TRUE,NONE,1,OUTCOME_VALID_EXPOSURE_VALID
200209,14010020000,ARROZ,2018/2019,TRUE,<NA>,TRUE,NONE,1,OUTCOME_VALID_EXPOSURE_VALID
200209,14010020000,ARROZ,2019/2020,TRUE,<NA>,TRUE,NONE,1,OUTCOME_VALID_EXPOSURE_VALID
200209,14010020000,ARROZ,2020/2021,TRUE,<NA>,TRUE,NONE,1,OUTCOME_VALID_EXPOSURE_VALID
200209,14010020000,ARROZ,2021/2022,FALSE,INCOMPLETE_CAMPAIGN_NO_SOURCE_ROWS,FALSE,NO_POSITIVE_UNAMBIGUOUS_ASSIGNED_SIEMBRA,,OUTCOME_INVALID_EXPOSURE_INVALID
200209,14010020000,ARROZ,2022/2023,FALSE,INCOMPLETE_CAMPAIGN_NO_SOURCE_ROWS,FALSE,NO_POSITIVE_UNAMBIGUOUS_ASSIGNED_SIEMBRA,,OUTCOME_INVALID_EXPOSURE_INVALID
200209,14010070000,MAIZ AMARILLO DURO,2016/2017,TRUE,<NA>,TRUE,NONE,0.047619047619047616,OUTCOME_VALID_EXPOSURE_VALID
200209,14010070000,MAIZ AMARILLO DURO,2017/2018,TRUE,<NA>,TRUE,NONE,0.090909090909090912,OUTCOME_VALID_EXPOSURE_VALID
200209,14010070000,MAIZ AMARILLO DURO,2018/2019,TRUE,<NA>,TRUE,NONE,0.10000000000000001,OUTCOME_VALID_EXPOSURE_VALID
200209,14010070000,MAIZ AMARILLO DURO,2019/2020,TRUE,<NA>,TRUE,NONE,0.1411042944785276,OUTCOME_VALID_EXPOSURE_VALID
200209,14010070000,MAIZ AMARILLO DURO,2020/2021,TRUE,<NA>,TRUE,NONE,0.19075144508670519,OUTCOME_VALID_EXPOSURE_VALID
200209,14010070000,MAIZ AMARILLO DURO,2021/2022,TRUE,<NA>,TRUE,NONE,0.015267175572519083,OUTCOME_VALID_EXPOSURE_VALID
200209,14010070000,MAIZ AMARILLO DURO,2022/2023,TRUE,<NA>,TRUE,NONE,0.7808988764044944,OUTCOME_VALID_EXPOSURE_VALID
200210,14010020000,ARROZ,2016/2017,TRUE,<NA>,TRUE,NONE,1,OUTCOME_VALID_EXPOSURE_VALID
200210,14010020000,ARROZ,2017/2018,TRUE,<NA>,TRUE,NONE,1,OUTCOME_VALID_EXPOSURE_VALID
200210,14010020000,ARROZ,2018/2019,TRUE,<NA>,TRUE,NONE,1,OUTCOME_VALID_EXPOSURE_VALID
200210,14010020000,ARROZ,2019/2020,TRUE,<NA>,TRUE,NONE,1,OUTCOME_VALID_EXPOSURE_VALID
200210,14010020000,ARROZ,2020/2021,TRUE,<NA>,TRUE,NONE,1,OUTCOME_VALID_EXPOSURE_VALID
200210,14010020000,ARROZ,2021/2022,TRUE,<NA>,TRUE,NONE,1,OUTCOME_VALID_EXPOSURE_VALID
200210,14010020000,ARROZ,2022/2023,TRUE,<NA>,TRUE,NONE,1,OUTCOME_VALID_EXPOSURE_VALID
200210,14010070000,MAIZ AMARILLO DURO,2016/2017,TRUE,<NA>,TRUE,NONE,0.36231884057971014,OUTCOME_VALID_EXPOSURE_VALID
200210,14010070000,MAIZ AMARILLO DURO,2017/2018,TRUE,<NA>,TRUE,NONE,0.58823529411764708,OUTCOME_VALID_EXPOSURE_VALID
200210,14010070000,MAIZ AMARILLO DURO,2018/2019,TRUE,<NA>,TRUE,NONE,0.63636363636363635,OUTCOME_VALID_EXPOSURE_VALID
200210,14010070000,MAIZ AMARILLO DURO,2019/2020,TRUE,<NA>,TRUE,NONE,0.44444444444444442,OUTCOME_VALID_EXPOSURE_VALID
200210,14010070000,MAIZ AMARILLO DURO,2020/2021,TRUE,<NA>,TRUE,NONE,0.75,OUTCOME_VALID_EXPOSURE_VALID
200210,14010070000,MAIZ AMARILLO DURO,2021/2022,TRUE,<NA>,TRUE,NONE,0.43548387096774194,OUTCOME_VALID_EXPOSURE_VALID
200210,14010070000,MAIZ AMARILLO DURO,2022/2023,TRUE,<NA>,TRUE,NONE,0.31775700934579437,OUTCOME_VALID_EXPOSURE_VALID
200301,14010070000,MAIZ AMARILLO DURO,2016/2017,TRUE,<NA>,TRUE,NONE,0.64516129032258063,OUTCOME_VALID_EXPOSURE_VALID
200301,14010070000,MAIZ AMARILLO DURO,2017/2018,TRUE,<NA>,TRUE,NONE,1,OUTCOME_VALID_EXPOSURE_VALID
200301,14010070000,MAIZ AMARILLO DURO,2018/2019,TRUE,<NA>,TRUE,NONE,1,OUTCOME_VALID_EXPOSURE_VALID
200301,14010070000,MAIZ AMARILLO DURO,2019/2020,TRUE,<NA>,TRUE,NONE,1,OUTCOME_VALID_EXPOSURE_VALID
200301,14010070000,MAIZ AMARILLO DURO,2020/2021,TRUE,<NA>,TRUE,NONE,1,OUTCOME_VALID_EXPOSURE_VALID
200301,14010070000,MAIZ AMARILLO DURO,2021/2022,TRUE,<NA>,TRUE,NONE,0.94565217391304346,OUTCOME_VALID_EXPOSURE_VALID
200301,14010070000,MAIZ AMARILLO DURO,2022/2023,TRUE,<NA>,TRUE,NONE,0.88888888888888884,OUTCOME_VALID_EXPOSURE_VALID
200302,14010020000,ARROZ,2016/2017,TRUE,<NA>,TRUE,NONE,0.56818181818181823,OUTCOME_VALID_EXPOSURE_VALID
200302,14010020000,ARROZ,2017/2018,FALSE,ZERO_DENOMINATOR,TRUE,NONE,0.61538461538461542,OUTCOME_INVALID_EXPOSURE_VALID
200302,14010020000,ARROZ,2018/2019,TRUE,<NA>,FALSE,NO_POSITIVE_UNAMBIGUOUS_ASSIGNED_SIEMBRA,0,OUTCOME_VALID_EXPOSURE_INVALID
200302,14010020000,ARROZ,2019/2020,TRUE,<NA>,TRUE,NONE,0.67164179104477617,OUTCOME_VALID_EXPOSURE_VALID
200302,14010020000,ARROZ,2020/2021,TRUE,<NA>,TRUE,NONE,0.85365853658536583,OUTCOME_VALID_EXPOSURE_VALID
200302,14010020000,ARROZ,2021/2022,TRUE,<NA>,FALSE,NO_POSITIVE_UNAMBIGUOUS_ASSIGNED_SIEMBRA,0,OUTCOME_VALID_EXPOSURE_INVALID
200302,14010020000,ARROZ,2022/2023,TRUE,<NA>,TRUE,NONE,0.4375,OUTCOME_VALID_EXPOSURE_VALID
200302,14010070000,MAIZ AMARILLO DURO,2016/2017,TRUE,<NA>,TRUE,NONE,0.14782608695652175,OUTCOME_VALID_EXPOSURE_VALID
200302,14010070000,MAIZ AMARILLO DURO,2017/2018,TRUE,<NA>,TRUE,NONE,0.35772357723577236,OUTCOME_VALID_EXPOSURE_VALID
200302,14010070000,MAIZ AMARILLO DURO,2018/2019,TRUE,<NA>,FALSE,NO_POSITIVE_UNAMBIGUOUS_ASSIGNED_SIEMBRA,0,OUTCOME_VALID_EXPOSURE_INVALID
200302,14010070000,MAIZ AMARILLO DURO,2019/2020,TRUE,<NA>,TRUE,NONE,0.61052631578947369,OUTCOME_VALID_EXPOSURE_VALID
200302,14010070000,MAIZ AMARILLO DURO,2020/2021,FALSE,ZERO_DENOMINATOR,TRUE,NONE,1,OUTCOME_INVALID_EXPOSURE_VALID
200302,14010070000,MAIZ AMARILLO DURO,2021/2022,TRUE,<NA>,TRUE,NONE,0.38461538461538464,OUTCOME_VALID_EXPOSURE_VALID
200302,14010070000,MAIZ AMARILLO DURO,2022/2023,TRUE,<NA>,FALSE,NO_POSITIVE_UNAMBIGUOUS_ASSIGNED_SIEMBRA,0,OUTCOME_VALID_EXPOSURE_INVALID
200303,14010070000,MAIZ AMARILLO DURO,2016/2017,TRUE,<NA>,TRUE,NONE,1,OUTCOME_VALID_EXPOSURE_VALID
200303,14010070000,MAIZ AMARILLO DURO,2017/2018,TRUE,<NA>,TRUE,NONE,1,OUTCOME_VALID_EXPOSURE_VALID
200303,14010070000,MAIZ AMARILLO DURO,2018/2019,TRUE,<NA>,TRUE,NONE,1,OUTCOME_VALID_EXPOSURE_VALID
200303,14010070000,MAIZ AMARILLO DURO,2019/2020,FALSE,INCOMPLETE_CAMPAIGN_NO_SOURCE_ROWS,FALSE,NO_POSITIVE_UNAMBIGUOUS_ASSIGNED_SIEMBRA,,OUTCOME_INVALID_EXPOSURE_INVALID
200303,14010070000,MAIZ AMARILLO DURO,2020/2021,FALSE,ZERO_DENOMINATOR,TRUE,NONE,0.55555555555555558,OUTCOME_INVALID_EXPOSURE_VALID
200303,14010070000,MAIZ AMARILLO DURO,2021/2022,TRUE,<NA>,TRUE,NONE,0.55555555555555558,OUTCOME_VALID_EXPOSURE_VALID
200303,14010070000,MAIZ AMARILLO DURO,2022/2023,TRUE,<NA>,TRUE,NONE,0.14583333333333334,OUTCOME_VALID_EXPOSURE_VALID
200304,14010020000,ARROZ,2016/2017,TRUE,<NA>,TRUE,NONE,0.94871794871794868,OUTCOME_VALID_EXPOSURE_VALID
200304,14010020000,ARROZ,2017/2018,TRUE,<NA>,TRUE,NONE,0.71691176470588236,OUTCOME_VALID_EXPOSURE_VALID
200304,14010020000,ARROZ,2018/2019,TRUE,<NA>,TRUE,NONE,0.80604534005037787,OUTCOME_VALID_EXPOSURE_VALID
200304,14010020000,ARROZ,2019/2020,TRUE,<NA>,TRUE,NONE,1,OUTCOME_VALID_EXPOSURE_VALID
200304,14010020000,ARROZ,2020/2021,TRUE,<NA>,TRUE,NONE,1,OUTCOME_VALID_EXPOSURE_VALID
200304,14010020000,ARROZ,2021/2022,TRUE,<NA>,TRUE,NONE,1,OUTCOME_VALID_EXPOSURE_VALID
200304,14010020000,ARROZ,2022/2023,TRUE,<NA>,TRUE,NONE,0.76315789473684215,OUTCOME_VALID_EXPOSURE_VALID
200304,14010070000,MAIZ AMARILLO DURO,2016/2017,TRUE,<NA>,TRUE,NONE,0.38095238095238093,OUTCOME_VALID_EXPOSURE_VALID
200304,14010070000,MAIZ AMARILLO DURO,2017/2018,TRUE,<NA>,TRUE,NONE,0.54726368159203975,OUTCOME_VALID_EXPOSURE_VALID
200304,14010070000,MAIZ AMARILLO DURO,2018/2019,TRUE,<NA>,TRUE,NONE,0.51587301587301593,OUTCOME_VALID_EXPOSURE_VALID
200304,14010070000,MAIZ AMARILLO DURO,2019/2020,TRUE,<NA>,TRUE,NONE,0.68181818181818177,OUTCOME_VALID_EXPOSURE_VALID
200304,14010070000,MAIZ AMARILLO DURO,2020/2021,TRUE,<NA>,TRUE,NONE,0.63888888888888884,OUTCOME_VALID_EXPOSURE_VALID
200304,14010070000,MAIZ AMARILLO DURO,2021/2022,TRUE,<NA>,TRUE,NONE,0.84488448844884489,OUTCOME_VALID_EXPOSURE_VALID
200304,14010070000,MAIZ AMARILLO DURO,2022/2023,TRUE,<NA>,TRUE,NONE,0.25,OUTCOME_VALID_EXPOSURE_VALID
200305,14010020000,ARROZ,2016/2017,TRUE,<NA>,TRUE,NONE,0.65217391304347827,OUTCOME_VALID_EXPOSURE_VALID
200305,14010020000,ARROZ,2017/2018,FALSE,ZERO_DENOMINATOR,TRUE,NONE,0.88461538461538458,OUTCOME_INVALID_EXPOSURE_VALID
200305,14010020000,ARROZ,2018/2019,TRUE,<NA>,FALSE,NO_POSITIVE_UNAMBIGUOUS_ASSIGNED_SIEMBRA,0,OUTCOME_VALID_EXPOSURE_INVALID
200305,14010020000,ARROZ,2019/2020,TRUE,<NA>,TRUE,NONE,0.55319148936170215,OUTCOME_VALID_EXPOSURE_VALID
200305,14010020000,ARROZ,2020/2021,FALSE,INCOMPLETE_CAMPAIGN_NO_SOURCE_ROWS,FALSE,NO_POSITIVE_UNAMBIGUOUS_ASSIGNED_SIEMBRA,,OUTCOME_INVALID_EXPOSURE_INVALID
200305,14010020000,ARROZ,2021/2022,FALSE,INCOMPLETE_CAMPAIGN_NO_SOURCE_ROWS,FALSE,NO_POSITIVE_UNAMBIGUOUS_ASSIGNED_SIEMBRA,,OUTCOME_INVALID_EXPOSURE_INVALID
200305,14010020000,ARROZ,2022/2023,FALSE,INCOMPLETE_CAMPAIGN_NO_SOURCE_ROWS,FALSE,NO_POSITIVE_UNAMBIGUOUS_ASSIGNED_SIEMBRA,,OUTCOME_INVALID_EXPOSURE_INVALID
200305,14010070000,MAIZ AMARILLO DURO,2016/2017,TRUE,<NA>,TRUE,NONE,0.81481481481481477,OUTCOME_VALID_EXPOSURE_VALID
200305,14010070000,MAIZ AMARILLO DURO,2017/2018,FALSE,ZERO_DENOMINATOR,TRUE,NONE,0.87804878048780488,OUTCOME_INVALID_EXPOSURE_VALID
200305,14010070000,MAIZ AMARILLO DURO,2018/2019,TRUE,<NA>,FALSE,NO_POSITIVE_UNAMBIGUOUS_ASSIGNED_SIEMBRA,0,OUTCOME_VALID_EXPOSURE_INVALID
200305,14010070000,MAIZ AMARILLO DURO,2019/2020,TRUE,<NA>,TRUE,NONE,0.4942528735632184,OUTCOME_VALID_EXPOSURE_VALID
200305,14010070000,MAIZ AMARILLO DURO,2020/2021,FALSE,INCOMPLETE_CAMPAIGN_NO_SOURCE_ROWS,FALSE,NO_POSITIVE_UNAMBIGUOUS_ASSIGNED_SIEMBRA,0,OUTCOME_INVALID_EXPOSURE_INVALID
200305,14010070000,MAIZ AMARILLO DURO,2021/2022,FALSE,INCOMPLETE_CAMPAIGN_NO_SOURCE_ROWS,FALSE,NO_POSITIVE_UNAMBIGUOUS_ASSIGNED_SIEMBRA,,OUTCOME_INVALID_EXPOSURE_INVALID
200305,14010070000,MAIZ AMARILLO DURO,2022/2023,TRUE,<NA>,TRUE,NONE,1,OUTCOME_VALID_EXPOSURE_VALID
200306,14010020000,ARROZ,2016/2017,TRUE,<NA>,TRUE,NONE,0.66666666666666663,OUTCOME_VALID_EXPOSURE_VALID
200306,14010020000,ARROZ,2017/2018,FALSE,ZERO_DENOMINATOR,TRUE,NONE,0.76744186046511631,OUTCOME_INVALID_EXPOSURE_VALID
200306,14010020000,ARROZ,2018/2019,TRUE,<NA>,FALSE,NO_POSITIVE_UNAMBIGUOUS_ASSIGNED_SIEMBRA,0,OUTCOME_VALID_EXPOSURE_INVALID
200306,14010020000,ARROZ,2019/2020,TRUE,<NA>,TRUE,NONE,0.48275862068965519,OUTCOME_VALID_EXPOSURE_VALID
200306,14010020000,ARROZ,2020/2021,TRUE,<NA>,TRUE,NONE,1,OUTCOME_VALID_EXPOSURE_VALID
200306,14010020000,ARROZ,2021/2022,TRUE,<NA>,TRUE,NONE,0.5,OUTCOME_VALID_EXPOSURE_VALID
200306,14010020000,ARROZ,2022/2023,TRUE,<NA>,TRUE,NONE,0.66666666666666663,OUTCOME_VALID_EXPOSURE_VALID
200306,14010070000,MAIZ AMARILLO DURO,2016/2017,TRUE,<NA>,TRUE,NONE,0.034632034632034632,OUTCOME_VALID_EXPOSURE_VALID
200306,14010070000,MAIZ AMARILLO DURO,2017/2018,TRUE,<NA>,TRUE,NONE,0.19851116625310175,OUTCOME_VALID_EXPOSURE_VALID
200306,14010070000,MAIZ AMARILLO DURO,2018/2019,TRUE,<NA>,FALSE,NO_POSITIVE_UNAMBIGUOUS_ASSIGNED_SIEMBRA,0,OUTCOME_VALID_EXPOSURE_INVALID
200306,14010070000,MAIZ AMARILLO DURO,2019/2020,TRUE,<NA>,TRUE,NONE,0.5799256505576208,OUTCOME_VALID_EXPOSURE_VALID
200306,14010070000,MAIZ AMARILLO DURO,2020/2021,TRUE,<NA>,TRUE,NONE,1,OUTCOME_VALID_EXPOSURE_VALID
200306,14010070000,MAIZ AMARILLO DURO,2021/2022,TRUE,<NA>,TRUE,NONE,0.66878980891719741,OUTCOME_VALID_EXPOSURE_VALID
200306,14010070000,MAIZ AMARILLO DURO,2022/2023,TRUE,<NA>,TRUE,NONE,0.40000000000000002,OUTCOME_VALID_EXPOSURE_VALID
200307,14010070000,MAIZ AMARILLO DURO,2016/2017,TRUE,<NA>,TRUE,NONE,1,OUTCOME_VALID_EXPOSURE_VALID
200307,14010070000,MAIZ AMARILLO DURO,2017/2018,TRUE,<NA>,TRUE,NONE,1,OUTCOME_VALID_EXPOSURE_VALID
200307,14010070000,MAIZ AMARILLO DURO,2018/2019,TRUE,<NA>,TRUE,NONE,1,OUTCOME_VALID_EXPOSURE_VALID
200307,14010070000,MAIZ AMARILLO DURO,2019/2020,TRUE,<NA>,TRUE,NONE,0.88888888888888884,OUTCOME_VALID_EXPOSURE_VALID
200307,14010070000,MAIZ AMARILLO DURO,2020/2021,TRUE,<NA>,TRUE,NONE,0.88888888888888884,OUTCOME_VALID_EXPOSURE_VALID
200307,14010070000,MAIZ AMARILLO DURO,2021/2022,TRUE,<NA>,TRUE,NONE,0.77419354838709675,OUTCOME_VALID_EXPOSURE_VALID
200307,14010070000,MAIZ AMARILLO DURO,2022/2023,TRUE,<NA>,TRUE,NONE,0.39393939393939392,OUTCOME_VALID_EXPOSURE_VALID
200308,14010070000,MAIZ AMARILLO DURO,2016/2017,TRUE,<NA>,TRUE,NONE,0.53535353535353536,OUTCOME_VALID_EXPOSURE_VALID
200308,14010070000,MAIZ AMARILLO DURO,2017/2018,TRUE,<NA>,TRUE,NONE,0.90540540540540537,OUTCOME_VALID_EXPOSURE_VALID
200308,14010070000,MAIZ AMARILLO DURO,2018/2019,TRUE,<NA>,TRUE,NONE,0.37037037037037035,OUTCOME_VALID_EXPOSURE_VALID
200308,14010070000,MAIZ AMARILLO DURO,2019/2020,TRUE,<NA>,TRUE,NONE,0.90196078431372551,OUTCOME_VALID_EXPOSURE_VALID
200308,14010070000,MAIZ AMARILLO DURO,2020/2021,TRUE,<NA>,TRUE,NONE,1,OUTCOME_VALID_EXPOSURE_VALID
200308,14010070000,MAIZ AMARILLO DURO,2021/2022,TRUE,<NA>,TRUE,NONE,0.59183673469387754,OUTCOME_VALID_EXPOSURE_VALID
200308,14010070000,MAIZ AMARILLO DURO,2022/2023,TRUE,<NA>,FALSE,NO_POSITIVE_UNAMBIGUOUS_ASSIGNED_SIEMBRA,0,OUTCOME_VALID_EXPOSURE_INVALID
200401,14010020000,ARROZ,2016/2017,TRUE,<NA>,TRUE,NONE,0.64411764705882357,OUTCOME_VALID_EXPOSURE_VALID
200401,14010020000,ARROZ,2017/2018,TRUE,<NA>,TRUE,NONE,0.7834821428571429,OUTCOME_VALID_EXPOSURE_VALID
200401,14010020000,ARROZ,2018/2019,TRUE,<NA>,TRUE,NONE,0.47674418604651164,OUTCOME_VALID_EXPOSURE_VALID
200401,14010020000,ARROZ,2019/2020,TRUE,<NA>,TRUE,NONE,0.11818181818181818,OUTCOME_VALID_EXPOSURE_VALID
200401,14010020000,ARROZ,2020/2021,TRUE,<NA>,TRUE,NONE,0.18962075848303392,OUTCOME_VALID_EXPOSURE_VALID
200401,14010020000,ARROZ,2021/2022,TRUE,<NA>,TRUE,NONE,0.17985611510791366,OUTCOME_VALID_EXPOSURE_VALID
200401,14010020000,ARROZ,2022/2023,TRUE,<NA>,TRUE,NONE,0.125,OUTCOME_VALID_EXPOSURE_VALID
200401,14010070000,MAIZ AMARILLO DURO,2016/2017,TRUE,<NA>,TRUE,NONE,0.0071971211515393842,OUTCOME_VALID_EXPOSURE_VALID
200401,14010070000,MAIZ AMARILLO DURO,2017/2018,TRUE,<NA>,TRUE,NONE,0.29247910863509752,OUTCOME_VALID_EXPOSURE_VALID
200401,14010070000,MAIZ AMARILLO DURO,2018/2019,TRUE,<NA>,TRUE,NONE,0.0031746031746031746,OUTCOME_VALID_EXPOSURE_VALID
200401,14010070000,MAIZ AMARILLO DURO,2019/2020,TRUE,<NA>,TRUE,NONE,0.0089285714285714281,OUTCOME_VALID_EXPOSURE_VALID
200401,14010070000,MAIZ AMARILLO DURO,2020/2021,TRUE,<NA>,TRUE,NONE,0.018181818181818181,OUTCOME_VALID_EXPOSURE_VALID
200401,14010070000,MAIZ AMARILLO DURO,2021/2022,TRUE,<NA>,TRUE,NONE,0.023529411764705882,OUTCOME_VALID_EXPOSURE_VALID
200401,14010070000,MAIZ AMARILLO DURO,2022/2023,TRUE,<NA>,TRUE,NONE,0.012770137524557957,OUTCOME_VALID_EXPOSURE_VALID
200402,14010020000,ARROZ,2016/2017,TRUE,<NA>,TRUE,NONE,0.5714285714285714,OUTCOME_VALID_EXPOSURE_VALID
200402,14010020000,ARROZ,2017/2018,TRUE,<NA>,TRUE,NONE,0.59999999999999998,OUTCOME_VALID_EXPOSURE_VALID
200402,14010020000,ARROZ,2018/2019,TRUE,<NA>,TRUE,NONE,0.7142857142857143,OUTCOME_VALID_EXPOSURE_VALID
200402,14010020000,ARROZ,2019/2020,TRUE,<NA>,TRUE,NONE,0.43080939947780678,OUTCOME_VALID_EXPOSURE_VALID
200402,14010020000,ARROZ,2020/2021,TRUE,<NA>,TRUE,NONE,0.60851926977687631,OUTCOME_VALID_EXPOSURE_VALID
200402,14010020000,ARROZ,2021/2022,TRUE,<NA>,TRUE,NONE,0.92307692307692313,OUTCOME_VALID_EXPOSURE_VALID
200402,14010020000,ARROZ,2022/2023,TRUE,<NA>,TRUE,NONE,0.72727272727272729,OUTCOME_VALID_EXPOSURE_VALID
200402,14010070000,MAIZ AMARILLO DURO,2016/2017,TRUE,<NA>,FALSE,NO_POSITIVE_UNAMBIGUOUS_ASSIGNED_SIEMBRA,0,OUTCOME_VALID_EXPOSURE_INVALID
200402,14010070000,MAIZ AMARILLO DURO,2017/2018,TRUE,<NA>,TRUE,NONE,0.090909090909090912,OUTCOME_VALID_EXPOSURE_VALID
200402,14010070000,MAIZ AMARILLO DURO,2018/2019,TRUE,<NA>,TRUE,NONE,0.083333333333333329,OUTCOME_VALID_EXPOSURE_VALID
200402,14010070000,MAIZ AMARILLO DURO,2019/2020,TRUE,<NA>,FALSE,NO_POSITIVE_UNAMBIGUOUS_ASSIGNED_SIEMBRA,0,OUTCOME_VALID_EXPOSURE_INVALID
200402,14010070000,MAIZ AMARILLO DURO,2020/2021,TRUE,<NA>,TRUE,NONE,0.10344827586206896,OUTCOME_VALID_EXPOSURE_VALID
200402,14010070000,MAIZ AMARILLO DURO,2021/2022,FALSE,INCOMPLETE_CAMPAIGN_NO_SOURCE_ROWS,FALSE,NO_POSITIVE_UNAMBIGUOUS_ASSIGNED_SIEMBRA,0,OUTCOME_INVALID_EXPOSURE_INVALID
200402,14010070000,MAIZ AMARILLO DURO,2022/2023,TRUE,<NA>,FALSE,NO_POSITIVE_UNAMBIGUOUS_ASSIGNED_SIEMBRA,0,OUTCOME_VALID_EXPOSURE_INVALID
200403,14010070000,MAIZ AMARILLO DURO,2016/2017,TRUE,<NA>,TRUE,NONE,0.44444444444444442,OUTCOME_VALID_EXPOSURE_VALID
200403,14010070000,MAIZ AMARILLO DURO,2017/2018,TRUE,<NA>,FALSE,NO_POSITIVE_UNAMBIGUOUS_ASSIGNED_SIEMBRA,0,OUTCOME_VALID_EXPOSURE_INVALID
200403,14010070000,MAIZ AMARILLO DURO,2018/2019,TRUE,<NA>,TRUE,NONE,0.26610644257703081,OUTCOME_VALID_EXPOSURE_VALID
200403,14010070000,MAIZ AMARILLO DURO,2019/2020,FALSE,ZERO_DENOMINATOR,TRUE,NONE,1,OUTCOME_INVALID_EXPOSURE_VALID
200403,14010070000,MAIZ AMARILLO DURO,2020/2021,TRUE,<NA>,TRUE,NONE,1,OUTCOME_VALID_EXPOSURE_VALID
200403,14010070000,MAIZ AMARILLO DURO,2021/2022,TRUE,<NA>,FALSE,NO_POSITIVE_UNAMBIGUOUS_ASSIGNED_SIEMBRA,0,OUTCOME_VALID_EXPOSURE_INVALID
200403,14010070000,MAIZ AMARILLO DURO,2022/2023,TRUE,<NA>,FALSE,NO_POSITIVE_UNAMBIGUOUS_ASSIGNED_SIEMBRA,0,OUTCOME_VALID_EXPOSURE_INVALID
200404,14010070000,MAIZ AMARILLO DURO,2016/2017,TRUE,<NA>,TRUE,NONE,0.06513872135102533,OUTCOME_VALID_EXPOSURE_VALID
200404,14010070000,MAIZ AMARILLO DURO,2017/2018,TRUE,<NA>,TRUE,NONE,0.061224489795918366,OUTCOME_VALID_EXPOSURE_VALID
200404,14010070000,MAIZ AMARILLO DURO,2018/2019,TRUE,<NA>,FALSE,NO_POSITIVE_UNAMBIGUOUS_ASSIGNED_SIEMBRA,0,OUTCOME_VALID_EXPOSURE_INVALID
200404,14010070000,MAIZ AMARILLO DURO,2019/2020,TRUE,<NA>,TRUE,NONE,0.039603960396039604,OUTCOME_VALID_EXPOSURE_VALID
200404,14010070000,MAIZ AMARILLO DURO,2020/2021,TRUE,<NA>,FALSE,NO_POSITIVE_UNAMBIGUOUS_ASSIGNED_SIEMBRA,0,OUTCOME_VALID_EXPOSURE_INVALID
200404,14010070000,MAIZ AMARILLO DURO,2021/2022,TRUE,<NA>,TRUE,NONE,0.083798882681564241,OUTCOME_VALID_EXPOSURE_VALID
200404,14010070000,MAIZ AMARILLO DURO,2022/2023,TRUE,<NA>,TRUE,NONE,0.047619047619047616,OUTCOME_VALID_EXPOSURE_VALID
200405,14010020000,ARROZ,2016/2017,TRUE,<NA>,TRUE,NONE,0.40000000000000002,OUTCOME_VALID_EXPOSURE_VALID
200405,14010020000,ARROZ,2017/2018,TRUE,<NA>,TRUE,NONE,0.42938659058487877,OUTCOME_VALID_EXPOSURE_VALID
200405,14010020000,ARROZ,2018/2019,TRUE,<NA>,TRUE,NONE,0.6071428571428571,OUTCOME_VALID_EXPOSURE_VALID
200405,14010020000,ARROZ,2019/2020,TRUE,<NA>,TRUE,NONE,0.69565217391304346,OUTCOME_VALID_EXPOSURE_VALID
200405,14010020000,ARROZ,2020/2021,TRUE,<NA>,TRUE,NONE,0.76000000000000001,OUTCOME_VALID_EXPOSURE_VALID
200405,14010020000,ARROZ,2021/2022,TRUE,<NA>,TRUE,NONE,0.90291262135922334,OUTCOME_VALID_EXPOSURE_VALID
200405,14010020000,ARROZ,2022/2023,TRUE,<NA>,TRUE,NONE,0.75,OUTCOME_VALID_EXPOSURE_VALID
200405,14010070000,MAIZ AMARILLO DURO,2016/2017,TRUE,<NA>,TRUE,NONE,0.019607843137254902,OUTCOME_VALID_EXPOSURE_VALID
200405,14010070000,MAIZ AMARILLO DURO,2017/2018,TRUE,<NA>,FALSE,NO_POSITIVE_UNAMBIGUOUS_ASSIGNED_SIEMBRA,0,OUTCOME_VALID_EXPOSURE_INVALID
200405,14010070000,MAIZ AMARILLO DURO,2018/2019,TRUE,<NA>,TRUE,NONE,0.014778325123152709,OUTCOME_VALID_EXPOSURE_VALID
200405,14010070000,MAIZ AMARILLO DURO,2019/2020,TRUE,<NA>,TRUE,NONE,0.012658227848101266,OUTCOME_VALID_EXPOSURE_VALID
200405,14010070000,MAIZ AMARILLO DURO,2020/2021,TRUE,<NA>,TRUE,NONE,0.020833333333333332,OUTCOME_VALID_EXPOSURE_VALID
200405,14010070000,MAIZ AMARILLO DURO,2021/2022,TRUE,<NA>,TRUE,NONE,0.058823529411764705,OUTCOME_VALID_EXPOSURE_VALID
200405,14010070000,MAIZ AMARILLO DURO,2022/2023,TRUE,<NA>,TRUE,NONE,0.064516129032258063,OUTCOME_VALID_EXPOSURE_VALID
200406,14010020000,ARROZ,2016/2017,TRUE,<NA>,TRUE,NONE,0.33333333333333331,OUTCOME_VALID_EXPOSURE_VALID
200406,14010020000,ARROZ,2017/2018,TRUE,<NA>,TRUE,NONE,0.81818181818181823,OUTCOME_VALID_EXPOSURE_VALID
200406,14010020000,ARROZ,2018/2019,TRUE,<NA>,TRUE,NONE,0.8571428571428571,OUTCOME_VALID_EXPOSURE_VALID
200406,14010020000,ARROZ,2019/2020,TRUE,<NA>,FALSE,NO_POSITIVE_UNAMBIGUOUS_ASSIGNED_SIEMBRA,0,OUTCOME_VALID_EXPOSURE_INVALID
200406,14010020000,ARROZ,2020/2021,TRUE,<NA>,TRUE,NONE,0.66666666666666663,OUTCOME_VALID_EXPOSURE_VALID
200406,14010020000,ARROZ,2021/2022,TRUE,<NA>,TRUE,NONE,0.8666666666666667,OUTCOME_VALID_EXPOSURE_VALID
200406,14010020000,ARROZ,2022/2023,TRUE,<NA>,TRUE,NONE,0.35294117647058826,OUTCOME_VALID_EXPOSURE_VALID
200406,14010070000,MAIZ AMARILLO DURO,2016/2017,TRUE,<NA>,TRUE,NONE,0.65957446808510634,OUTCOME_VALID_EXPOSURE_VALID
200406,14010070000,MAIZ AMARILLO DURO,2017/2018,TRUE,<NA>,TRUE,NONE,0.21052631578947367,OUTCOME_VALID_EXPOSURE_VALID
200406,14010070000,MAIZ AMARILLO DURO,2018/2019,TRUE,<NA>,FALSE,NO_POSITIVE_UNAMBIGUOUS_ASSIGNED_SIEMBRA,0,OUTCOME_VALID_EXPOSURE_INVALID
200406,14010070000,MAIZ AMARILLO DURO,2019/2020,TRUE,<NA>,FALSE,NO_POSITIVE_UNAMBIGUOUS_ASSIGNED_SIEMBRA,0,OUTCOME_VALID_EXPOSURE_INVALID
200406,14010070000,MAIZ AMARILLO DURO,2020/2021,TRUE,<NA>,TRUE,NONE,0.053333333333333337,OUTCOME_VALID_EXPOSURE_VALID
200406,14010070000,MAIZ AMARILLO DURO,2021/2022,TRUE,<NA>,TRUE,NONE,0.17857142857142858,OUTCOME_VALID_EXPOSURE_VALID
200406,14010070000,MAIZ AMARILLO DURO,2022/2023,TRUE,<NA>,TRUE,NONE,0.024691358024691357,OUTCOME_VALID_EXPOSURE_VALID
200407,14010020000,ARROZ,2016/2017,TRUE,<NA>,TRUE,NONE,0.88235294117647056,OUTCOME_VALID_EXPOSURE_VALID
200407,14010020000,ARROZ,2017/2018,TRUE,<NA>,TRUE,NONE,0.90476190476190477,OUTCOME_VALID_EXPOSURE_VALID
200407,14010020000,ARROZ,2018/2019,TRUE,<NA>,TRUE,NONE,0.33333333333333331,OUTCOME_VALID_EXPOSURE_VALID
200407,14010020000,ARROZ,2019/2020,TRUE,<NA>,TRUE,NONE,0.54545454545454541,OUTCOME_VALID_EXPOSURE_VALID
200407,14010020000,ARROZ,2020/2021,TRUE,<NA>,TRUE,NONE,0.94444444444444442,OUTCOME_VALID_EXPOSURE_VALID
200407,14010020000,ARROZ,2021/2022,TRUE,<NA>,TRUE,NONE,0.94285714285714284,OUTCOME_VALID_EXPOSURE_VALID
200407,14010020000,ARROZ,2022/2023,TRUE,<NA>,TRUE,NONE,0.76923076923076927,OUTCOME_VALID_EXPOSURE_VALID
200407,14010070000,MAIZ AMARILLO DURO,2016/2017,TRUE,<NA>,FALSE,NO_POSITIVE_UNAMBIGUOUS_ASSIGNED_SIEMBRA,0,OUTCOME_VALID_EXPOSURE_INVALID
200407,14010070000,MAIZ AMARILLO DURO,2017/2018,TRUE,<NA>,TRUE,NONE,0.017241379310344827,OUTCOME_VALID_EXPOSURE_VALID
200407,14010070000,MAIZ AMARILLO DURO,2018/2019,TRUE,<NA>,FALSE,NO_POSITIVE_UNAMBIGUOUS_ASSIGNED_SIEMBRA,0,OUTCOME_VALID_EXPOSURE_INVALID
200407,14010070000,MAIZ AMARILLO DURO,2019/2020,TRUE,<NA>,FALSE,NO_POSITIVE_UNAMBIGUOUS_ASSIGNED_SIEMBRA,0,OUTCOME_VALID_EXPOSURE_INVALID
200407,14010070000,MAIZ AMARILLO DURO,2020/2021,TRUE,<NA>,TRUE,NONE,0.21052631578947367,OUTCOME_VALID_EXPOSURE_VALID
200407,14010070000,MAIZ AMARILLO DURO,2021/2022,TRUE,<NA>,TRUE,NONE,0.24390243902439024,OUTCOME_VALID_EXPOSURE_VALID
200407,14010070000,MAIZ AMARILLO DURO,2022/2023,TRUE,<NA>,TRUE,NONE,0.014925373134328358,OUTCOME_VALID_EXPOSURE_VALID
200408,14010020000,ARROZ,2016/2017,TRUE,<NA>,TRUE,NONE,1,OUTCOME_VALID_EXPOSURE_VALID
200408,14010020000,ARROZ,2017/2018,TRUE,<NA>,TRUE,NONE,0.88888888888888884,OUTCOME_VALID_EXPOSURE_VALID
200408,14010020000,ARROZ,2018/2019,TRUE,<NA>,TRUE,NONE,0.90000000000000002,OUTCOME_VALID_EXPOSURE_VALID
200408,14010020000,ARROZ,2019/2020,TRUE,<NA>,TRUE,NONE,0.71111111111111114,OUTCOME_VALID_EXPOSURE_VALID
200408,14010020000,ARROZ,2020/2021,TRUE,<NA>,TRUE,NONE,0.77586206896551724,OUTCOME_VALID_EXPOSURE_VALID
200408,14010020000,ARROZ,2021/2022,TRUE,<NA>,TRUE,NONE,1,OUTCOME_VALID_EXPOSURE_VALID
200408,14010020000,ARROZ,2022/2023,TRUE,<NA>,TRUE,NONE,1,OUTCOME_VALID_EXPOSURE_VALID
200408,14010070000,MAIZ AMARILLO DURO,2016/2017,TRUE,<NA>,TRUE,NONE,0.27659574468085107,OUTCOME_VALID_EXPOSURE_VALID
200408,14010070000,MAIZ AMARILLO DURO,2017/2018,TRUE,<NA>,TRUE,NONE,0.23529411764705882,OUTCOME_VALID_EXPOSURE_VALID
200408,14010070000,MAIZ AMARILLO DURO,2018/2019,TRUE,<NA>,TRUE,NONE,0.4204322200392927,OUTCOME_VALID_EXPOSURE_VALID
200408,14010070000,MAIZ AMARILLO DURO,2019/2020,TRUE,<NA>,TRUE,NONE,0.41919191919191917,OUTCOME_VALID_EXPOSURE_VALID
200408,14010070000,MAIZ AMARILLO DURO,2020/2021,TRUE,<NA>,TRUE,NONE,0.40540540540540543,OUTCOME_VALID_EXPOSURE_VALID
200408,14010070000,MAIZ AMARILLO DURO,2021/2022,TRUE,<NA>,TRUE,NONE,0.19444444444444445,OUTCOME_VALID_EXPOSURE_VALID
200408,14010070000,MAIZ AMARILLO DURO,2022/2023,TRUE,<NA>,TRUE,NONE,0.13043478260869565,OUTCOME_VALID_EXPOSURE_VALID
200409,14010020000,ARROZ,2016/2017,TRUE,<NA>,TRUE,NONE,1,OUTCOME_VALID_EXPOSURE_VALID
200409,14010020000,ARROZ,2017/2018,TRUE,<NA>,TRUE,NONE,1,OUTCOME_VALID_EXPOSURE_VALID
200409,14010020000,ARROZ,2018/2019,TRUE,<NA>,TRUE,NONE,0.34090909090909088,OUTCOME_VALID_EXPOSURE_VALID
200409,14010020000,ARROZ,2019/2020,TRUE,<NA>,FALSE,NO_POSITIVE_UNAMBIGUOUS_ASSIGNED_SIEMBRA,0,OUTCOME_VALID_EXPOSURE_INVALID
200409,14010020000,ARROZ,2020/2021,FALSE,INCOMPLETE_CAMPAIGN_NO_SOURCE_ROWS,FALSE,NO_POSITIVE_UNAMBIGUOUS_ASSIGNED_SIEMBRA,0,OUTCOME_INVALID_EXPOSURE_INVALID
200409,14010020000,ARROZ,2021/2022,TRUE,<NA>,TRUE,NONE,1,OUTCOME_VALID_EXPOSURE_VALID
200409,14010020000,ARROZ,2022/2023,TRUE,<NA>,TRUE,NONE,0.33333333333333331,OUTCOME_VALID_EXPOSURE_VALID
200409,14010070000,MAIZ AMARILLO DURO,2016/2017,TRUE,<NA>,TRUE,NONE,0.73885350318471332,OUTCOME_VALID_EXPOSURE_VALID
200409,14010070000,MAIZ AMARILLO DURO,2017/2018,TRUE,<NA>,FALSE,NO_POSITIVE_UNAMBIGUOUS_ASSIGNED_SIEMBRA,0,OUTCOME_VALID_EXPOSURE_INVALID
200409,14010070000,MAIZ AMARILLO DURO,2018/2019,TRUE,<NA>,FALSE,NO_POSITIVE_UNAMBIGUOUS_ASSIGNED_SIEMBRA,0,OUTCOME_VALID_EXPOSURE_INVALID
200409,14010070000,MAIZ AMARILLO DURO,2019/2020,TRUE,<NA>,FALSE,NO_POSITIVE_UNAMBIGUOUS_ASSIGNED_SIEMBRA,0,OUTCOME_VALID_EXPOSURE_INVALID
200409,14010070000,MAIZ AMARILLO DURO,2020/2021,TRUE,<NA>,TRUE,NONE,0.29906542056074764,OUTCOME_VALID_EXPOSURE_VALID
200409,14010070000,MAIZ AMARILLO DURO,2021/2022,TRUE,<NA>,TRUE,NONE,0.3902439024390244,OUTCOME_VALID_EXPOSURE_VALID
200409,14010070000,MAIZ AMARILLO DURO,2022/2023,TRUE,<NA>,FALSE,NO_POSITIVE_UNAMBIGUOUS_ASSIGNED_SIEMBRA,0,OUTCOME_VALID_EXPOSURE_INVALID
200410,14010020000,ARROZ,2016/2017,TRUE,<NA>,TRUE,NONE,1,OUTCOME_VALID_EXPOSURE_VALID
200410,14010020000,ARROZ,2017/2018,TRUE,<NA>,TRUE,NONE,1,OUTCOME_VALID_EXPOSURE_VALID
200410,14010020000,ARROZ,2018/2019,TRUE,<NA>,TRUE,NONE,1,OUTCOME_VALID_EXPOSURE_VALID
200410,14010020000,ARROZ,2019/2020,TRUE,<NA>,TRUE,NONE,1,OUTCOME_VALID_EXPOSURE_VALID
200410,14010020000,ARROZ,2020/2021,TRUE,<NA>,TRUE,NONE,1,OUTCOME_VALID_EXPOSURE_VALID
200410,14010020000,ARROZ,2021/2022,TRUE,<NA>,TRUE,NONE,1,OUTCOME_VALID_EXPOSURE_VALID
200410,14010020000,ARROZ,2022/2023,TRUE,<NA>,TRUE,NONE,1,OUTCOME_VALID_EXPOSURE_VALID
200410,14010070000,MAIZ AMARILLO DURO,2016/2017,TRUE,<NA>,TRUE,NONE,0.41666666666666669,OUTCOME_VALID_EXPOSURE_VALID
200410,14010070000,MAIZ AMARILLO DURO,2017/2018,TRUE,<NA>,TRUE,NONE,0.38461538461538464,OUTCOME_VALID_EXPOSURE_VALID
200410,14010070000,MAIZ AMARILLO DURO,2018/2019,TRUE,<NA>,TRUE,NONE,0.5,OUTCOME_VALID_EXPOSURE_VALID
200410,14010070000,MAIZ AMARILLO DURO,2019/2020,TRUE,<NA>,TRUE,NONE,0.33333333333333331,OUTCOME_VALID_EXPOSURE_VALID
200410,14010070000,MAIZ AMARILLO DURO,2020/2021,TRUE,<NA>,TRUE,NONE,0.75,OUTCOME_VALID_EXPOSURE_VALID
200410,14010070000,MAIZ AMARILLO DURO,2021/2022,TRUE,<NA>,TRUE,NONE,0.69999999999999996,OUTCOME_VALID_EXPOSURE_VALID
200410,14010070000,MAIZ AMARILLO DURO,2022/2023,TRUE,<NA>,TRUE,NONE,0.33333333333333331,OUTCOME_VALID_EXPOSURE_VALID
200502,14010020000,ARROZ,2016/2017,TRUE,<NA>,TRUE,NONE,0.64583333333333337,OUTCOME_VALID_EXPOSURE_VALID
200502,14010020000,ARROZ,2017/2018,TRUE,<NA>,TRUE,NONE,0.69999999999999996,OUTCOME_VALID_EXPOSURE_VALID
200502,14010020000,ARROZ,2018/2019,TRUE,<NA>,TRUE,NONE,0.72727272727272729,OUTCOME_VALID_EXPOSURE_VALID
200502,14010020000,ARROZ,2019/2020,TRUE,<NA>,TRUE,NONE,0.5,OUTCOME_VALID_EXPOSURE_VALID
200502,14010020000,ARROZ,2020/2021,TRUE,<NA>,TRUE,NONE,0.53846153846153844,OUTCOME_VALID_EXPOSURE_VALID
200502,14010020000,ARROZ,2021/2022,TRUE,<NA>,TRUE,NONE,0.61538461538461542,OUTCOME_VALID_EXPOSURE_VALID
200502,14010020000,ARROZ,2022/2023,TRUE,<NA>,TRUE,NONE,0.58333333333333337,OUTCOME_VALID_EXPOSURE_VALID
200502,14010070000,MAIZ AMARILLO DURO,2016/2017,TRUE,<NA>,TRUE,NONE,1,OUTCOME_VALID_EXPOSURE_VALID
200502,14010070000,MAIZ AMARILLO DURO,2017/2018,TRUE,<NA>,TRUE,NONE,1,OUTCOME_VALID_EXPOSURE_VALID
200502,14010070000,MAIZ AMARILLO DURO,2018/2019,TRUE,<NA>,TRUE,NONE,1,OUTCOME_VALID_EXPOSURE_VALID
200502,14010070000,MAIZ AMARILLO DURO,2019/2020,TRUE,<NA>,TRUE,NONE,0.5,OUTCOME_VALID_EXPOSURE_VALID
200502,14010070000,MAIZ AMARILLO DURO,2020/2021,TRUE,<NA>,TRUE,NONE,0.421875,OUTCOME_VALID_EXPOSURE_VALID
200502,14010070000,MAIZ AMARILLO DURO,2021/2022,TRUE,<NA>,TRUE,NONE,0.59340659340659341,OUTCOME_VALID_EXPOSURE_VALID
200502,14010070000,MAIZ AMARILLO DURO,2022/2023,TRUE,<NA>,TRUE,NONE,0.63636363636363635,OUTCOME_VALID_EXPOSURE_VALID
200503,14010020000,ARROZ,2016/2017,FALSE,ZERO_DENOMINATOR,FALSE,NO_POSITIVE_UNAMBIGUOUS_ASSIGNED_SIEMBRA,,OUTCOME_INVALID_EXPOSURE_INVALID
200503,14010020000,ARROZ,2017/2018,FALSE,ZERO_DENOMINATOR,FALSE,NO_POSITIVE_UNAMBIGUOUS_ASSIGNED_SIEMBRA,,OUTCOME_INVALID_EXPOSURE_INVALID
200503,14010020000,ARROZ,2018/2019,FALSE,INCOMPLETE_CAMPAIGN_NO_SOURCE_ROWS,FALSE,NO_POSITIVE_UNAMBIGUOUS_ASSIGNED_SIEMBRA,,OUTCOME_INVALID_EXPOSURE_INVALID
200503,14010020000,ARROZ,2019/2020,FALSE,INCOMPLETE_CAMPAIGN_NO_SOURCE_ROWS,FALSE,NO_POSITIVE_UNAMBIGUOUS_ASSIGNED_SIEMBRA,,OUTCOME_INVALID_EXPOSURE_INVALID
200503,14010020000,ARROZ,2020/2021,FALSE,INCOMPLETE_CAMPAIGN_NO_SOURCE_ROWS,FALSE,NO_POSITIVE_UNAMBIGUOUS_ASSIGNED_SIEMBRA,,OUTCOME_INVALID_EXPOSURE_INVALID
200503,14010020000,ARROZ,2021/2022,FALSE,ZERO_DENOMINATOR,TRUE,NONE,1,OUTCOME_INVALID_EXPOSURE_VALID
200503,14010020000,ARROZ,2022/2023,TRUE,<NA>,FALSE,NO_POSITIVE_UNAMBIGUOUS_ASSIGNED_SIEMBRA,,OUTCOME_VALID_EXPOSURE_INVALID
200503,14010070000,MAIZ AMARILLO DURO,2016/2017,TRUE,<NA>,TRUE,NONE,0.90000000000000002,OUTCOME_VALID_EXPOSURE_VALID
200503,14010070000,MAIZ AMARILLO DURO,2017/2018,TRUE,<NA>,TRUE,NONE,0.6428571428571429,OUTCOME_VALID_EXPOSURE_VALID
200503,14010070000,MAIZ AMARILLO DURO,2018/2019,TRUE,<NA>,TRUE,NONE,0.25,OUTCOME_VALID_EXPOSURE_VALID
200503,14010070000,MAIZ AMARILLO DURO,2019/2020,TRUE,<NA>,TRUE,NONE,0.52380952380952384,OUTCOME_VALID_EXPOSURE_VALID
200503,14010070000,MAIZ AMARILLO DURO,2020/2021,TRUE,<NA>,TRUE,NONE,0.5,OUTCOME_VALID_EXPOSURE_VALID
200503,14010070000,MAIZ AMARILLO DURO,2021/2022,TRUE,<NA>,TRUE,NONE,0.69696969696969702,OUTCOME_VALID_EXPOSURE_VALID
200503,14010070000,MAIZ AMARILLO DURO,2022/2023,TRUE,<NA>,TRUE,NONE,0.7142857142857143,OUTCOME_VALID_EXPOSURE_VALID
200504,14010020000,ARROZ,2016/2017,TRUE,<NA>,TRUE,NONE,0.25,OUTCOME_VALID_EXPOSURE_VALID
200504,14010020000,ARROZ,2017/2018,FALSE,INCOMPLETE_CAMPAIGN_NO_SOURCE_ROWS,FALSE,NO_POSITIVE_UNAMBIGUOUS_ASSIGNED_SIEMBRA,0,OUTCOME_INVALID_EXPOSURE_INVALID
200504,14010020000,ARROZ,2018/2019,FALSE,INCOMPLETE_CAMPAIGN_NO_SOURCE_ROWS,FALSE,NO_POSITIVE_UNAMBIGUOUS_ASSIGNED_SIEMBRA,,OUTCOME_INVALID_EXPOSURE_INVALID
200504,14010020000,ARROZ,2019/2020,FALSE,INCOMPLETE_CAMPAIGN_NO_SOURCE_ROWS,FALSE,NO_POSITIVE_UNAMBIGUOUS_ASSIGNED_SIEMBRA,,OUTCOME_INVALID_EXPOSURE_INVALID
200504,14010020000,ARROZ,2020/2021,FALSE,INCOMPLETE_CAMPAIGN_NO_SOURCE_ROWS,FALSE,NO_POSITIVE_UNAMBIGUOUS_ASSIGNED_SIEMBRA,,OUTCOME_INVALID_EXPOSURE_INVALID
200504,14010020000,ARROZ,2021/2022,FALSE,INCOMPLETE_CAMPAIGN_NO_SOURCE_ROWS,FALSE,NO_POSITIVE_UNAMBIGUOUS_ASSIGNED_SIEMBRA,,OUTCOME_INVALID_EXPOSURE_INVALID
200504,14010020000,ARROZ,2022/2023,FALSE,INCOMPLETE_CAMPAIGN_NO_SOURCE_ROWS,FALSE,NO_POSITIVE_UNAMBIGUOUS_ASSIGNED_SIEMBRA,,OUTCOME_INVALID_EXPOSURE_INVALID
200504,14010070000,MAIZ AMARILLO DURO,2016/2017,TRUE,<NA>,TRUE,NONE,0.46808510638297873,OUTCOME_VALID_EXPOSURE_VALID
200504,14010070000,MAIZ AMARILLO DURO,2017/2018,TRUE,<NA>,TRUE,NONE,0.47199999999999998,OUTCOME_VALID_EXPOSURE_VALID
200504,14010070000,MAIZ AMARILLO DURO,2018/2019,TRUE,<NA>,TRUE,NONE,0.21415270018621974,OUTCOME_VALID_EXPOSURE_VALID
200504,14010070000,MAIZ AMARILLO DURO,2019/2020,TRUE,<NA>,TRUE,NONE,0.25974025974025972,OUTCOME_VALID_EXPOSURE_VALID
200504,14010070000,MAIZ AMARILLO DURO,2020/2021,TRUE,<NA>,TRUE,NONE,0.70270270270270274,OUTCOME_VALID_EXPOSURE_VALID
200504,14010070000,MAIZ AMARILLO DURO,2021/2022,TRUE,<NA>,TRUE,NONE,0.64230171073094866,OUTCOME_VALID_EXPOSURE_VALID
200504,14010070000,MAIZ AMARILLO DURO,2022/2023,TRUE,<NA>,TRUE,NONE,0.69767441860465118,OUTCOME_VALID_EXPOSURE_VALID
200505,14010020000,ARROZ,2016/2017,TRUE,<NA>,TRUE,NONE,0.56428571428571428,OUTCOME_VALID_EXPOSURE_VALID
200505,14010020000,ARROZ,2017/2018,TRUE,<NA>,TRUE,NONE,0.42253521126760563,OUTCOME_VALID_EXPOSURE_VALID
200505,14010020000,ARROZ,2018/2019,TRUE,<NA>,TRUE,NONE,0.7142857142857143,OUTCOME_VALID_EXPOSURE_VALID
200505,14010020000,ARROZ,2019/2020,TRUE,<NA>,TRUE,NONE,0.51515151515151514,OUTCOME_VALID_EXPOSURE_VALID
200505,14010020000,ARROZ,2020/2021,TRUE,<NA>,TRUE,NONE,0.54166666666666663,OUTCOME_VALID_EXPOSURE_VALID
200505,14010020000,ARROZ,2021/2022,TRUE,<NA>,TRUE,NONE,0.74248927038626611,OUTCOME_VALID_EXPOSURE_VALID
200505,14010020000,ARROZ,2022/2023,TRUE,<NA>,TRUE,NONE,0.5,OUTCOME_VALID_EXPOSURE_VALID
200505,14010070000,MAIZ AMARILLO DURO,2016/2017,FALSE,INCOMPLETE_CAMPAIGN_NO_SOURCE_ROWS,FALSE,NO_POSITIVE_UNAMBIGUOUS_ASSIGNED_SIEMBRA,,OUTCOME_INVALID_EXPOSURE_INVALID
200505,14010070000,MAIZ AMARILLO DURO,2017/2018,FALSE,INCOMPLETE_CAMPAIGN_NO_SOURCE_ROWS,FALSE,NO_POSITIVE_UNAMBIGUOUS_ASSIGNED_SIEMBRA,,OUTCOME_INVALID_EXPOSURE_INVALID
200505,14010070000,MAIZ AMARILLO DURO,2018/2019,TRUE,<NA>,FALSE,NO_POSITIVE_UNAMBIGUOUS_ASSIGNED_SIEMBRA,0,OUTCOME_VALID_EXPOSURE_INVALID
200505,14010070000,MAIZ AMARILLO DURO,2019/2020,FALSE,INCOMPLETE_CAMPAIGN_NO_SOURCE_ROWS,FALSE,NO_POSITIVE_UNAMBIGUOUS_ASSIGNED_SIEMBRA,0,OUTCOME_INVALID_EXPOSURE_INVALID
200505,14010070000,MAIZ AMARILLO DURO,2020/2021,FALSE,INCOMPLETE_CAMPAIGN_NO_SOURCE_ROWS,FALSE,NO_POSITIVE_UNAMBIGUOUS_ASSIGNED_SIEMBRA,,OUTCOME_INVALID_EXPOSURE_INVALID
200505,14010070000,MAIZ AMARILLO DURO,2021/2022,FALSE,ZERO_DENOMINATOR,FALSE,NO_POSITIVE_UNAMBIGUOUS_ASSIGNED_SIEMBRA,,OUTCOME_INVALID_EXPOSURE_INVALID
200505,14010070000,MAIZ AMARILLO DURO,2022/2023,TRUE,<NA>,TRUE,NONE,0.7142857142857143,OUTCOME_VALID_EXPOSURE_VALID
200506,14010020000,ARROZ,2016/2017,TRUE,<NA>,TRUE,NONE,0.62962962962962965,OUTCOME_VALID_EXPOSURE_VALID
200506,14010020000,ARROZ,2017/2018,TRUE,<NA>,TRUE,NONE,0.63636363636363635,OUTCOME_VALID_EXPOSURE_VALID
200506,14010020000,ARROZ,2018/2019,TRUE,<NA>,TRUE,NONE,0.76923076923076927,OUTCOME_VALID_EXPOSURE_VALID
200506,14010020000,ARROZ,2019/2020,TRUE,<NA>,TRUE,NONE,0.59999999999999998,OUTCOME_VALID_EXPOSURE_VALID
200506,14010020000,ARROZ,2020/2021,TRUE,<NA>,TRUE,NONE,0.6470588235294118,OUTCOME_VALID_EXPOSURE_VALID
200506,14010020000,ARROZ,2021/2022,TRUE,<NA>,TRUE,NONE,0.68181818181818177,OUTCOME_VALID_EXPOSURE_VALID
200506,14010020000,ARROZ,2022/2023,TRUE,<NA>,TRUE,NONE,0.75,OUTCOME_VALID_EXPOSURE_VALID
200506,14010070000,MAIZ AMARILLO DURO,2016/2017,FALSE,ZERO_DENOMINATOR,FALSE,NO_POSITIVE_UNAMBIGUOUS_ASSIGNED_SIEMBRA,,OUTCOME_INVALID_EXPOSURE_INVALID
200506,14010070000,MAIZ AMARILLO DURO,2017/2018,FALSE,ZERO_DENOMINATOR,FALSE,NO_POSITIVE_UNAMBIGUOUS_ASSIGNED_SIEMBRA,,OUTCOME_INVALID_EXPOSURE_INVALID
200506,14010070000,MAIZ AMARILLO DURO,2018/2019,FALSE,ZERO_DENOMINATOR,FALSE,NO_POSITIVE_UNAMBIGUOUS_ASSIGNED_SIEMBRA,,OUTCOME_INVALID_EXPOSURE_INVALID
200506,14010070000,MAIZ AMARILLO DURO,2019/2020,FALSE,ZERO_DENOMINATOR,FALSE,NO_POSITIVE_UNAMBIGUOUS_ASSIGNED_SIEMBRA,,OUTCOME_INVALID_EXPOSURE_INVALID
200506,14010070000,MAIZ AMARILLO DURO,2020/2021,TRUE,<NA>,TRUE,NONE,0.88,OUTCOME_VALID_EXPOSURE_VALID
200506,14010070000,MAIZ AMARILLO DURO,2021/2022,TRUE,<NA>,TRUE,NONE,0.68292682926829273,OUTCOME_VALID_EXPOSURE_VALID
200506,14010070000,MAIZ AMARILLO DURO,2022/2023,TRUE,<NA>,TRUE,NONE,0.33333333333333331,OUTCOME_VALID_EXPOSURE_VALID
200507,14010070000,MAIZ AMARILLO DURO,2016/2017,TRUE,<NA>,TRUE,NONE,0.7142857142857143,OUTCOME_VALID_EXPOSURE_VALID
200507,14010070000,MAIZ AMARILLO DURO,2017/2018,TRUE,<NA>,TRUE,NONE,0.65853658536585369,OUTCOME_VALID_EXPOSURE_VALID
200507,14010070000,MAIZ AMARILLO DURO,2018/2019,TRUE,<NA>,TRUE,NONE,0.38135593220338981,OUTCOME_VALID_EXPOSURE_VALID
200507,14010070000,MAIZ AMARILLO DURO,2019/2020,TRUE,<NA>,TRUE,NONE,0.66326530612244894,OUTCOME_VALID_EXPOSURE_VALID
200507,14010070000,MAIZ AMARILLO DURO,2020/2021,TRUE,<NA>,TRUE,NONE,0.72222222222222221,OUTCOME_VALID_EXPOSURE_VALID
200507,14010070000,MAIZ AMARILLO DURO,2021/2022,TRUE,<NA>,TRUE,NONE,0.65000000000000002,OUTCOME_VALID_EXPOSURE_VALID
200507,14010070000,MAIZ AMARILLO DURO,2022/2023,TRUE,<NA>,TRUE,NONE,0.40000000000000002,OUTCOME_VALID_EXPOSURE_VALID
200601,14010020000,ARROZ,2016/2017,TRUE,<NA>,TRUE,NONE,0.53120849933598935,OUTCOME_VALID_EXPOSURE_VALID
200601,14010020000,ARROZ,2017/2018,TRUE,<NA>,TRUE,NONE,0.64269662921348314,OUTCOME_VALID_EXPOSURE_VALID
200601,14010020000,ARROZ,2018/2019,TRUE,<NA>,TRUE,NONE,0.85753803596127243,OUTCOME_VALID_EXPOSURE_VALID
200601,14010020000,ARROZ,2019/2020,TRUE,<NA>,TRUE,NONE,0.72727272727272729,OUTCOME_VALID_EXPOSURE_VALID
200601,14010020000,ARROZ,2020/2021,TRUE,<NA>,TRUE,NONE,0.73684210526315785,OUTCOME_VALID_EXPOSURE_VALID
200601,14010020000,ARROZ,2021/2022,TRUE,<NA>,TRUE,NONE,0.96969696969696972,OUTCOME_VALID_EXPOSURE_VALID
200601,14010020000,ARROZ,2022/2023,TRUE,<NA>,TRUE,NONE,0.80000000000000004,OUTCOME_VALID_EXPOSURE_VALID
200601,14010070000,MAIZ AMARILLO DURO,2016/2017,TRUE,<NA>,TRUE,NONE,0.5,OUTCOME_VALID_EXPOSURE_VALID
200601,14010070000,MAIZ AMARILLO DURO,2017/2018,TRUE,<NA>,TRUE,NONE,0.61904761904761907,OUTCOME_VALID_EXPOSURE_VALID
200601,14010070000,MAIZ AMARILLO DURO,2018/2019,TRUE,<NA>,TRUE,NONE,0.390625,OUTCOME_VALID_EXPOSURE_VALID
200601,14010070000,MAIZ AMARILLO DURO,2019/2020,TRUE,<NA>,TRUE,NONE,0.59055118110236215,OUTCOME_VALID_EXPOSURE_VALID
200601,14010070000,MAIZ AMARILLO DURO,2020/2021,TRUE,<NA>,TRUE,NONE,0.15873015873015872,OUTCOME_VALID_EXPOSURE_VALID
200601,14010070000,MAIZ AMARILLO DURO,2021/2022,TRUE,<NA>,TRUE,NONE,0.76377952755905509,OUTCOME_VALID_EXPOSURE_VALID
200601,14010070000,MAIZ AMARILLO DURO,2022/2023,TRUE,<NA>,TRUE,NONE,0.93333333333333335,OUTCOME_VALID_EXPOSURE_VALID
200603,14010020000,ARROZ,2016/2017,TRUE,<NA>,TRUE,NONE,0.85133418043202036,OUTCOME_VALID_EXPOSURE_VALID
200603,14010020000,ARROZ,2017/2018,TRUE,<NA>,TRUE,NONE,0.71274571972098921,OUTCOME_VALID_EXPOSURE_VALID
200603,14010020000,ARROZ,2018/2019,TRUE,<NA>,TRUE,NONE,0.8200675349734684,OUTCOME_VALID_EXPOSURE_VALID
200603,14010020000,ARROZ,2019/2020,TRUE,<NA>,TRUE,NONE,0.72527472527472525,OUTCOME_VALID_EXPOSURE_VALID
200603,14010020000,ARROZ,2020/2021,TRUE,<NA>,TRUE,NONE,0.60869565217391308,OUTCOME_VALID_EXPOSURE_VALID
200603,14010020000,ARROZ,2021/2022,TRUE,<NA>,TRUE,NONE,0.5892857142857143,OUTCOME_VALID_EXPOSURE_VALID
200603,14010020000,ARROZ,2022/2023,TRUE,<NA>,TRUE,NONE,0.59677419354838712,OUTCOME_VALID_EXPOSURE_VALID
200603,14010070000,MAIZ AMARILLO DURO,2016/2017,TRUE,<NA>,TRUE,NONE,1,OUTCOME_VALID_EXPOSURE_VALID
200603,14010070000,MAIZ AMARILLO DURO,2017/2018,FALSE,INCOMPLETE_CAMPAIGN_NO_SOURCE_ROWS,FALSE,NO_POSITIVE_UNAMBIGUOUS_ASSIGNED_SIEMBRA,,OUTCOME_INVALID_EXPOSURE_INVALID
200603,14010070000,MAIZ AMARILLO DURO,2018/2019,FALSE,INCOMPLETE_CAMPAIGN_NO_SOURCE_ROWS,FALSE,NO_POSITIVE_UNAMBIGUOUS_ASSIGNED_SIEMBRA,,OUTCOME_INVALID_EXPOSURE_INVALID
200603,14010070000,MAIZ AMARILLO DURO,2019/2020,FALSE,INCOMPLETE_CAMPAIGN_NO_SOURCE_ROWS,FALSE,NO_POSITIVE_UNAMBIGUOUS_ASSIGNED_SIEMBRA,,OUTCOME_INVALID_EXPOSURE_INVALID
200603,14010070000,MAIZ AMARILLO DURO,2020/2021,FALSE,INCOMPLETE_CAMPAIGN_NO_SOURCE_ROWS,FALSE,NO_POSITIVE_UNAMBIGUOUS_ASSIGNED_SIEMBRA,,OUTCOME_INVALID_EXPOSURE_INVALID
200603,14010070000,MAIZ AMARILLO DURO,2021/2022,TRUE,<NA>,TRUE,NONE,0.5,OUTCOME_VALID_EXPOSURE_VALID
200603,14010070000,MAIZ AMARILLO DURO,2022/2023,TRUE,<NA>,TRUE,NONE,0.80000000000000004,OUTCOME_VALID_EXPOSURE_VALID
200605,14010020000,ARROZ,2016/2017,TRUE,<NA>,TRUE,NONE,0.7526342197691922,OUTCOME_VALID_EXPOSURE_VALID
200605,14010020000,ARROZ,2017/2018,TRUE,<NA>,TRUE,NONE,0.94791666666666663,OUTCOME_VALID_EXPOSURE_VALID
200605,14010020000,ARROZ,2018/2019,TRUE,<NA>,TRUE,NONE,0.97058823529411764,OUTCOME_VALID_EXPOSURE_VALID
200605,14010020000,ARROZ,2019/2020,TRUE,<NA>,TRUE,NONE,0.60396039603960394,OUTCOME_VALID_EXPOSURE_VALID
200605,14010020000,ARROZ,2020/2021,TRUE,<NA>,TRUE,NONE,0.7142857142857143,OUTCOME_VALID_EXPOSURE_VALID
200605,14010020000,ARROZ,2021/2022,TRUE,<NA>,TRUE,NONE,0.64356435643564358,OUTCOME_VALID_EXPOSURE_VALID
200605,14010020000,ARROZ,2022/2023,TRUE,<NA>,TRUE,NONE,0.58823529411764708,OUTCOME_VALID_EXPOSURE_VALID
200605,14010070000,MAIZ AMARILLO DURO,2016/2017,TRUE,<NA>,TRUE,NONE,0.17857142857142858,OUTCOME_VALID_EXPOSURE_VALID
200605,14010070000,MAIZ AMARILLO DURO,2017/2018,TRUE,<NA>,TRUE,NONE,0.5,OUTCOME_VALID_EXPOSURE_VALID
200605,14010070000,MAIZ AMARILLO DURO,2018/2019,TRUE,<NA>,FALSE,NO_POSITIVE_UNAMBIGUOUS_ASSIGNED_SIEMBRA,0,OUTCOME_VALID_EXPOSURE_INVALID
200605,14010070000,MAIZ AMARILLO DURO,2019/2020,TRUE,<NA>,TRUE,NONE,0.45454545454545453,OUTCOME_VALID_EXPOSURE_VALID
200605,14010070000,MAIZ AMARILLO DURO,2020/2021,FALSE,ZERO_DENOMINATOR,FALSE,NO_POSITIVE_UNAMBIGUOUS_ASSIGNED_SIEMBRA,0,OUTCOME_INVALID_EXPOSURE_INVALID
200605,14010070000,MAIZ AMARILLO DURO,2021/2022,TRUE,<NA>,TRUE,NONE,0.5,OUTCOME_VALID_EXPOSURE_VALID
200605,14010070000,MAIZ AMARILLO DURO,2022/2023,TRUE,<NA>,TRUE,NONE,0.66666666666666663,OUTCOME_VALID_EXPOSURE_VALID
200606,14010070000,MAIZ AMARILLO DURO,2016/2017,TRUE,<NA>,TRUE,NONE,0.66666666666666663,OUTCOME_VALID_EXPOSURE_VALID
200606,14010070000,MAIZ AMARILLO DURO,2017/2018,TRUE,<NA>,TRUE,NONE,0.78723404255319152,OUTCOME_VALID_EXPOSURE_VALID
200606,14010070000,MAIZ AMARILLO DURO,2018/2019,TRUE,<NA>,FALSE,NO_POSITIVE_UNAMBIGUOUS_ASSIGNED_SIEMBRA,0,OUTCOME_VALID_EXPOSURE_INVALID
200606,14010070000,MAIZ AMARILLO DURO,2019/2020,TRUE,<NA>,TRUE,NONE,0.72727272727272729,OUTCOME_VALID_EXPOSURE_VALID
200606,14010070000,MAIZ AMARILLO DURO,2020/2021,TRUE,<NA>,TRUE,NONE,0.2857142857142857,OUTCOME_VALID_EXPOSURE_VALID
200606,14010070000,MAIZ AMARILLO DURO,2021/2022,TRUE,<NA>,TRUE,NONE,0.69999999999999996,OUTCOME_VALID_EXPOSURE_VALID
200606,14010070000,MAIZ AMARILLO DURO,2022/2023,TRUE,<NA>,TRUE,NONE,1,OUTCOME_VALID_EXPOSURE_VALID
200607,14010020000,ARROZ,2016/2017,TRUE,<NA>,TRUE,NONE,0.7142857142857143,OUTCOME_VALID_EXPOSURE_VALID
200607,14010020000,ARROZ,2017/2018,TRUE,<NA>,TRUE,NONE,0.85037406483790523,OUTCOME_VALID_EXPOSURE_VALID
200607,14010020000,ARROZ,2018/2019,TRUE,<NA>,TRUE,NONE,1,OUTCOME_VALID_EXPOSURE_VALID
200607,14010020000,ARROZ,2019/2020,TRUE,<NA>,TRUE,NONE,0.8224852071005917,OUTCOME_VALID_EXPOSURE_VALID
200607,14010020000,ARROZ,2020/2021,TRUE,<NA>,TRUE,NONE,0.84615384615384615,OUTCOME_VALID_EXPOSURE_VALID
200607,14010020000,ARROZ,2021/2022,TRUE,<NA>,TRUE,NONE,0.74285714285714288,OUTCOME_VALID_EXPOSURE_VALID
200607,14010020000,ARROZ,2022/2023,TRUE,<NA>,TRUE,NONE,0.48837209302325579,OUTCOME_VALID_EXPOSURE_VALID
200607,14010070000,MAIZ AMARILLO DURO,2016/2017,TRUE,<NA>,TRUE,NONE,1,OUTCOME_VALID_EXPOSURE_VALID
200607,14010070000,MAIZ AMARILLO DURO,2017/2018,TRUE,<NA>,TRUE,NONE,1,OUTCOME_VALID_EXPOSURE_VALID
200607,14010070000,MAIZ AMARILLO DURO,2018/2019,FALSE,INCOMPLETE_CAMPAIGN_NO_SOURCE_ROWS,FALSE,NO_POSITIVE_UNAMBIGUOUS_ASSIGNED_SIEMBRA,,OUTCOME_INVALID_EXPOSURE_INVALID
200607,14010070000,MAIZ AMARILLO DURO,2019/2020,TRUE,<NA>,TRUE,NONE,0.5,OUTCOME_VALID_EXPOSURE_VALID
200607,14010070000,MAIZ AMARILLO DURO,2020/2021,TRUE,<NA>,TRUE,NONE,0.33333333333333331,OUTCOME_VALID_EXPOSURE_VALID
200607,14010070000,MAIZ AMARILLO DURO,2021/2022,TRUE,<NA>,TRUE,NONE,0.82758620689655171,OUTCOME_VALID_EXPOSURE_VALID
200607,14010070000,MAIZ AMARILLO DURO,2022/2023,TRUE,<NA>,TRUE,NONE,0.73684210526315785,OUTCOME_VALID_EXPOSURE_VALID
200608,14010020000,ARROZ,2016/2017,TRUE,<NA>,TRUE,NONE,1,OUTCOME_VALID_EXPOSURE_VALID
200608,14010020000,ARROZ,2017/2018,TRUE,<NA>,TRUE,NONE,1,OUTCOME_VALID_EXPOSURE_VALID
200608,14010020000,ARROZ,2018/2019,TRUE,<NA>,TRUE,NONE,1,OUTCOME_VALID_EXPOSURE_VALID
200608,14010020000,ARROZ,2019/2020,TRUE,<NA>,TRUE,NONE,0.89473684210526316,OUTCOME_VALID_EXPOSURE_VALID
200608,14010020000,ARROZ,2020/2021,TRUE,<NA>,TRUE,NONE,0.90000000000000002,OUTCOME_VALID_EXPOSURE_VALID
200608,14010020000,ARROZ,2021/2022,TRUE,<NA>,TRUE,NONE,0.73684210526315785,OUTCOME_VALID_EXPOSURE_VALID
200608,14010020000,ARROZ,2022/2023,TRUE,<NA>,TRUE,NONE,0.68571428571428572,OUTCOME_VALID_EXPOSURE_VALID
200608,14010070000,MAIZ AMARILLO DURO,2016/2017,TRUE,<NA>,TRUE,NONE,1,OUTCOME_VALID_EXPOSURE_VALID
200608,14010070000,MAIZ AMARILLO DURO,2017/2018,TRUE,<NA>,TRUE,NONE,1,OUTCOME_VALID_EXPOSURE_VALID
200608,14010070000,MAIZ AMARILLO DURO,2018/2019,TRUE,<NA>,FALSE,NO_POSITIVE_UNAMBIGUOUS_ASSIGNED_SIEMBRA,0,OUTCOME_VALID_EXPOSURE_INVALID
200608,14010070000,MAIZ AMARILLO DURO,2019/2020,TRUE,<NA>,FALSE,NO_POSITIVE_UNAMBIGUOUS_ASSIGNED_SIEMBRA,0,OUTCOME_VALID_EXPOSURE_INVALID
200608,14010070000,MAIZ AMARILLO DURO,2020/2021,TRUE,<NA>,TRUE,NONE,0.33333333333333331,OUTCOME_VALID_EXPOSURE_VALID
200608,14010070000,MAIZ AMARILLO DURO,2021/2022,TRUE,<NA>,TRUE,NONE,0.33333333333333331,OUTCOME_VALID_EXPOSURE_VALID
200608,14010070000,MAIZ AMARILLO DURO,2022/2023,TRUE,<NA>,TRUE,NONE,0.59999999999999998,OUTCOME_VALID_EXPOSURE_VALID
200801,14010020000,ARROZ,2016/2017,TRUE,<NA>,TRUE,NONE,0.26294498381877024,OUTCOME_VALID_EXPOSURE_VALID
200801,14010020000,ARROZ,2017/2018,TRUE,<NA>,TRUE,NONE,0.50523012552301261,OUTCOME_VALID_EXPOSURE_VALID
200801,14010020000,ARROZ,2018/2019,TRUE,<NA>,TRUE,NONE,0.62357723577235769,OUTCOME_VALID_EXPOSURE_VALID
200801,14010020000,ARROZ,2019/2020,TRUE,<NA>,TRUE,NONE,0.56946983546617913,OUTCOME_VALID_EXPOSURE_VALID
200801,14010020000,ARROZ,2020/2021,TRUE,<NA>,TRUE,NONE,0.55425017277125088,OUTCOME_VALID_EXPOSURE_VALID
200801,14010020000,ARROZ,2021/2022,TRUE,<NA>,TRUE,NONE,0.54990757855822547,OUTCOME_VALID_EXPOSURE_VALID
200801,14010020000,ARROZ,2022/2023,TRUE,<NA>,TRUE,NONE,0.45681581685744016,OUTCOME_VALID_EXPOSURE_VALID
200801,14010070000,MAIZ AMARILLO DURO,2016/2017,TRUE,<NA>,TRUE,NONE,0.6992481203007519,OUTCOME_VALID_EXPOSURE_VALID
200801,14010070000,MAIZ AMARILLO DURO,2017/2018,TRUE,<NA>,TRUE,NONE,0.83823529411764708,OUTCOME_VALID_EXPOSURE_VALID
200801,14010070000,MAIZ AMARILLO DURO,2018/2019,TRUE,<NA>,TRUE,NONE,0.77192982456140347,OUTCOME_VALID_EXPOSURE_VALID
200801,14010070000,MAIZ AMARILLO DURO,2019/2020,TRUE,<NA>,TRUE,NONE,0.3888888888888889,OUTCOME_VALID_EXPOSURE_VALID
200801,14010070000,MAIZ AMARILLO DURO,2020/2021,TRUE,<NA>,TRUE,NONE,0.62146892655367236,OUTCOME_VALID_EXPOSURE_VALID
200801,14010070000,MAIZ AMARILLO DURO,2021/2022,TRUE,<NA>,TRUE,NONE,0.69686411149825789,OUTCOME_VALID_EXPOSURE_VALID
200801,14010070000,MAIZ AMARILLO DURO,2022/2023,TRUE,<NA>,TRUE,NONE,0.62256809338521402,OUTCOME_VALID_EXPOSURE_VALID
200802,14010020000,ARROZ,2016/2017,TRUE,<NA>,TRUE,NONE,0.59213917525773196,OUTCOME_VALID_EXPOSURE_VALID
200802,14010020000,ARROZ,2017/2018,TRUE,<NA>,TRUE,NONE,0.62586926286509037,OUTCOME_VALID_EXPOSURE_VALID
200802,14010020000,ARROZ,2018/2019,TRUE,<NA>,TRUE,NONE,0.55333333333333334,OUTCOME_VALID_EXPOSURE_VALID
200802,14010020000,ARROZ,2019/2020,TRUE,<NA>,TRUE,NONE,0.60305343511450382,OUTCOME_VALID_EXPOSURE_VALID
200802,14010020000,ARROZ,2020/2021,TRUE,<NA>,TRUE,NONE,0.44978540772532188,OUTCOME_VALID_EXPOSURE_VALID
200802,14010020000,ARROZ,2021/2022,TRUE,<NA>,TRUE,NONE,0.48148148148148145,OUTCOME_VALID_EXPOSURE_VALID
200802,14010020000,ARROZ,2022/2023,TRUE,<NA>,TRUE,NONE,0.52080123266563949,OUTCOME_VALID_EXPOSURE_VALID
200802,14010070000,MAIZ AMARILLO DURO,2016/2017,TRUE,<NA>,TRUE,NONE,0.92715231788079466,OUTCOME_VALID_EXPOSURE_VALID
200802,14010070000,MAIZ AMARILLO DURO,2017/2018,TRUE,<NA>,TRUE,NONE,0.93413173652694614,OUTCOME_VALID_EXPOSURE_VALID
200802,14010070000,MAIZ AMARILLO DURO,2018/2019,TRUE,<NA>,TRUE,NONE,0.82113821138211385,OUTCOME_VALID_EXPOSURE_VALID
200802,14010070000,MAIZ AMARILLO DURO,2019/2020,TRUE,<NA>,TRUE,NONE,0.67500000000000004,OUTCOME_VALID_EXPOSURE_VALID
200802,14010070000,MAIZ AMARILLO DURO,2020/2021,TRUE,<NA>,TRUE,NONE,0.7857142857142857,OUTCOME_VALID_EXPOSURE_VALID
200802,14010070000,MAIZ AMARILLO DURO,2021/2022,TRUE,<NA>,TRUE,NONE,0.53978494623655915,OUTCOME_VALID_EXPOSURE_VALID
200802,14010070000,MAIZ AMARILLO DURO,2022/2023,TRUE,<NA>,TRUE,NONE,0.31474820143884891,OUTCOME_VALID_EXPOSURE_VALID
200803,14010020000,ARROZ,2016/2017,TRUE,<NA>,TRUE,NONE,0.27472527472527475,OUTCOME_VALID_EXPOSURE_VALID
200803,14010020000,ARROZ,2017/2018,TRUE,<NA>,TRUE,NONE,0.65460869565217394,OUTCOME_VALID_EXPOSURE_VALID
200803,14010020000,ARROZ,2018/2019,TRUE,<NA>,TRUE,NONE,0.39812646370023419,OUTCOME_VALID_EXPOSURE_VALID
200803,14010020000,ARROZ,2019/2020,TRUE,<NA>,TRUE,NONE,0.4358490566037736,OUTCOME_VALID_EXPOSURE_VALID
200803,14010020000,ARROZ,2020/2021,TRUE,<NA>,TRUE,NONE,0.44992526158445439,OUTCOME_VALID_EXPOSURE_VALID
200803,14010020000,ARROZ,2021/2022,TRUE,<NA>,TRUE,NONE,0.37463810075275045,OUTCOME_VALID_EXPOSURE_VALID
200803,14010020000,ARROZ,2022/2023,TRUE,<NA>,TRUE,NONE,0.30551053484602919,OUTCOME_VALID_EXPOSURE_VALID
200803,14010070000,MAIZ AMARILLO DURO,2016/2017,TRUE,<NA>,TRUE,NONE,0.76086956521739135,OUTCOME_VALID_EXPOSURE_VALID
200803,14010070000,MAIZ AMARILLO DURO,2017/2018,TRUE,<NA>,TRUE,NONE,0.74561403508771928,OUTCOME_VALID_EXPOSURE_VALID
200803,14010070000,MAIZ AMARILLO DURO,2018/2019,TRUE,<NA>,TRUE,NONE,0.35106382978723405,OUTCOME_VALID_EXPOSURE_VALID
200803,14010070000,MAIZ AMARILLO DURO,2019/2020,TRUE,<NA>,TRUE,NONE,0.46511627906976744,OUTCOME_VALID_EXPOSURE_VALID
200803,14010070000,MAIZ AMARILLO DURO,2020/2021,TRUE,<NA>,TRUE,NONE,0.55825242718446599,OUTCOME_VALID_EXPOSURE_VALID
200803,14010070000,MAIZ AMARILLO DURO,2021/2022,TRUE,<NA>,TRUE,NONE,0.30935251798561153,OUTCOME_VALID_EXPOSURE_VALID
200803,14010070000,MAIZ AMARILLO DURO,2022/2023,TRUE,<NA>,TRUE,NONE,0.39722019019751281,OUTCOME_VALID_EXPOSURE_VALID
200804,14010020000,ARROZ,2016/2017,TRUE,<NA>,TRUE,NONE,0.16026490066225166,OUTCOME_VALID_EXPOSURE_VALID
200804,14010020000,ARROZ,2017/2018,TRUE,<NA>,TRUE,NONE,0.68037383177570099,OUTCOME_VALID_EXPOSURE_VALID
200804,14010020000,ARROZ,2018/2019,TRUE,<NA>,TRUE,NONE,0.46132971506105835,OUTCOME_VALID_EXPOSURE_VALID
200804,14010020000,ARROZ,2019/2020,TRUE,<NA>,TRUE,NONE,0.43619047619047618,OUTCOME_VALID_EXPOSURE_VALID
200804,14010020000,ARROZ,2020/2021,TRUE,<NA>,TRUE,NONE,0.44822373393801968,OUTCOME_VALID_EXPOSURE_VALID
200804,14010020000,ARROZ,2021/2022,TRUE,<NA>,TRUE,NONE,0.56076388888888884,OUTCOME_VALID_EXPOSURE_VALID
200804,14010020000,ARROZ,2022/2023,TRUE,<NA>,TRUE,NONE,0.42808219178082191,OUTCOME_VALID_EXPOSURE_VALID
200804,14010070000,MAIZ AMARILLO DURO,2016/2017,TRUE,<NA>,TRUE,NONE,0.90225563909774431,OUTCOME_VALID_EXPOSURE_VALID
200804,14010070000,MAIZ AMARILLO DURO,2017/2018,TRUE,<NA>,TRUE,NONE,0.65151515151515149,OUTCOME_VALID_EXPOSURE_VALID
200804,14010070000,MAIZ AMARILLO DURO,2018/2019,TRUE,<NA>,TRUE,NONE,0.52095808383233533,OUTCOME_VALID_EXPOSURE_VALID
200804,14010070000,MAIZ AMARILLO DURO,2019/2020,TRUE,<NA>,TRUE,NONE,0.47169811320754718,OUTCOME_VALID_EXPOSURE_VALID
200804,14010070000,MAIZ AMARILLO DURO,2020/2021,TRUE,<NA>,TRUE,NONE,0.53132250580046403,OUTCOME_VALID_EXPOSURE_VALID
200804,14010070000,MAIZ AMARILLO DURO,2021/2022,TRUE,<NA>,TRUE,NONE,0.46038543897216272,OUTCOME_VALID_EXPOSURE_VALID
200804,14010070000,MAIZ AMARILLO DURO,2022/2023,TRUE,<NA>,TRUE,NONE,0.69749727965179542,OUTCOME_VALID_EXPOSURE_VALID
200805,14010020000,ARROZ,2016/2017,TRUE,<NA>,TRUE,NONE,0.24482758620689654,OUTCOME_VALID_EXPOSURE_VALID
200805,14010020000,ARROZ,2017/2018,TRUE,<NA>,TRUE,NONE,0.46411483253588515,OUTCOME_VALID_EXPOSURE_VALID
200805,14010020000,ARROZ,2018/2019,TRUE,<NA>,TRUE,NONE,0.7196078431372549,OUTCOME_VALID_EXPOSURE_VALID
200805,14010020000,ARROZ,2019/2020,TRUE,<NA>,TRUE,NONE,0.8295668549905838,OUTCOME_VALID_EXPOSURE_VALID
200805,14010020000,ARROZ,2020/2021,TRUE,<NA>,TRUE,NONE,0.67144060657118787,OUTCOME_VALID_EXPOSURE_VALID
200805,14010020000,ARROZ,2021/2022,TRUE,<NA>,TRUE,NONE,0.58748943364327977,OUTCOME_VALID_EXPOSURE_VALID
200805,14010020000,ARROZ,2022/2023,TRUE,<NA>,TRUE,NONE,0.47266313932980597,OUTCOME_VALID_EXPOSURE_VALID
200805,14010070000,MAIZ AMARILLO DURO,2016/2017,TRUE,<NA>,TRUE,NONE,0.65540540540540537,OUTCOME_VALID_EXPOSURE_VALID
200805,14010070000,MAIZ AMARILLO DURO,2017/2018,TRUE,<NA>,TRUE,NONE,0.84848484848484851,OUTCOME_VALID_EXPOSURE_VALID
200805,14010070000,MAIZ AMARILLO DURO,2018/2019,TRUE,<NA>,TRUE,NONE,0.78888888888888886,OUTCOME_VALID_EXPOSURE_VALID
200805,14010070000,MAIZ AMARILLO DURO,2019/2020,TRUE,<NA>,TRUE,NONE,0.52439024390243905,OUTCOME_VALID_EXPOSURE_VALID
200805,14010070000,MAIZ AMARILLO DURO,2020/2021,TRUE,<NA>,TRUE,NONE,0.68544600938967137,OUTCOME_VALID_EXPOSURE_VALID
200805,14010070000,MAIZ AMARILLO DURO,2021/2022,TRUE,<NA>,TRUE,NONE,0.65259740259740262,OUTCOME_VALID_EXPOSURE_VALID
200805,14010070000,MAIZ AMARILLO DURO,2022/2023,TRUE,<NA>,TRUE,NONE,0.53816793893129766,OUTCOME_VALID_EXPOSURE_VALID
200806,14010020000,ARROZ,2016/2017,TRUE,<NA>,TRUE,NONE,0.34412385643912735,OUTCOME_VALID_EXPOSURE_VALID
200806,14010020000,ARROZ,2017/2018,TRUE,<NA>,TRUE,NONE,0.5413698630136986,OUTCOME_VALID_EXPOSURE_VALID
200806,14010020000,ARROZ,2018/2019,TRUE,<NA>,TRUE,NONE,0.27438016528925618,OUTCOME_VALID_EXPOSURE_VALID
200806,14010020000,ARROZ,2019/2020,TRUE,<NA>,TRUE,NONE,0.32582216808769793,OUTCOME_VALID_EXPOSURE_VALID
200806,14010020000,ARROZ,2020/2021,TRUE,<NA>,TRUE,NONE,0.36927413671599718,OUTCOME_VALID_EXPOSURE_VALID
200806,14010020000,ARROZ,2021/2022,TRUE,<NA>,TRUE,NONE,0.48282097649186256,OUTCOME_VALID_EXPOSURE_VALID
200806,14010020000,ARROZ,2022/2023,TRUE,<NA>,TRUE,NONE,0.52093023255813953,OUTCOME_VALID_EXPOSURE_VALID
200806,14010070000,MAIZ AMARILLO DURO,2016/2017,TRUE,<NA>,TRUE,NONE,0.91911764705882348,OUTCOME_VALID_EXPOSURE_VALID
200806,14010070000,MAIZ AMARILLO DURO,2017/2018,TRUE,<NA>,TRUE,NONE,0.91851851851851851,OUTCOME_VALID_EXPOSURE_VALID
200806,14010070000,MAIZ AMARILLO DURO,2018/2019,TRUE,<NA>,TRUE,NONE,0.85314685314685312,OUTCOME_VALID_EXPOSURE_VALID
200806,14010070000,MAIZ AMARILLO DURO,2019/2020,TRUE,<NA>,TRUE,NONE,0.67080745341614911,OUTCOME_VALID_EXPOSURE_VALID
200806,14010070000,MAIZ AMARILLO DURO,2020/2021,TRUE,<NA>,TRUE,NONE,0.77707006369426757,OUTCOME_VALID_EXPOSURE_VALID
200806,14010070000,MAIZ AMARILLO DURO,2021/2022,TRUE,<NA>,TRUE,NONE,0.54077253218884125,OUTCOME_VALID_EXPOSURE_VALID
200806,14010070000,MAIZ AMARILLO DURO,2022/2023,TRUE,<NA>,TRUE,NONE,0.31428571428571428,OUTCOME_VALID_EXPOSURE_VALID
