UBIGEO,MONTH,RAIN_ANOM_MEAN,TMAX_ANOM_MEAN,TMIN_ANOM_MEAN,PASS
200101,1,2.3684757858670006e-16,-1.8947806286936005e-15,-1.6579330501069005e-15,True
200101,2,3.079018521627101e-15,4.736951571734001e-16,1.0658141036401502e-15,True
200101,3,5.210646728907401e-15,-4.736951571734001e-16,-8.289665250534502e-16,True
200101,4,-2.6645352591003756e-16,0.0,-4.736951571734001e-16,True
200101,5,-2.2204460492503132e-17,1.8947806286936005e-15,-2.960594732333751e-15,True
200101,6,1.850371707708594e-17,-3.552713678800501e-16,3.434289889507151e-15,True
200101,7,-7.401486830834377e-18,1.1842378929335003e-16,1.3026616822268502e-15,True
200101,8,1.8503717077085942e-18,9.473903143468002e-16,-2.3684757858670006e-16,True
200101,9,-4.070817756958907e-17,0.0,0.0,True
200101,10,1.1842378929335003e-16,-1.3026616822268502e-15,-1.7763568394002505e-15,True
200101,11,-1.924386576016938e-16,2.1316282072803005e-15,-1.4210854715202005e-15,True
200101,12,-1.1842378929335003e-16,3.434289889507151e-15,-2.3684757858670005e-15,True
200104,1,4.736951571734001e-15,-1.3026616822268502e-15,-1.1842378929335003e-16,True
200104,2,0.0,-1.8947806286936005e-15,5.921189464667501e-16,True
200104,3,-2.842170943040401e-15,1.1842378929335003e-16,-1.1842378929335002e-15,True
200104,4,-1.0066022089934752e-15,9.473903143468002e-16,0.0,True
200104,5,-1.1842378929335003e-16,-2.3684757858670006e-16,-7.105427357601002e-16,True
200104,6,3.7007434154171884e-18,-8.289665250534502e-16,-1.6579330501069005e-15,True
200104,7,-1.2027416100105863e-17,-4.736951571734001e-16,-2.4276876805136757e-15,True
200104,8,2.960594732333751e-17,2.723747153747051e-15,-1.0066022089934752e-15,True
200104,9,9.62193288008469e-17,-2.3684757858670006e-16,-1.7763568394002505e-15,True
200104,10,-2.6645352591003756e-16,9.473903143468002e-16,-1.6579330501069005e-15,True
200104,11,7.771561172376095e-17,-1.4210854715202005e-15,1.6579330501069005e-15,True
200104,12,-2.0724163126336256e-16,1.5395092608135505e-15,-1.8947806286936005e-15,True
200105,1,5.921189464667501e-17,4.736951571734001e-16,2.6053233644537005e-15,True
200105,2,4.736951571734001e-15,8.289665250534502e-16,-5.921189464667501e-16,True
200105,3,-4.736951571734001e-16,8.289665250534502e-16,1.1842378929335003e-16,True
200105,4,7.105427357601002e-16,-2.6053233644537005e-15,-2.0132044179869505e-15,True
200105,5,-7.401486830834377e-17,1.4210854715202005e-15,2.3684757858670005e-15,True
200105,6,1.295260195396016e-17,1.1842378929335003e-16,-8.289665250534502e-16,True
200105,7,1.8503717077085942e-18,2.4868995751603505e-15,8.881784197001252e-16,True
200105,8,-1.4802973661668754e-17,-1.0658141036401502e-15,1.3026616822268502e-15,True
200105,9,2.960594732333751e-17,1.7763568394002505e-15,4.144832625267251e-16,True
200105,10,-3.4046839421838136e-16,1.3026616822268502e-15,5.329070518200751e-16,True
200105,11,1.1842378929335003e-16,-2.842170943040401e-15,1.4210854715202005e-15,True
200105,12,0.0,8.289665250534502e-16,1.1842378929335002e-15,True
200107,1,5.921189464667501e-16,2.842170943040401e-15,2.3684757858670005e-15,True
200107,2,7.105427357601002e-16,-1.1842378929335002e-15,1.1842378929335002e-15,True
200107,3,-3.315866100213801e-15,-1.6579330501069005e-15,1.5395092608135505e-15,True
200107,4,-7.105427357601002e-16,-1.6579330501069005e-15,-1.4210854715202005e-15,True
200107,5,1.0362081563168128e-16,1.6579330501069005e-15,-1.1842378929335003e-16,True
200107,6,3.7007434154171884e-18,2.3684757858670006e-16,-1.1842378929335002e-15,True
200107,7,-8.326672684688674e-18,-2.3684757858670005e-15,-3.079018521627101e-15,True
200107,8,2.960594732333751e-17,-2.1316282072803005e-15,-1.1842378929335003e-16,True
200107,9,-9.251858538542972e-17,8.289665250534502e-16,2.3684757858670006e-16,True
200107,10,-1.0362081563168128e-16,2.6053233644537005e-15,9.473903143468002e-16,True
200107,11,-3.3306690738754695e-17,-1.8947806286936005e-15,5.921189464667501e-16,True
200107,12,3.552713678800501e-16,-2.2500519965736505e-15,2.842170943040401e-15,True
200108,1,2.0132044179869505e-15,-8.289665250534502e-16,-2.3684757858670006e-16,True
200108,2,7.105427357601002e-16,1.4210854715202005e-15,1.8947806286936005e-15,True
200108,3,-4.736951571734001e-16,-4.263256414560601e-15,2.3684757858670006e-16,True
200108,4,-8.881784197001252e-16,-1.6579330501069005e-15,2.0132044179869505e-15,True
200108,5,-1.1842378929335003e-16,1.8947806286936005e-15,-9.473903143468002e-16,True
200108,6,-6.47630097698008e-18,3.552713678800501e-16,-2.3684757858670005e-15,True
200108,7,2.590520390792032e-17,-5.921189464667501e-16,-1.6579330501069005e-15,True
200108,8,-4.810966440042345e-17,-9.473903143468002e-16,-1.6579330501069005e-15,True
200108,9,1.1102230246251566e-17,0.0,-2.3684757858670006e-16,True
200108,10,5.181040781584064e-17,0.0,2.0132044179869505e-15,True
200108,11,3.3306690738754695e-17,-2.3684757858670006e-16,1.1842378929335002e-15,True
200108,12,-3.552713678800501e-16,-3.315866100213801e-15,0.0,True
200109,1,1.7763568394002506e-16,-5.921189464667501e-16,-9.473903143468002e-16,True
200109,2,-4.263256414560601e-15,-2.723747153747051e-15,0.0,True
200109,3,1.0658141036401502e-15,1.7763568394002505e-15,2.4868995751603505e-15,True
200109,4,5.625129991434126e-16,1.3026616822268502e-15,-1.6579330501069005e-15,True
200109,5,1.4802973661668754e-17,1.0658141036401502e-15,-1.3026616822268502e-15,True
200109,6,-1.8503717077085942e-18,3.552713678800501e-16,-1.1842378929335003e-16,True
200109,7,-6.47630097698008e-17,-1.5395092608135505e-15,1.1842378929335003e-16,True
200109,8,-2.2204460492503132e-17,-2.842170943040401e-15,-1.8947806286936005e-15,True
200109,9,6.29126380620922e-17,-5.921189464667501e-16,1.6579330501069005e-15,True
200109,10,-2.2204460492503132e-17,4.736951571734001e-16,3.552713678800501e-16,True
200109,11,-1.1102230246251566e-17,1.8947806286936005e-15,2.723747153747051e-15,True
200109,12,1.4802973661668754e-17,2.960594732333751e-15,9.473903143468002e-16,True
200110,1,1.1842378929335003e-16,-1.0658141036401502e-15,-8.289665250534502e-16,True
200110,2,1.3026616822268502e-15,-1.1842378929335003e-16,-2.0132044179869505e-15,True
200110,3,-2.3684757858670006e-16,-2.960594732333751e-15,7.105427357601002e-16,True
200110,4,-1.1842378929335003e-16,2.3684757858670006e-16,0.0,True
200110,5,3.700743415417188e-17,2.842170943040401e-15,1.4210854715202005e-15,True
200110,6,1.61907524424502e-17,3.197442310920451e-15,-2.842170943040401e-15,True
200110,7,-4.4408920985006264e-17,5.921189464667501e-16,1.3026616822268502e-15,True
200110,8,5.551115123125783e-17,-5.921189464667501e-16,-7.105427357601002e-16,True
200110,9,9.992007221626409e-17,-2.4868995751603505e-15,4.736951571734001e-16,True
200110,10,1.0362081563168128e-16,-3.552713678800501e-16,-1.3026616822268502e-15,True
200110,11,1.0362081563168128e-16,-1.1842378929335002e-15,1.1842378929335002e-15,True
200110,12,2.294460917558657e-16,3.552713678800501e-15,1.7763568394002505e-15,True
200111,1,4.855375361027351e-15,3.197442310920451e-15,-1.7763568394002505e-15,True
200111,2,-1.1842378929335004e-14,1.0658141036401502e-15,-1.8947806286936005e-15,True
200111,3,2.1316282072803006e-14,3.552713678800501e-16,-2.723747153747051e-15,True
200111,4,-7.105427357601002e-16,-8.289665250534502e-16,7.105427357601002e-16,True
200111,5,-1.5987211554602255e-15,-2.0132044179869505e-15,2.723747153747051e-15,True
200111,6,-2.2204460492503132e-17,1.1842378929335003e-16,-7.105427357601002e-16,True
200111,7,7.401486830834377e-18,4.736951571734001e-16,-1.1842378929335002e-15,True
200111,8,2.3684757858670006e-16,1.7763568394002505e-15,1.1842378929335002e-15,True
200111,9,-1.1842378929335003e-16,3.434289889507151e-15,-9.473903143468002e-16,True
200111,10,2.3684757858670006e-16,-1.6579330501069005e-15,-1.1842378929335003e-16,True
200111,11,-3.108624468950438e-16,7.105427357601002e-16,-7.105427357601002e-16,True
200111,12,1.6283271027835629e-15,9.473903143468002e-16,8.289665250534502e-16,True
200114,1,6.5133084111342514e-15,5.921189464667501e-16,-2.3684757858670006e-16,True
200114,2,2.3684757858670005e-15,-1.1842378929335003e-16,3.079018521627101e-15,True
200114,3,1.4210854715202004e-14,-4.736951571734001e-16,-4.736951571734001e-16,True
200114,4,-1.0658141036401502e-15,2.3684757858670006e-16,2.3684757858670005e-15,True
200114,5,5.625129991434126e-16,1.8947806286936005e-15,-1.1842378929335002e-15,True
200114,6,2.7755575615628914e-17,1.1842378929335002e-15,-1.8947806286936005e-15,True
200114,7,2.2204460492503132e-17,-9.473903143468002e-16,1.7763568394002505e-15,True
200114,8,-8.881784197001253e-17,-2.6053233644537005e-15,1.7763568394002505e-15,True
200114,9,-1.1842378929335003e-16,2.842170943040401e-15,-9.473903143468002e-16,True
200114,10,-2.9605947323337506e-16,5.921189464667501e-16,1.3026616822268502e-15,True
200114,11,2.3684757858670006e-16,2.0132044179869505e-15,8.289665250534502e-16,True
200114,12,1.0658141036401502e-15,-1.0658141036401502e-15,2.6053233644537005e-15,True
200201,1,-9.473903143468002e-15,-1.4210854715202005e-15,-5.921189464667501e-16,True
200201,2,-2.2737367544323207e-14,2.1316282072803005e-15,-5.329070518200751e-16,True
200201,3,-9.473903143468002e-15,-1.3026616822268502e-15,-4.144832625267251e-16,True
200201,4,-5.210646728907401e-15,1.4210854715202005e-15,-7.105427357601002e-16,True
200201,5,-8.052817671947802e-15,-1.7763568394002505e-15,-1.2434497875801752e-15,True
200201,6,-1.1842378929335002e-15,-7.105427357601002e-16,5.329070518200751e-16,True
200201,7,-3.552713678800501e-16,-4.736951571734001e-16,3.552713678800501e-16,True
200201,8,-8.289665250534502e-16,3.552713678800501e-16,9.473903143468002e-16,True
200201,9,4.736951571734001e-16,-2.723747153747051e-15,5.921189464667501e-17,True
200201,10,2.1316282072803005e-15,-2.3684757858670005e-15,1.1842378929335002e-15,True
200201,11,-3.434289889507151e-15,2.3684757858670006e-16,6.513308411134251e-16,True
200201,12,2.842170943040401e-15,8.289665250534502e-16,5.921189464667501e-17,True
200202,1,-9.947598300641402e-15,7.105427357601002e-16,-1.7763568394002506e-16,True
200202,2,-9.473903143468002e-16,-1.1842378929335002e-15,-2.842170943040401e-15,True
200202,3,-3.315866100213801e-14,8.289665250534502e-16,2.2500519965736505e-15,True
200202,4,-9.473903143468002e-16,-2.3684757858670006e-16,-1.0658141036401502e-15,True
200202,5,1.3618735768735254e-15,7.105427357601002e-16,7.105427357601002e-16,True
200202,6,-2.2204460492503132e-17,2.6053233644537005e-15,1.0658141036401502e-15,True
200202,7,-5.181040781584064e-17,-1.4210854715202005e-15,-1.8947806286936005e-15,True
200202,8,-1.4802973661668753e-16,3.552713678800501e-16,1.5395092608135505e-15,True
200202,9,-2.3684757858670006e-16,7.105427357601002e-16,2.3684757858670006e-16,True
200202,10,5.921189464667501e-16,-5.921189464667501e-16,5.921189464667501e-16,True
200202,11,-7.105427357601002e-16,2.3684757858670006e-16,2.9605947323337506e-16,True
200202,12,3.315866100213801e-15,-1.1842378929335003e-16,-3.552713678800501e-16,True
200203,1,-5.210646728907401e-15,1.8947806286936005e-15,2.3684757858670006e-16,True
200203,2,9.473903143468002e-15,0.0,1.6579330501069005e-15,True
200203,3,-2.0842586915629604e-14,-2.723747153747051e-15,0.0,True
200203,4,-4.736951571734001e-16,1.6579330501069005e-15,-2.0132044179869505e-15,True
200203,5,1.6579330501069005e-15,-3.552713678800501e-16,1.6579330501069005e-15,True
200203,6,2.0724163126336256e-16,7.105427357601002e-16,-9.473903143468002e-16,True
200203,7,0.0,1.5395092608135505e-15,-1.3026616822268502e-15,True
200203,8,-1.1842378929335003e-16,-4.736951571734001e-16,-1.0658141036401502e-15,True
200203,9,2.6645352591003756e-16,1.3026616822268502e-15,-1.8947806286936005e-15,True
200203,10,2.3684757858670006e-16,-1.3026616822268502e-15,2.3684757858670005e-15,True
200203,11,5.921189464667501e-16,1.3026616822268502e-15,0.0,True
200203,12,5.210646728907401e-15,1.3026616822268502e-15,-2.4868995751603505e-15,True
200204,1,-3.079018521627101e-15,2.0132044179869505e-15,-2.3684757858670006e-16,True
200204,2,5.684341886080802e-15,1.8947806286936005e-15,-2.3684757858670005e-15,True
200204,3,0.0,-3.552713678800501e-16,-3.552713678800501e-16,True
200204,4,9.473903143468002e-16,1.3026616822268502e-15,1.4210854715202005e-15,True
200204,5,2.1316282072803005e-15,-2.4868995751603505e-15,1.8355687340469257e-15,True
200204,6,3.9968028886505636e-16,-2.0132044179869505e-15,5.921189464667501e-17,True
200204,7,-1.1842378929335003e-16,7.105427357601002e-16,1.7763568394002506e-16,True
200204,8,4.736951571734001e-16,2.3684757858670005e-15,-4.144832625267251e-16,True
200204,9,-4.144832625267251e-16,-5.921189464667501e-16,1.8947806286936005e-15,True
200204,10,-2.9605947323337506e-16,-1.1842378929335002e-15,5.921189464667501e-17,True
200204,11,-1.0066022089934752e-15,-4.736951571734001e-16,-1.8947806286936005e-15,True
200204,12,0.0,-2.3684757858670006e-16,-5.921189464667501e-16,True
200205,1,-4.263256414560601e-15,-4.736951571734001e-16,-4.736951571734001e-16,True
200205,2,-1.4684549872375405e-14,-2.1316282072803005e-15,2.2500519965736505e-15,True
200205,3,-9.473903143468002e-16,-1.3026616822268502e-15,2.2500519965736505e-15,True
200205,4,5.210646728907401e-15,-1.1842378929335003e-16,4.736951571734001e-16,True
200205,5,-7.105427357601002e-16,1.6579330501069005e-15,-9.473903143468002e-16,True
200205,6,-3.848773152033876e-16,3.552713678800501e-16,-2.3684757858670006e-16,True
200205,7,-1.1842378929335003e-16,-2.842170943040401e-15,-3.552713678800501e-16,True
200205,8,5.921189464667501e-17,7.105427357601002e-16,-1.7763568394002506e-16,True
200205,9,7.993605777301127e-16,-1.1842378929335003e-16,3.552713678800501e-16,True
200205,10,1.7763568394002505e-15,-2.723747153747051e-15,1.1842378929335002e-15,True
200205,11,-2.4276876805136757e-15,3.552713678800501e-16,1.7763568394002506e-16,True
200205,12,-4.500103993147301e-15,1.8947806286936005e-15,1.1842378929335002e-15,True
200206,1,-4.263256414560601e-15,7.105427357601002e-16,-1.1842378929335003e-16,True
200206,2,-1.1842378929335004e-14,4.736951571734001e-16,4.736951571734001e-16,True
200206,3,-2.0842586915629604e-14,-7.105427357601002e-16,3.552713678800501e-16,True
200206,4,-7.105427357601002e-15,-1.1842378929335002e-15,3.552713678800501e-16,True
200206,5,0.0,8.289665250534502e-16,1.5395092608135505e-15,True
200206,6,-5.921189464667501e-16,-1.3026616822268502e-15,1.0066022089934752e-15,True
200206,7,5.033011044967376e-16,2.4868995751603505e-15,7.697546304067752e-16,True
200206,8,-4.736951571734001e-16,-1.4210854715202005e-15,3.552713678800501e-16,True
200206,9,5.329070518200751e-16,0.0,-8.289665250534502e-16,True
200206,10,2.3684757858670006e-16,9.473903143468002e-16,8.881784197001252e-16,True
200206,11,-4.736951571734001e-15,2.1316282072803005e-15,5.921189464667501e-16,True
200206,12,-1.8947806286936005e-15,-5.921189464667501e-16,-1.5987211554602255e-15,True
200207,1,-3.789561257387201e-15,0.0,9.473903143468002e-16,True
200207,2,2.842170943040401e-15,2.3684757858670006e-16,-2.3684757858670006e-16,True
200207,3,0.0,-1.4210854715202005e-15,3.079018521627101e-15,True
200207,4,5.684341886080802e-15,1.5395092608135505e-15,1.8947806286936005e-15,True
200207,5,4.736951571734001e-16,4.736951571734001e-16,1.1842378929335003e-16,True
200207,6,-1.554312234475219e-16,-3.552713678800501e-15,2.842170943040401e-15,True
200207,7,2.2204460492503132e-17,-2.3684757858670006e-16,-1.4210854715202005e-15,True
200207,8,1.7763568394002506e-16,-5.921189464667501e-16,-1.5395092608135505e-15,True
200207,9,-8.881784197001253e-17,-4.736951571734001e-16,-2.3684757858670006e-16,True
200207,10,-7.401486830834377e-16,5.921189464667501e-16,-5.921189464667501e-16,True
200207,11,2.0724163126336256e-16,-4.736951571734001e-16,9.473903143468002e-16,True
200207,12,-8.289665250534502e-16,-5.921189464667501e-16,-2.3684757858670006e-16,True
200208,1,4.263256414560601e-15,-1.7763568394002505e-15,3.552713678800501e-16,True
200208,2,-2.3684757858670005e-15,-1.3026616822268502e-15,1.1842378929335003e-16,True
200208,3,7.579122514774402e-15,1.4210854715202005e-15,2.842170943040401e-15,True
200208,4,9.473903143468002e-16,-1.4210854715202005e-15,-1.1842378929335003e-16,True
200208,5,1.2434497875801752e-15,-8.289665250534502e-16,1.0658141036401502e-15,True
200208,6,2.960594732333751e-17,-2.842170943040401e-15,-1.3026616822268502e-15,True
200208,7,2.960594732333751e-17,-8.289665250534502e-16,-3.552713678800501e-16,True
200208,8,-2.3684757858670006e-16,1.0658141036401502e-15,-4.736951571734001e-16,True
200208,9,2.3684757858670006e-16,-2.3684757858670006e-16,-1.1842378929335002e-15,True
200208,10,-2.960594732333751e-17,1.0658141036401502e-15,-1.6579330501069005e-15,True
200208,11,2.0724163126336256e-16,-7.105427357601002e-16,-1.8355687340469257e-15,True
200208,12,-3.315866100213801e-15,1.6579330501069005e-15,-1.7763568394002505e-15,True
200209,1,1.4210854715202005e-15,1.8947806286936005e-15,-8.289665250534502e-16,True
200209,2,1.8000415972589204e-14,2.1316282072803005e-15,3.434289889507151e-15,True
200209,3,-2.5579538487363607e-14,-1.0658141036401502e-15,-4.144832625267251e-16,True
200209,4,-9.000207986294602e-15,2.723747153747051e-15,9.473903143468002e-16,True
200209,5,-1.0421293457814802e-14,-9.473903143468002e-16,1.9539925233402757e-15,True
200209,6,2.960594732333751e-17,2.3684757858670006e-16,1.3026616822268502e-15,True
200209,7,-1.4802973661668753e-16,-1.0658141036401502e-15,-5.921189464667501e-17,True
200209,8,-1.1842378929335003e-16,-2.0132044179869505e-15,5.921189464667501e-16,True
200209,9,-4.144832625267251e-16,-1.1842378929335003e-16,-1.7763568394002506e-16,True
200209,10,-6.513308411134251e-16,-4.736951571734001e-16,-7.697546304067752e-16,True
200209,11,4.736951571734001e-16,2.3684757858670006e-16,1.1842378929335003e-16,True
200209,12,-9.473903143468002e-16,-1.6579330501069005e-15,-2.3684757858670005e-15,True
200210,1,-2.6053233644537005e-15,0.0,-2.6053233644537005e-15,True
200210,2,1.4684549872375405e-14,-9.473903143468002e-16,-1.5395092608135505e-15,True
200210,3,1.8947806286936005e-15,-1.4210854715202005e-15,-5.921189464667501e-16,True
200210,4,-6.394884621840902e-15,1.1842378929335002e-15,1.1842378929335003e-16,True
200210,5,1.1842378929335003e-16,-3.079018521627101e-15,8.289665250534502e-16,True
200210,6,2.960594732333751e-17,-1.7763568394002505e-15,0.0,True
200210,7,2.960594732333751e-17,7.105427357601002e-16,-2.842170943040401e-15,True
200210,8,0.0,5.921189464667501e-16,-2.723747153747051e-15,True
200210,9,-2.960594732333751e-17,-1.1842378929335003e-16,1.1842378929335002e-15,True
200210,10,0.0,1.6579330501069005e-15,-1.3026616822268502e-15,True
200210,11,-1.1842378929335003e-16,-2.0132044179869505e-15,0.0,True
200210,12,6.513308411134251e-16,-1.4210854715202005e-15,-5.921189464667501e-16,True
200301,1,4.736951571734001e-16,1.4210854715202005e-15,6.513308411134251e-16,True
200301,2,-7.579122514774402e-15,1.5395092608135505e-15,-4.144832625267251e-16,True
200301,3,-2.5105843330190206e-14,-1.3026616822268502e-15,-5.921189464667501e-17,True
200301,4,-4.263256414560601e-15,1.1842378929335002e-15,4.144832625267251e-16,True
200301,5,1.6579330501069005e-15,-1.0658141036401502e-15,-5.329070518200751e-16,True
200301,6,7.105427357601002e-16,3.079018521627101e-15,-4.144832625267251e-16,True
200301,7,-3.9968028886505636e-16,9.473903143468002e-16,1.1842378929335002e-15,True
200301,8,1.0658141036401502e-15,-2.1316282072803005e-15,-1.1842378929335003e-16,True
200301,9,-3.552713678800501e-16,-2.0132044179869505e-15,-8.881784197001252e-16,True
200301,10,-5.921189464667501e-16,-4.736951571734001e-16,1.1842378929335002e-15,True
200301,11,8.289665250534502e-16,-1.1842378929335002e-15,1.3026616822268502e-15,True
200301,12,-2.3684757858670005e-15,-1.3026616822268502e-15,5.921189464667501e-16,True
200302,1,-1.4210854715202005e-15,-1.3026616822268502e-15,-1.4210854715202005e-15,True
200302,2,8.052817671947802e-15,1.6579330501069005e-15,-1.1842378929335002e-15,True
200302,3,2.1789977229976407e-14,5.921189464667501e-16,-2.5461114698070257e-15,True
200302,4,-2.3684757858670005e-15,-1.5395092608135505e-15,-4.736951571734001e-16,True
200302,5,1.3026616822268502e-15,-1.5395092608135505e-15,2.1316282072803005e-15,True
200302,6,0.0,-7.105427357601002e-16,5.921189464667501e-17,True
200302,7,-1.0732155904709847e-16,-5.921189464667501e-16,1.3618735768735254e-15,True
200302,8,1.1842378929335003e-16,-3.079018521627101e-15,0.0,True
200302,9,-2.3684757858670006e-16,1.0658141036401502e-15,-2.9605947323337506e-16,True
200302,10,1.1842378929335002e-15,3.552713678800501e-16,7.105427357601002e-16,True
200302,11,-7.105427357601002e-16,-2.3684757858670006e-16,-1.0658141036401502e-15,True
200302,12,1.4210854715202005e-15,-1.1842378929335002e-15,-2.9605947323337506e-16,True
200303,1,4.736951571734001e-15,3.552713678800501e-16,7.697546304067752e-16,True
200303,2,7.579122514774402e-15,-2.6053233644537005e-15,-1.4210854715202005e-15,True
200303,3,1.7053025658242404e-14,-9.473903143468002e-16,-5.921189464667501e-17,True
200303,4,7.815970093361103e-15,1.6579330501069005e-15,6.513308411134251e-16,True
200303,5,-3.079018521627101e-15,0.0,-2.3684757858670006e-16,True
200303,6,-7.579122514774402e-15,1.1842378929335003e-16,2.3684757858670006e-16,True
200303,7,5.921189464667501e-16,3.197442310920451e-15,-1.4210854715202005e-15,True
200303,8,-7.105427357601002e-16,-5.921189464667501e-16,-6.513308411134251e-16,True
200303,9,-5.921189464667501e-17,-1.7763568394002505e-15,1.1842378929335002e-15,True
200303,10,-3.079018521627101e-15,3.552713678800501e-16,-2.9605947323337506e-16,True
200303,11,-2.842170943040401e-15,-1.4210854715202005e-15,1.1842378929335003e-16,True
200303,12,7.815970093361103e-15,-1.1842378929335003e-16,-3.552713678800501e-16,True
200304,1,2.842170943040401e-15,-2.0132044179869505e-15,-1.6579330501069005e-15,True
200304,2,9.473903143468002e-16,1.1842378929335003e-16,3.434289889507151e-15,True
200304,3,2.0842586915629604e-14,2.2500519965736505e-15,7.105427357601002e-16,True
200304,4,8.763360407707903e-15,-1.0658141036401502e-15,4.736951571734001e-16,True
200304,5,2.1316282072803005e-15,-2.2500519965736505e-15,1.7171449447535755e-15,True
200304,6,-1.6283271027835628e-16,-2.960594732333751e-15,1.5395092608135505e-15,True
200304,7,-1.591319668629391e-16,3.552713678800501e-15,5.921189464667501e-17,True
200304,8,-2.3684757858670006e-16,-2.842170943040401e-15,-1.0066022089934752e-15,True
200304,9,-1.1842378929335002e-15,-8.289665250534502e-16,-5.921189464667501e-16,True
200304,10,2.723747153747051e-15,-3.552713678800501e-16,-1.8947806286936005e-15,True
200304,11,9.473903143468002e-16,1.0658141036401502e-15,1.4802973661668755e-15,True
200304,12,-4.736951571734001e-16,-2.1316282072803005e-15,7.697546304067752e-16,True
200305,1,-9.473903143468002e-16,-1.5395092608135505e-15,2.9605947323337506e-16,True
200305,2,3.315866100213801e-15,3.552713678800501e-16,-1.1842378929335003e-16,True
200305,3,-1.3263464400855204e-14,1.1842378929335002e-15,1.7763568394002505e-15,True
200305,4,-9.473903143468002e-16,3.552713678800501e-16,-1.8355687340469257e-15,True
200305,5,1.7763568394002505e-15,2.842170943040401e-15,3.552713678800501e-16,True
200305,6,8.585724723767877e-16,-5.921189464667501e-16,1.4802973661668755e-15,True
200305,7,-8.141635513917814e-17,1.1842378929335003e-16,0.0,True
200305,8,0.0,-7.105427357601002e-16,1.6579330501069005e-15,True
200305,9,-1.2434497875801752e-15,1.6579330501069005e-15,1.0066022089934752e-15,True
200305,10,-5.921189464667501e-17,-3.079018521627101e-15,1.0658141036401502e-15,True
200305,11,-9.473903143468002e-16,2.842170943040401e-15,5.921189464667501e-17,True
200305,12,-4.736951571734001e-16,9.473903143468002e-16,-8.289665250534502e-16,True
200306,1,-6.158037043254202e-15,1.3026616822268502e-15,1.7763568394002505e-15,True
200306,2,-5.684341886080802e-15,1.4210854715202005e-15,9.473903143468002e-16,True
200306,3,5.684341886080802e-15,2.1316282072803005e-15,0.0,True
200306,4,-2.842170943040401e-15,-2.1316282072803005e-15,-2.0132044179869505e-15,True
200306,5,1.1842378929335003e-16,9.473903143468002e-16,2.9605947323337506e-16,True
200306,6,6.513308411134251e-16,2.1316282072803005e-15,1.8355687340469257e-15,True
200306,7,-1.258252761241844e-16,3.552713678800501e-16,5.921189464667501e-17,True
200306,8,1.7763568394002506e-16,2.3684757858670005e-15,2.3684757858670006e-16,True
200306,9,-3.848773152033876e-16,-8.289665250534502e-16,2.3684757858670006e-16,True
200306,10,1.8355687340469257e-15,-1.0658141036401502e-15,-1.1842378929335002e-15,True
200306,11,1.8947806286936005e-15,-2.4868995751603505e-15,1.9539925233402757e-15,True
200306,12,1.8947806286936005e-15,4.736951571734001e-16,-1.5987211554602255e-15,True
200307,1,0.0,-5.921189464667501e-16,-4.736951571734001e-16,True
200307,2,1.4210854715202005e-15,-9.473903143468002e-16,3.552713678800501e-16,True
200307,3,1.8947806286936004e-14,4.736951571734001e-16,2.9605947323337506e-16,True
200307,4,-5.447494307494102e-15,-8.289665250534502e-16,-5.921189464667501e-17,True
200307,5,4.736951571734001e-15,-1.1842378929335003e-16,-1.7763568394002506e-16,True
200307,6,-2.1316282072803005e-15,3.079018521627101e-15,4.736951571734001e-16,True
200307,7,2.516505522483688e-16,-1.4210854715202005e-15,1.7763568394002506e-16,True
200307,8,1.0658141036401502e-15,1.7763568394002505e-15,-1.2434497875801752e-15,True
200307,9,8.289665250534502e-16,3.552713678800501e-16,8.881784197001252e-16,True
200307,10,7.105427357601002e-16,-1.6579330501069005e-15,1.5395092608135505e-15,True
200307,11,-2.1316282072803005e-15,-7.105427357601002e-16,-7.105427357601002e-16,True
200307,12,4.736951571734001e-15,-1.8947806286936005e-15,5.921189464667501e-16,True
200308,1,7.342274936187703e-15,-1.5395092608135505e-15,5.329070518200751e-16,True
200308,2,2.3684757858670005e-15,1.1842378929335002e-15,5.921189464667501e-17,True
200308,3,-2.936909974475081e-14,2.3684757858670006e-16,4.144832625267251e-16,True
200308,4,-1.0184445879228103e-14,-2.3684757858670006e-16,1.7763568394002506e-16,True
200308,5,5.210646728907401e-15,1.8947806286936005e-15,8.289665250534502e-16,True
200308,6,-1.0362081563168128e-15,1.0658141036401502e-15,-5.921189464667501e-17,True
200308,7,2.960594732333751e-17,-8.289665250534502e-16,0.0,True
200308,8,2.3684757858670006e-16,-2.723747153747051e-15,-8.289665250534502e-16,True
200308,9,6.513308411134251e-16,-1.4210854715202005e-15,-6.513308411134251e-16,True
200308,10,1.0658141036401502e-15,7.105427357601002e-16,2.9605947323337506e-16,True
200308,11,2.842170943040401e-15,1.4210854715202005e-15,-2.3684757858670006e-16,True
200308,12,3.315866100213801e-15,-1.4210854715202005e-15,7.105427357601002e-16,True
200401,1,-3.315866100213801e-15,5.921189464667501e-16,3.552713678800501e-16,True
200401,2,4.736951571734001e-16,-3.552713678800501e-16,-1.6579330501069005e-15,True
200401,3,1.8947806286936005e-15,1.0658141036401502e-15,8.289665250534502e-16,True
200401,4,3.552713678800501e-16,1.6579330501069005e-15,-1.5395092608135505e-15,True
200401,5,-1.7763568394002506e-16,1.1842378929335003e-16,3.552713678800501e-16,True
200401,6,4.4408920985006264e-17,-1.1842378929335002e-15,2.3684757858670006e-16,True
200401,7,-9.25185853854297e-18,2.4868995751603505e-15,-1.6579330501069005e-15,True
200401,8,-7.401486830834377e-17,1.7763568394002505e-15,4.736951571734001e-16,True
200401,9,0.0,4.736951571734001e-16,-4.736951571734001e-16,True
200401,10,4.884981308350689e-16,1.0658141036401502e-15,3.079018521627101e-15,True
200401,11,-3.2566542055671256e-16,1.6579330501069005e-15,2.3684757858670005e-15,True
200401,12,-3.552713678800501e-16,-7.105427357601002e-16,-1.0658141036401502e-15,True
200402,1,0.0,3.434289889507151e-15,7.105427357601002e-16,True
200402,2,-7.579122514774402e-15,-7.105427357601002e-16,-2.723747153747051e-15,True
200402,3,0.0,2.3684757858670006e-16,5.921189464667501e-16,True
200402,4,4.973799150320701e-15,2.3684757858670006e-16,-1.0658141036401502e-15,True
200402,5,1.4802973661668753e-16,2.3684757858670006e-16,-2.4868995751603505e-15,True
200402,6,-4.4408920985006264e-17,-1.1842378929335003e-16,-9.473903143468002e-16,True
200402,7,-3.8857805861880476e-17,-9.473903143468002e-16,-2.3684757858670006e-16,True
200402,8,5.921189464667501e-17,5.921189464667501e-16,7.105427357601002e-16,True
200402,9,4.736951571734001e-16,5.921189464667501e-16,-8.289665250534502e-16,True
200402,10,1.1546319456101628e-15,2.3684757858670006e-16,2.3684757858670005e-15,True
200402,11,2.3684757858670006e-16,-1.8947806286936005e-15,-3.552713678800501e-16,True
200402,12,-9.473903143468002e-16,1.7763568394002505e-15,2.2500519965736505e-15,True
200403,1,-5.210646728907401e-15,1.1842378929335003e-16,-2.1316282072803005e-15,True
200403,2,-3.315866100213801e-15,7.105427357601002e-16,5.921189464667501e-16,True
200403,3,7.579122514774402e-15,-9.473903143468002e-16,-1.3618735768735254e-15,True
200403,4,-1.4210854715202004e-14,-3.552713678800501e-16,-2.9605947323337506e-16,True
200403,5,-3.434289889507151e-15,-2.4868995751603505e-15,5.921189464667501e-16,True
200403,6,1.7763568394002506e-16,0.0,-1.1842378929335002e-15,True
200403,7,8.141635513917814e-17,2.3684757858670006e-16,1.4210854715202005e-15,True
200403,8,-8.289665250534502e-16,-2.2500519965736505e-15,2.3684757858670006e-16,True
200403,9,-1.3618735768735254e-15,-7.105427357601002e-16,0.0,True
200403,10,-2.0724163126336257e-15,-1.5395092608135505e-15,5.329070518200751e-16,True
200403,11,1.0658141036401502e-15,8.289665250534502e-16,1.5987211554602255e-15,True
200403,12,-4.736951571734001e-15,1.1842378929335002e-15,-1.0658141036401502e-15,True
200404,1,1.6579330501069005e-15,-7.105427357601002e-16,-9.473903143468002e-16,True
200404,2,-3.315866100213801e-15,-2.2500519965736505e-15,-1.3026616822268502e-15,True
200404,3,-5.684341886080802e-15,9.473903143468002e-16,-3.552713678800501e-16,True
200404,4,3.671137468093851e-15,-8.289665250534502e-16,2.2500519965736505e-15,True
200404,5,-2.516505522483688e-16,9.473903143468002e-16,-3.552713678800501e-16,True
200404,6,3.3306690738754695e-17,2.6053233644537005e-15,-1.4210854715202005e-15,True
200404,7,-3.7007434154171884e-18,9.473903143468002e-16,-1.6579330501069005e-15,True
200404,8,8.881784197001253e-17,5.921189464667501e-16,-2.4868995751603505e-15,True
200404,9,2.220446049250313e-16,2.3684757858670005e-15,1.4210854715202005e-15,True
200404,10,2.6645352591003756e-16,1.4210854715202005e-15,7.105427357601002e-16,True
200404,11,1.1842378929335003e-16,7.105427357601002e-16,3.552713678800501e-16,True
200404,12,-5.329070518200751e-16,9.473903143468002e-16,-1.1842378929335002e-15,True
200405,1,6.394884621840902e-15,4.736951571734001e-16,-1.6579330501069005e-15,True
200405,2,-1.1368683772161604e-14,-2.960594732333751e-15,8.289665250534502e-16,True
200405,3,-2.0842586915629604e-14,-2.723747153747051e-15,1.6579330501069005e-15,True
200405,4,6.868579779014302e-15,1.1842378929335003e-16,0.0,True
200405,5,-9.769962616701378e-16,-1.1842378929335003e-16,-2.2500519965736505e-15,True
200405,6,-6.661338147750939e-17,-7.105427357601002e-16,2.723747153747051e-15,True
200405,7,-3.7007434154171884e-18,-8.289665250534502e-16,1.4210854715202005e-15,True
200405,8,2.0724163126336256e-16,-1.3026616822268502e-15,-8.289665250534502e-16,True
200405,9,-4.2928623618839387e-16,-2.0132044179869505e-15,-2.6053233644537005e-15,True
200405,10,3.2566542055671256e-16,5.921189464667501e-16,-2.2500519965736505e-15,True
200405,11,-2.3684757858670006e-16,1.5395092608135505e-15,2.3684757858670006e-16,True
200405,12,-1.1842378929335003e-16,5.921189464667501e-16,-1.8947806286936005e-15,True
200406,1,0.0,-7.105427357601002e-16,1.6579330501069005e-15,True
200406,2,-1.6579330501069005e-15,1.5395092608135505e-15,-1.6579330501069005e-15,True
200406,3,1.3263464400855204e-14,2.3684757858670006e-16,-2.3684757858670006e-16,True
200406,4,-4.500103993147301e-15,5.921189464667501e-16,-2.1316282072803005e-15,True
200406,5,-1.5987211554602255e-15,1.7763568394002505e-15,-8.289665250534502e-16,True
200406,6,-8.141635513917814e-17,-5.921189464667501e-16,-3.552713678800501e-16,True
200406,7,1.850371707708594e-17,0.0,1.8947806286936005e-15,True
200406,8,1.7763568394002506e-16,1.1842378929335002e-15,-8.881784197001252e-16,True
200406,9,-8.881784197001253e-17,2.1316282072803005e-15,1.6579330501069005e-15,True
200406,10,-6.217248937900876e-16,1.1842378929335003e-16,-2.3684757858670006e-16,True
200406,11,4.736951571734001e-16,1.1842378929335003e-16,9.473903143468002e-16,True
200406,12,0.0,-3.079018521627101e-15,5.921189464667501e-16,True
200407,1,9.947598300641402e-15,1.8947806286936005e-15,1.1842378929335002e-15,True
200407,2,2.842170943040401e-14,-1.6579330501069005e-15,2.0132044179869505e-15,True
200407,3,1.7053025658242404e-14,1.7763568394002505e-15,-1.4210854715202005e-15,True
200407,4,2.842170943040401e-15,-5.921189464667501e-16,2.3684757858670006e-16,True
200407,5,3.079018521627101e-15,1.5395092608135505e-15,-5.921189464667501e-16,True
200407,6,-2.3684757858670006e-16,-2.3684757858670006e-16,-4.736951571734001e-16,True
200407,7,3.3306690738754695e-17,-1.5395092608135505e-15,1.1842378929335002e-15,True
200407,8,-5.921189464667501e-17,1.7763568394002505e-15,7.105427357601002e-16,True
200407,9,3.2566542055671256e-16,-2.1316282072803005e-15,-2.3684757858670006e-16,True
200407,10,4.144832625267251e-16,1.3026616822268502e-15,2.1316282072803005e-15,True
200407,11,4.736951571734001e-16,-1.1842378929335003e-16,1.1842378929335003e-16,True
200407,12,4.736951571734001e-16,1.8947806286936005e-15,5.921189464667501e-16,True
200408,1,-4.500103993147301e-15,-8.289665250534502e-16,-2.723747153747051e-15,True
200408,2,6.631732200427602e-15,2.0132044179869505e-15,-1.1842378929335003e-16,True
200408,3,1.1368683772161604e-14,-1.6579330501069005e-15,-4.736951571734001e-16,True
200408,4,-1.0894988614988204e-14,5.921189464667501e-16,1.1842378929335003e-16,True
200408,5,-2.4276876805136757e-15,1.3026616822268502e-15,-1.8947806286936005e-15,True
200408,6,-8.141635513917814e-17,-9.473903143468002e-16,3.552713678800501e-16,True
200408,7,-2.960594732333751e-17,-2.0132044179869505e-15,2.2500519965736505e-15,True
200408,8,-1.7763568394002506e-16,-5.921189464667501e-16,1.6579330501069005e-15,True
200408,9,-3.552713678800501e-16,2.960594732333751e-15,0.0,True
200408,10,-5.329070518200751e-16,1.1842378929335002e-15,-1.1842378929335002e-15,True
200408,11,1.0658141036401502e-15,-1.8947806286936005e-15,3.552713678800501e-16,True
200408,12,3.315866100213801e-15,-2.1316282072803005e-15,1.7763568394002505e-15,True
200409,1,-5.447494307494102e-15,2.3684757858670005e-15,-2.0132044179869505e-15,True
200409,2,-9.473903143468002e-16,1.5395092608135505e-15,1.1842378929335002e-15,True
200409,3,2.0842586915629604e-14,-2.3684757858670006e-16,-1.5395092608135505e-15,True
200409,4,6.631732200427602e-15,2.3684757858670006e-16,-1.1842378929335003e-16,True
200409,5,7.105427357601002e-16,-1.1842378929335003e-16,0.0,True
200409,6,-2.960594732333751e-17,3.315866100213801e-15,-1.0658141036401502e-15,True
200409,7,3.3306690738754695e-17,1.3026616822268502e-15,-1.4802973661668755e-15,True
200409,8,0.0,2.842170943040401e-15,-3.552713678800501e-16,True
200409,9,1.924386576016938e-16,-1.6579330501069005e-15,-1.1842378929335003e-16,True
200409,10,-2.9605947323337506e-16,2.2500519965736505e-15,-1.3026616822268502e-15,True
200409,11,0.0,2.0132044179869505e-15,1.7171449447535755e-15,True
200409,12,-1.8947806286936005e-15,-1.1842378929335003e-16,5.921189464667501e-16,True
200410,1,1.8947806286936005e-15,5.921189464667501e-16,5.921189464667501e-16,True
200410,2,-9.947598300641402e-15,-1.1842378929335003e-16,-2.2500519965736505e-15,True
200410,3,-5.684341886080802e-15,2.1316282072803005e-15,-2.3684757858670006e-16,True
200410,4,1.0894988614988204e-14,-2.2500519965736505e-15,-2.0132044179869505e-15,True
200410,5,-5.921189464667501e-16,-2.842170943040401e-15,1.6579330501069005e-15,True
200410,6,-1.4802973661668754e-17,4.736951571734001e-16,-1.0658141036401502e-15,True
200410,7,-4.4408920985006264e-17,-2.3684757858670006e-16,-7.105427357601002e-16,True
200410,8,-5.921189464667501e-17,-7.105427357601002e-16,-9.473903143468002e-16,True
200410,9,1.0362081563168128e-15,1.7763568394002505e-15,-8.289665250534502e-16,True
200410,10,-1.8355687340469257e-15,-1.7763568394002505e-15,-1.1842378929335003e-16,True
200410,11,1.4210854715202005e-15,-2.2500519965736505e-15,-2.2500519965736505e-15,True
200410,12,4.736951571734001e-16,2.4868995751603505e-15,-1.1842378929335002e-15,True
200502,1,4.736951571734001e-16,2.6053233644537005e-15,-3.552713678800501e-16,True
200502,2,2.3684757858670005e-15,-1.7763568394002505e-15,1.7763568394002505e-15,True
200502,3,-7.105427357601002e-16,2.3684757858670005e-15,2.3684757858670006e-16,True
200502,4,-7.697546304067752e-16,3.434289889507151e-15,1.7763568394002505e-15,True
200502,5,0.0,1.5395092608135505e-15,-2.960594732333751e-15,True
200502,6,-3.7007434154171884e-18,-1.1842378929335002e-15,3.552713678800501e-16,True
200502,7,-2.6830389761774617e-17,2.723747153747051e-15,-1.0658141036401502e-15,True
200502,8,-5.551115123125783e-17,1.5395092608135505e-15,1.1842378929335002e-15,True
200502,9,3.700743415417188e-17,1.6579330501069005e-15,-2.3684757858670006e-16,True
200502,10,1.1842378929335003e-16,-4.736951571734001e-16,1.1842378929335002e-15,True
200502,11,4.625929269271485e-18,1.3026616822268502e-15,-1.1842378929335002e-15,True
200502,12,-3.108624468950438e-16,1.1842378929335002e-15,-1.5395092608135505e-15,True
200503,1,-2.723747153747051e-15,-2.3684757858670005e-15,2.3684757858670006e-16,True
200503,2,-1.1842378929335002e-15,-2.2500519965736505e-15,2.3684757858670005e-15,True
200503,3,5.684341886080802e-15,8.289665250534502e-16,-1.1842378929335003e-16,True
200503,4,-4.736951571734001e-16,7.105427357601002e-16,-2.2500519965736505e-15,True
200503,5,-5.181040781584064e-17,-2.3684757858670006e-16,-1.8947806286936005e-15,True
200503,6,5.458596537740353e-17,-5.921189464667501e-16,-1.1842378929335003e-16,True
200503,7,-4.4408920985006264e-17,2.6053233644537005e-15,2.3684757858670006e-16,True
200503,8,-1.6653345369377347e-17,-3.552713678800501e-16,-1.8947806286936005e-15,True
200503,9,4.810966440042345e-17,-3.552713678800501e-16,-6.513308411134251e-16,True
200503,10,-5.921189464667501e-17,-2.723747153747051e-15,-1.8947806286936005e-15,True
200503,11,-1.8503717077085942e-18,-2.4868995751603505e-15,1.1842378929335003e-16,True
200503,12,1.6283271027835628e-16,1.0658141036401502e-15,-7.105427357601002e-16,True
200504,1,1.1842378929335003e-16,-7.105427357601002e-16,-2.3684757858670005e-15,True
200504,2,9.473903143468002e-16,-2.2500519965736505e-15,-1.0658141036401502e-15,True
200504,3,-3.552713678800501e-15,-2.723747153747051e-15,-9.473903143468002e-16,True
200504,4,1.1250259982868252e-15,-9.473903143468002e-16,5.921189464667501e-16,True
200504,5,-8.141635513917814e-17,1.1842378929335003e-16,0.0,True
200504,6,8.141635513917814e-17,1.3026616822268502e-15,-1.1842378929335002e-15,True
200504,7,-4.4408920985006264e-17,2.3684757858670006e-16,-9.473903143468002e-16,True
200504,8,3.3306690738754695e-17,-1.3026616822268502e-15,-2.842170943040401e-15,True
200504,9,2.960594732333751e-17,2.2500519965736505e-15,-7.697546304067752e-16,True
200504,10,1.4802973661668754e-17,1.5395092608135505e-15,2.3684757858670005e-15,True
200504,11,4.625929269271486e-17,-4.736951571734001e-16,4.736951571734001e-16,True
200504,12,4.884981308350689e-16,2.4868995751603505e-15,1.3026616822268502e-15,True
200505,1,-2.2500519965736505e-15,-8.289665250534502e-16,-1.1842378929335003e-16,True
200505,2,-1.4210854715202005e-15,-2.3684757858670005e-15,2.1316282072803005e-15,True
200505,3,0.0,-9.473903143468002e-16,7.105427357601002e-16,True
200505,4,-1.3026616822268502e-15,8.289665250534502e-16,1.0658141036401502e-15,True
200505,5,1.0362081563168128e-16,-2.2500519965736505e-15,-2.0132044179869505e-15,True
200505,6,2.3129646346357427e-18,-5.921189464667501e-16,8.289665250534502e-16,True
200505,7,5.551115123125783e-18,4.736951571734001e-16,-9.473903143468002e-16,True
200505,8,-5.181040781584064e-17,4.736951571734001e-16,2.3684757858670006e-16,True
200505,9,6.661338147750939e-17,-1.7763568394002505e-15,-1.4802973661668755e-15,True
200505,10,-1.7763568394002506e-16,-1.3026616822268502e-15,-1.1842378929335002e-15,True
200505,11,2.590520390792032e-17,1.1842378929335003e-16,4.736951571734001e-16,True
200505,12,1.3322676295501878e-16,-1.1842378929335003e-16,-9.473903143468002e-16,True
200506,1,1.4210854715202005e-15,-1.0658141036401502e-15,-2.0132044179869505e-15,True
200506,2,5.447494307494102e-15,-2.6053233644537005e-15,-1.3026616822268502e-15,True
200506,3,2.842170943040401e-15,-3.552713678800501e-16,-8.289665250534502e-16,True
200506,4,2.3684757858670006e-16,-2.3684757858670005e-15,2.6053233644537005e-15,True
200506,5,1.0362081563168128e-16,2.3684757858670005e-15,-5.921189464667501e-16,True
200506,6,-1.572815951552305e-17,4.736951571734001e-16,2.1908401019269757e-15,True
200506,7,-2.0816681711721684e-18,1.4210854715202005e-15,8.289665250534502e-16,True
200506,8,-3.14563190310461e-17,-3.552713678800501e-16,1.7763568394002506e-16,True
200506,9,5.551115123125783e-17,-1.3026616822268502e-15,-7.697546304067752e-16,True
200506,10,-1.924386576016938e-16,-2.2500519965736505e-15,4.144832625267251e-16,True
200506,11,-1.850371707708594e-17,5.921189464667501e-16,-1.1842378929335002e-15,True
200506,12,-1.0066022089934752e-15,1.1842378929335003e-16,-3.197442310920451e-15,True
200507,1,3.552713678800501e-16,-5.921189464667501e-16,5.921189464667501e-16,True
200507,2,-9.473903143468002e-16,1.0658141036401502e-15,5.921189464667501e-16,True
200507,3,-1.6579330501069005e-15,-1.5395092608135505e-15,-1.7763568394002505e-15,True
200507,4,-1.7171449447535755e-15,-3.552713678800501e-16,-1.3026616822268502e-15,True
200507,5,2.9605947323337506e-16,1.1842378929335003e-16,-2.3684757858670006e-16,True
200507,6,-1.5173048003210473e-16,-1.5395092608135505e-15,-4.736951571734001e-16,True
200507,7,1.4802973661668754e-17,-1.0658141036401502e-15,-2.2500519965736505e-15,True
200507,8,5.181040781584064e-17,-1.0658141036401502e-15,-8.289665250534502e-16,True
200507,9,7.031412489292658e-17,-7.105427357601002e-16,9.473903143468002e-16,True
200507,10,-3.700743415417188e-17,1.8947806286936005e-15,4.736951571734001e-16,True
200507,11,3.515706244646329e-17,-1.6579330501069005e-15,1.7763568394002505e-15,True
200507,12,7.845576040684439e-16,3.552713678800501e-16,1.4210854715202005e-15,True
200601,1,-7.105427357601002e-16,-3.907985046680551e-15,0.0,True
200601,2,1.0421293457814802e-14,3.315866100213801e-15,3.552713678800501e-16,True
200601,3,7.579122514774402e-15,-1.0658141036401502e-15,-2.723747153747051e-15,True
200601,4,0.0,-4.736951571734001e-16,-7.105427357601002e-16,True
200601,5,3.4046839421838136e-16,2.3684757858670005e-15,-1.1842378929335002e-15,True
200601,6,1.295260195396016e-17,1.0658141036401502e-15,-2.3684757858670006e-16,True
200601,7,-6.47630097698008e-18,0.0,2.2500519965736505e-15,True
200601,8,2.960594732333751e-17,-4.736951571734001e-16,-2.3684757858670006e-16,True
200601,9,-7.401486830834377e-18,-1.8947806286936005e-15,1.4210854715202005e-15,True
200601,10,4.4408920985006264e-17,2.960594732333751e-15,-2.3684757858670005e-15,True
200601,11,-2.960594732333751e-17,-1.1842378929335002e-15,-2.3684757858670005e-15,True
200601,12,7.697546304067752e-16,2.1316282072803005e-15,3.197442310920451e-15,True
200603,1,-1.0658141036401502e-15,7.105427357601002e-16,3.552713678800501e-16,True
200603,2,3.552713678800501e-15,1.4210854715202005e-15,-1.3026616822268502e-15,True
200603,3,0.0,-1.1842378929335003e-16,-9.473903143468002e-16,True
200603,4,1.1842378929335003e-16,-9.473903143468002e-16,4.736951571734001e-16,True
200603,5,-2.812564995717063e-16,7.105427357601002e-16,3.552713678800501e-16,True
200603,6,-1.7578531223231644e-17,1.7763568394002505e-15,-3.552713678800501e-16,True
200603,7,-1.61907524424502e-18,1.1842378929335003e-16,-1.0658141036401502e-15,True
200603,8,3.700743415417188e-17,9.473903143468002e-16,-1.1250259982868252e-15,True
200603,9,1.1102230246251565e-16,0.0,-1.9539925233402757e-15,True
200603,10,3.700743415417188e-17,-2.723747153747051e-15,-2.9605947323337506e-16,True
200603,11,-2.4054832200211726e-17,1.1842378929335003e-16,3.552713678800501e-15,True
200603,12,7.401486830834377e-16,-9.473903143468002e-16,-3.552713678800501e-16,True
200605,1,-5.447494307494102e-15,-2.3684757858670006e-16,-9.473903143468002e-16,True
200605,2,-1.0421293457814802e-14,3.552713678800501e-16,-3.079018521627101e-15,True
200605,3,-6.631732200427602e-15,1.3026616822268502e-15,8.289665250534502e-16,True
200605,4,-3.552713678800501e-16,-9.473903143468002e-16,1.1842378929335003e-16,True
200605,5,1.924386576016938e-16,1.3026616822268502e-15,-5.921189464667501e-16,True
200605,6,4.810966440042345e-17,2.3684757858670006e-16,5.921189464667501e-16,True
200605,7,1.0639637319324418e-17,5.921189464667501e-16,-1.8947806286936005e-15,True
200605,8,1.4802973661668754e-17,1.0658141036401502e-15,-2.3684757858670006e-16,True
200605,9,-4.070817756958907e-17,-2.4868995751603505e-15,-1.4210854715202005e-15,True
200605,10,-7.401486830834377e-17,7.105427357601002e-16,-1.6579330501069005e-15,True
200605,11,-3.14563190310461e-17,2.3684757858670005e-15,4.736951571734001e-16,True
200605,12,4.144832625267251e-16,-2.960594732333751e-15,-2.1316282072803005e-15,True
200606,1,-3.789561257387201e-15,0.0,1.5395092608135505e-15,True
200606,2,-2.3684757858670005e-15,3.079018521627101e-15,-1.1842378929335002e-15,True
200606,3,1.8947806286936005e-15,2.6053233644537005e-15,5.921189464667501e-16,True
200606,4,-9.769962616701378e-16,-3.552713678800501e-16,-2.3684757858670006e-16,True
200606,5,-6.661338147750939e-17,7.105427357601002e-16,-9.473903143468002e-16,True
200606,6,3.053113317719181e-17,-9.473903143468002e-16,1.3026616822268502e-15,True
200606,7,-2.8680761469483214e-17,2.723747153747051e-15,-2.2500519965736505e-15,True
200606,8,-1.8503717077085942e-18,-2.723747153747051e-15,-1.4210854715202005e-15,True
200606,9,7.771561172376095e-17,-1.1842378929335003e-16,1.1842378929335002e-15,True
200606,10,-1.3322676295501878e-16,-3.434289889507151e-15,-2.842170943040401e-15,True
200606,11,-4.255854927729767e-17,1.3026616822268502e-15,-7.105427357601002e-16,True
200606,12,4.736951571734001e-16,-8.289665250534502e-16,1.7763568394002505e-15,True
200607,1,0.0,1.4210854715202005e-15,-1.7763568394002505e-15,True
200607,2,4.736951571734001e-15,-3.315866100213801e-15,1.0658141036401502e-15,True
200607,3,-5.684341886080802e-15,2.2500519965736505e-15,1.0658141036401502e-15,True
200607,4,2.723747153747051e-15,-2.2500519965736505e-15,-4.736951571734001e-16,True
200607,5,4.144832625267251e-16,9.473903143468002e-16,2.6053233644537005e-15,True
200607,6,6.661338147750939e-17,1.1842378929335003e-16,-7.105427357601002e-16,True
200607,7,-9.251858538542971e-19,1.1842378929335002e-15,2.1316282072803005e-15,True
200607,8,-9.25185853854297e-18,9.473903143468002e-16,1.4210854715202005e-15,True
200607,9,6.29126380620922e-17,4.736951571734001e-16,-3.552713678800501e-16,True
200607,10,-8.881784197001253e-17,1.0658141036401502e-15,1.5395092608135505e-15,True
200607,11,-4.070817756958907e-17,9.473903143468002e-16,5.921189464667501e-16,True
200607,12,4.736951571734001e-16,-2.2500519965736505e-15,1.6579330501069005e-15,True
200608,1,-7.105427357601002e-16,-4.618527782440651e-15,1.1842378929335003e-16,True
200608,2,-4.736951571734001e-16,-2.842170943040401e-15,1.6579330501069005e-15,True
200608,3,7.579122514774402e-15,5.921189464667501e-16,0.0,True
200608,4,1.2434497875801752e-15,9.473903143468002e-16,1.8947806286936005e-15,True
200608,5,1.4802973661668753e-16,2.2500519965736505e-15,-1.4210854715202005e-15,True
200608,6,-3.700743415417188e-17,2.1316282072803005e-15,1.1842378929335003e-16,True
200608,7,-6.47630097698008e-18,3.552713678800501e-16,2.960594732333751e-15,True
200608,8,3.3306690738754695e-17,-7.105427357601002e-16,1.3026616822268502e-15,True
200608,9,-3.3306690738754695e-17,2.2500519965736505e-15,-8.289665250534502e-16,True
200608,10,4.4408920985006264e-17,1.0658141036401502e-15,-7.105427357601002e-16,True
200608,11,-2.2204460492503132e-17,-1.1842378929335003e-16,-1.6579330501069005e-15,True
200608,12,-8.733754460384564e-16,1.6579330501069005e-15,1.7763568394002505e-15,True
200801,1,0.0,1.6579330501069005e-15,1.4210854715202005e-15,True
200801,2,-2.6053233644537005e-15,-7.105427357601002e-16,1.8947806286936005e-15,True
200801,3,1.5395092608135505e-15,3.315866100213801e-15,2.3684757858670005e-15,True
200801,4,3.552713678800501e-16,-7.105427357601002e-16,5.921189464667501e-16,True
200801,5,-7.401486830834377e-18,-3.552713678800501e-16,-4.736951571734001e-16,True
200801,6,3.515706244646329e-17,4.736951571734001e-16,-4.144832625267251e-16,True
200801,7,0.0,-7.105427357601002e-16,3.552713678800501e-16,True
200801,8,-5.551115123125783e-17,1.4210854715202005e-15,-4.736951571734001e-16,True
200801,9,-1.1102230246251566e-17,-9.473903143468002e-16,-2.9605947323337506e-16,True
200801,10,7.401486830834377e-17,0.0,1.9539925233402757e-15,True
200801,11,-8.881784197001253e-17,1.1842378929335003e-16,-1.4210854715202005e-15,True
200801,12,-2.2204460492503132e-17,1.8947806286936005e-15,-2.2500519965736505e-15,True
200802,1,7.697546304067752e-16,-3.552713678800501e-15,-1.6579330501069005e-15,True
200802,2,-2.1316282072803005e-15,-3.079018521627101e-15,0.0,True
200802,3,2.960594732333751e-15,-8.289665250534502e-16,2.3684757858670005e-15,True
200802,4,1.7763568394002506e-16,-1.1842378929335003e-16,1.1842378929335002e-15,True
200802,5,1.4802973661668754e-17,-2.3684757858670005e-15,-1.1842378929335003e-16,True
200802,6,2.2204460492503132e-17,-1.1842378929335003e-16,0.0,True
200802,7,-5.551115123125783e-18,2.3684757858670006e-16,-2.3684757858670005e-15,True
200802,8,-1.4802973661668754e-17,1.7763568394002505e-15,-4.736951571734001e-16,True
200802,9,-8.511709855459534e-17,-7.105427357601002e-16,-1.1842378929335002e-15,True
200802,10,1.4802973661668753e-16,5.921189464667501e-16,8.289665250534502e-16,True
200802,11,1.1102230246251566e-17,0.0,8.289665250534502e-16,True
200802,12,3.4046839421838136e-16,2.723747153747051e-15,-1.7763568394002505e-15,True
200803,1,-1.1250259982868252e-15,1.5395092608135505e-15,1.1842378929335002e-15,True
200803,2,-2.1316282072803005e-15,2.842170943040401e-15,-1.8947806286936005e-15,True
200803,3,2.1316282072803005e-15,-4.736951571734001e-16,1.4210854715202005e-15,True
200803,4,9.769962616701378e-16,2.1316282072803005e-15,1.1842378929335002e-15,True
200803,5,0.0,-1.1842378929335002e-15,-2.960594732333751e-15,True
200803,6,1.8503717077085942e-18,-5.921189464667501e-16,7.105427357601002e-16,True
200803,7,2.312964634635743e-17,5.921189464667501e-16,2.960594732333751e-15,True
200803,8,5.551115123125783e-17,-5.921189464667501e-16,3.552713678800501e-16,True
200803,9,-2.7755575615628914e-17,2.3684757858670005e-15,2.3684757858670005e-15,True
200803,10,-7.401486830834377e-17,-8.289665250534502e-16,-8.289665250534502e-16,True
200803,11,-2.0354088784794535e-17,-2.723747153747051e-15,-7.105427357601002e-16,True
200803,12,-3.108624468950438e-16,-1.6579330501069005e-15,-2.2500519965736505e-15,True
200804,1,1.7763568394002506e-16,2.3684757858670006e-16,-2.723747153747051e-15,True
200804,2,1.0658141036401502e-15,-3.789561257387201e-15,0.0,True
200804,3,2.1316282072803005e-15,-1.6579330501069005e-15,1.1842378929335003e-16,True
200804,4,3.2566542055671256e-16,3.907985046680551e-15,1.8947806286936005e-15,True
200804,5,-3.700743415417188e-17,-1.1842378929335002e-15,2.6053233644537005e-15,True
200804,6,-1.3877787807814457e-17,-4.736951571734001e-16,-7.105427357601002e-16,True
200804,7,5.551115123125783e-18,-7.105427357601002e-16,-3.434289889507151e-15,True
200804,8,-1.1102230246251566e-17,-1.1842378929335002e-15,2.0132044179869505e-15,True
200804,9,4.810966440042345e-17,1.6579330501069005e-15,2.3684757858670005e-15,True
200804,10,8.141635513917814e-17,0.0,-3.079018521627101e-15,True
200804,11,-1.850371707708594e-17,-1.4210854715202005e-15,9.473903143468002e-16,True
200804,12,-3.552713678800501e-16,0.0,-2.1316282072803005e-15,True
200805,1,-2.9605947323337506e-16,-9.473903143468002e-16,-1.1842378929335002e-15,True
200805,2,3.434289889507151e-15,-9.473903143468002e-16,2.842170943040401e-15,True
200805,3,-3.315866100213801e-15,1.1842378929335003e-16,2.3684757858670006e-16,True
200805,4,-1.1842378929335003e-16,1.1842378929335002e-15,1.4210854715202005e-15,True
200805,5,-7.401486830834377e-17,1.4210854715202005e-15,-1.4802973661668755e-15,True
200805,6,1.3877787807814457e-17,1.7763568394002505e-15,-5.329070518200751e-16,True
200805,7,-1.1102230246251566e-17,-2.842170943040401e-15,-8.289665250534502e-16,True
200805,8,-2.2204460492503132e-17,-2.0132044179869505e-15,1.1842378929335002e-15,True
200805,9,-6.106226635438361e-17,-3.552713678800501e-16,-3.552713678800501e-16,True
200805,10,-9.62193288008469e-17,-9.473903143468002e-16,4.144832625267251e-16,True
200805,11,-1.0362081563168128e-16,-2.6053233644537005e-15,-2.3684757858670006e-16,True
200805,12,-5.921189464667501e-17,-9.473903143468002e-16,-1.5395092608135505e-15,True
200806,1,2.4868995751603505e-15,-2.3684757858670005e-15,9.473903143468002e-16,True
200806,2,0.0,-3.552713678800501e-16,-2.1316282072803005e-15,True
200806,3,-2.3684757858670005e-15,2.1316282072803005e-15,2.842170943040401e-15,True
200806,4,3.552713678800501e-16,1.4210854715202005e-15,-3.197442310920451e-15,True
200806,5,-2.590520390792032e-17,5.921189464667501e-16,-2.3684757858670005e-15,True
200806,6,-1.8503717077085942e-18,4.736951571734001e-16,5.921189464667501e-16,True
200806,7,-1.6653345369377347e-17,0.0,-1.4210854715202005e-15,True
200806,8,4.070817756958907e-17,5.921189464667501e-16,1.7763568394002505e-15,True
200806,9,-5.551115123125783e-18,2.0132044179869505e-15,-1.6579330501069005e-15,True
200806,10,3.700743415417188e-17,0.0,1.4210854715202005e-15,True
200806,11,-2.0354088784794535e-17,-2.1316282072803005e-15,-4.736951571734001e-16,True
200806,12,3.9968028886505636e-16,3.197442310920451e-15,-9.473903143468002e-16,True
