UBIGEO,MONTH,RAIN_NORMAL,RAIN_SD,TMAX_NORMAL,TMAX_SD,TMIN_NORMAL,TMIN_SD,RAIN_N_YEARS,TMAX_N_YEARS,TMIN_N_YEARS,N_YEARS_AVAILABLE,PASS
200101,1,22.473273252523494,111.38793998310757,32.900638834769985,0.5028337435261675,21.95974699455352,0.9770126537425714,30,30,30,30,True
200101,2,66.29874991016992,135.06576194988338,33.76984688167411,0.42223918462598337,23.96513429880488,0.9413943735540597,30,30,30,30,True
200101,3,56.24849732778469,127.28549783467561,33.431258420164575,0.609479759439493,23.41471732881365,0.9625859279354853,30,30,30,30,True
200101,4,12.204011246922128,24.77161417503858,32.145714428341414,0.5027845172164008,21.163892372805268,1.1984006916658978,30,30,30,30,True
200101,5,1.7289996477479745,3.3104809378859934,30.79766554140789,0.9807514218284269,19.571184600468012,1.1478310023288676,30,30,30,30,True
200101,6,0.2121327742302032,0.5717818616272052,29.35146633987487,1.2758109033472005,18.848904289233953,1.196077089888514,30,30,30,30,True
200101,7,0.18524913953535602,0.6423381926963067,28.419706011100043,0.953075257121516,18.27656807483436,0.9713502555419502,30,30,30,30,True
200101,8,0.33742326518664867,1.0015357733185764,28.85069864315999,0.782076963389432,18.594994315101793,0.8913546734671419,30,30,30,30,True
200101,9,0.8632243987163577,1.4590985054256083,28.86624681539866,0.820238786300298,18.10153382153736,0.9177373462734486,30,30,30,30,True
200101,10,1.8330159367409296,2.8576969999221333,30.175408787685374,0.801526192995375,18.962064475136685,0.7467434177441764,30,30,30,30,True
200101,11,1.2569748777775147,2.3263501460640543,30.544677706392697,0.6467659230464226,19.247156389855068,0.939676798128033,30,30,30,30,True
200101,12,5.852931702150298,23.983494462097713,32.55983100197281,0.5863035845079594,21.397262280235886,0.9906144707018016,30,30,30,30,True
200104,1,21.738057043661513,103.3367099259239,32.23805291898503,0.5031142497257487,20.92126535955792,0.9984031630584174,30,30,30,30,True
200104,2,75.86943279670885,138.50839849117628,32.860719933635416,0.414321775946806,22.88576163874917,1.0743414929147457,30,30,30,30,True
200104,3,127.07999180318686,226.31495790432277,32.692314785756764,0.5698640351571704,22.578914193833644,1.080096886791238,30,30,30,30,True
200104,4,16.76757408390851,30.442154997635217,31.60672801126141,0.4897292499497438,20.47284238192664,1.3884874401166902,30,30,30,30,True
200104,5,2.10617717446526,3.7437971497584153,30.355133832477314,0.9842504528873584,18.747363239343418,1.1650811347603902,30,30,30,30,True
200104,6,0.19290497591326083,0.39269229639330355,29.263540749240192,1.282396980213316,18.203071055211808,1.2225391390561369,30,30,30,30,True
200104,7,0.2030015259742846,0.7886155815246502,28.300734164921824,0.9636819354700177,17.5165573992903,1.0119473179953349,30,30,30,30,True
200104,8,0.3756954482486566,1.1846724206385721,28.644750370640867,0.7756237477681447,17.696496872341683,0.9124985857065824,30,30,30,30,True
200104,9,1.399303771334297,2.1259168699796103,28.834322114515274,0.8006019712087901,17.39643736519848,0.9267617356698465,30,30,30,30,True
200104,10,2.5000642375096516,3.6686949536914475,29.84112010107991,0.7806521920633481,17.968174393997682,0.734137252313397,30,30,30,30,True
200104,11,1.5594445772532428,2.5987274981422357,30.21053290836305,0.6046718105179153,18.325424112864727,0.9665456856568597,30,30,30,30,True
200104,12,6.233536823427143,24.16244962239499,31.868849662708328,0.5502683436619595,20.22223440122057,0.9813264263485945,30,30,30,30,True
200105,1,14.198605209133957,60.43777559833331,32.04826757793037,0.505213759628731,20.711056855848273,0.9913355298688757,30,30,30,30,True
200105,2,47.04730361790181,86.16002641246584,32.58623802620473,0.3945861277502247,22.405732251169223,1.1149641134439467,30,30,30,30,True
200105,3,42.734470027813714,84.44572051121172,32.60320690682121,0.599392844356321,22.33139055387399,1.0204003304953861,30,30,30,30,True
200105,4,11.553589108668627,22.445227847666555,31.398787848670942,0.5657363915490352,20.229632966065797,1.2283403904451682,30,30,30,30,True
200105,5,2.084543474441029,3.5121066036829847,29.967695826441854,1.0421264238622636,18.503721735666215,1.2594518675650594,30,30,30,30,True
200105,6,0.3166837118185886,0.7213635398905117,28.91793921163694,1.2669549122279282,18.15226200727586,1.2763689072434121,30,30,30,30,True
200105,7,0.1347999546850859,0.4169828222154386,27.980323848894002,0.9764843491287958,17.533058215518643,1.1111294864224293,30,30,30,30,True
200105,8,0.7870034681418027,1.872301940355874,27.89271785529852,0.810777317165427,17.156260149987144,0.9999036046390486,30,30,30,30,True
200105,9,1.7940879653207678,2.6747969614485365,28.365440520489265,0.8047991314673718,16.91201569156362,0.9644473561623634,30,30,30,30,True
200105,10,3.0606559634065156,3.792555502595115,29.16019263745809,0.7392883604800801,17.23456010252394,0.761351702527862,30,30,30,30,True
200105,11,1.906636352375639,2.6757948174520876,29.721356092696496,0.5960519588027984,17.77810767355859,0.9302443678211166,30,30,30,30,True
200105,12,4.291122660730958,12.94607683262318,31.338597904187843,0.5662499142286378,19.64613361979152,1.0410051765082198,30,30,30,30,True
200107,1,16.516199010439742,78.50667333743576,32.81016367577254,0.4877764563074562,22.317022800485187,0.9717491433957439,30,30,30,30,True
200107,2,42.202073976901936,91.80032701865925,33.577830862894366,0.3942885080991103,24.052974446966637,0.9252158688776209,30,30,30,30,True
200107,3,31.690929623078976,76.52014614211707,33.319192189061255,0.6088661134966429,23.545190149402398,0.9300974494940559,30,30,30,30,True
200107,4,9.84821067452432,19.94326404528624,31.978159499687525,0.5106489136485522,21.316401159111596,1.1071603361658389,30,30,30,30,True
200107,5,1.3167372468220553,2.381666336954985,30.471754431673006,0.9899009487503417,19.76421031408602,1.2310887955083247,30,30,30,30,True
200107,6,0.14706923797602256,0.3464620191505973,28.95613690073244,1.2268712573219738,18.999368630734526,1.259796958338355,30,30,30,30,True
200107,7,0.16964385234203214,0.6124769588078053,28.09401098423204,0.9348288235280887,18.405884758743333,1.069783134817675,30,30,30,30,True
200107,8,0.6060609713019709,1.3619554645633092,28.291047336693666,0.7812512163438737,18.329883135956546,0.972346279217077,30,30,30,30,True
200107,9,1.0796687467549766,1.7727830355063492,28.60639596442957,0.805683073744879,17.987833360404988,0.9864940582355869,30,30,30,30,True
200107,10,1.8994816628359672,2.694872478606679,29.844780858056332,0.7620604748056109,18.799576265044383,0.7926837109785022,30,30,30,30,True
200107,11,1.0064560505968574,2.052355277588505,30.28243848304754,0.637882517799512,19.24860561026868,0.9388578495823539,30,30,30,30,True
200107,12,4.317269993108343,16.72259493277724,32.27357684324862,0.5905440765410176,21.484334025502985,1.0305846791528026,30,30,30,30,True
200108,1,14.453021475604556,68.45376854545664,32.93491620747024,0.48500337089049356,22.89279112237546,0.9921734493390838,30,30,30,30,True
200108,2,31.685752428139274,75.54701939607938,33.73926422841123,0.38553404381243866,24.57841509969985,0.8968338870845358,30,30,30,30,True
200108,3,30.708979343187032,77.53037840915691,33.4707650875555,0.6371221171146813,24.05060174606377,0.9119663122791375,30,30,30,30,True
200108,4,9.765828026369876,20.303715919306974,32.05084851791234,0.5248068846107783,21.800954824550168,1.0498448901850932,30,30,30,30,True
200108,5,1.1854744975201426,2.1346774581311343,30.435838857597332,1.0063671457164525,20.254221982582802,1.2455241670647585,30,30,30,30,True
200108,6,0.18651962358460086,0.46125343941562363,28.795396950351908,1.2093721145113074,19.41377655014422,1.25472735241247,30,30,30,30,True
200108,7,0.14978784802330275,0.4701933292279834,27.92388737254806,0.9273889843176027,18.8271591732328,1.0775266084406128,30,30,30,30,True
200108,8,0.6975733617046679,1.822008993395381,28.063246769726458,0.7859405681668221,18.675894453429056,0.983757167641017,30,30,30,30,True
200108,9,0.9237389144557467,1.4814250566354066,28.430735824221465,0.8022866003770346,18.321997898520895,0.9914374970279006,30,30,30,30,True
200108,10,1.8979720017528299,2.6508568869415434,29.734145494444306,0.752966334004918,19.187128832914492,0.8071127130319696,30,30,30,30,True
200108,11,0.8319071402779701,1.789205810903662,30.23199424328963,0.6418208902399739,19.676581326877564,0.9465860819314701,30,30,30,30,True
200108,12,3.639869131524375,13.601829288832677,32.322118323880964,0.5931479345860322,21.981086005323,1.0543823561854986,30,30,30,30,True
200109,1,15.814423569155785,75.8214008581825,32.17529123824626,0.5131168184285027,23.182626584415416,0.9515830040112438,30,30,30,30,True
200109,2,34.878521294575386,78.95080034836147,33.17156125365814,0.40525468498144895,24.82185731516707,0.7138039750070159,30,30,30,30,True
200109,3,31.087696367876283,79.25497179820596,32.928626259114395,0.6603887441965602,24.3175810584785,0.8097655128995954,30,30,30,30,True
200109,4,8.519782296127,18.157866901925452,31.50468690103363,0.5303044563172976,22.173899043848664,0.9139496476720044,30,30,30,30,True
200109,5,1.2696880962223875,2.1011375926624254,29.68554323432824,0.9758256657943878,20.519819969330044,1.1752746341935243,30,30,30,30,True
200109,6,0.16134811103116123,0.31313384395787225,27.88585672615846,1.2019064835183284,19.570624106573245,1.1744560810515978,30,30,30,30,True
200109,7,0.3697078424169847,0.5597887535563565,26.954892284257408,0.930739969346444,19.034320530616263,0.9954684775790733,30,30,30,30,True
200109,8,0.7559831563879357,1.095537522107396,27.068879270355556,0.7697327796678214,19.02920800171608,0.9067320761036513,30,30,30,30,True
200109,9,0.6220502742852916,1.06865484823839,27.020618124976302,0.8111456666590067,18.34256277767275,0.9347766566862302,30,30,30,30,True
200109,10,1.4320403938135102,2.1000532715250952,28.44865637395639,0.7770357953974507,19.331270870377942,0.7786171515626195,30,30,30,30,True
200109,11,0.7731137528113289,1.4282609127256494,28.984295193935914,0.6711976649464949,19.77909863090339,0.8606959538432493,30,30,30,30,True
200109,12,3.749869832587596,14.497415940913433,31.404888788456013,0.6211623696425754,22.299177806685545,0.9824590364088586,30,30,30,30,True
200110,1,14.99180395978118,70.54022527668322,31.16463382844665,0.5209431312702715,24.027278908719072,0.929763418707147,30,30,30,30,True
200110,2,27.578337960752616,65.64766280449908,32.27932454674218,0.381204300251433,25.562294402951675,0.6591154618821934,30,30,30,30,True
200110,3,30.692552270904166,81.97848830394463,32.1352463829955,0.5894437204268798,25.187085570588582,0.857583760240319,30,30,30,30,True
200110,4,7.610439076240977,16.360114291639096,30.70287834032706,0.4876515010618967,23.208180563165357,0.8398310054190568,30,30,30,30,True
200110,5,1.37477145340844,1.7602679232899745,28.616416166226962,0.9779124167567864,21.33434971505166,1.1429563758734118,30,30,30,30,True
200110,6,0.18233231548890422,0.34420896916163884,26.671131003182175,1.16214892910061,20.087066969143027,1.124174032834831,30,30,30,30,True
200110,7,0.8227085678044397,0.47028178795796755,25.695516305098593,0.9271316465639645,19.430550889256217,0.9588009068425615,30,30,30,30,True
200110,8,0.963676530909828,0.9094369592668732,25.6637235315966,0.7548688599555863,19.329183644290804,0.8637257819354925,30,30,30,30,True
200110,9,0.5572776082197287,1.0825355110827684,25.407345907573966,0.7959500587801842,18.577241489950445,0.8803815118067886,30,30,30,30,True
200110,10,1.2147310023845408,1.8059755604714103,26.909732527965183,0.7691470403224455,19.77915650580973,0.7565057774396754,30,30,30,30,True
200110,11,0.6059074883784993,1.1467823461913804,27.504810089724742,0.6713463899221148,20.296775847109824,0.7921410315590025,30,30,30,30,True
200110,12,2.94878262249632,10.708732439701032,30.164291053219554,0.6276007990611188,22.981844128103035,0.9055856128873013,30,30,30,30,True
200111,1,32.97928008991747,77.74001454910919,30.13373909033177,0.5027639906667065,20.461469505792188,0.7767418813805065,30,30,30,30,True
200111,2,83.14222203041929,93.74072256475132,30.242477544622997,0.38581467549589,22.05673323118411,0.7675942829904371,30,30,30,30,True
200111,3,136.7163417053986,130.0232804137149,30.309902718599673,0.4519725980121696,22.26663487287764,0.7716077148159638,30,30,30,30,True
200111,4,49.72698730840818,60.574647878135366,29.885204816561277,0.4269344994017922,21.25705550305319,1.012731208988804,30,30,30,30,True
200111,5,10.305941566530366,13.119542611917332,29.096659042265,0.8901675279208396,19.515536351334635,0.7758843067001492,30,30,30,30,True
200111,6,0.8785645543653687,2.001671141995955,29.013817120873124,1.165459843371687,19.079188998787966,0.816206606765786,30,30,30,30,True
200111,7,0.24141208264145728,0.5745692304349533,28.235981539603536,0.9206011625667565,18.1549691683332,0.7292819661463509,30,30,30,30,True
200111,8,1.174935820240163,1.5472688793400442,28.68356186266408,0.7121222372937001,18.37393420182311,0.6713649322888193,30,30,30,30,True
200111,9,2.537652796126129,3.268249765301251,28.892818408648477,0.6961413917624083,18.493744116340654,0.650623919376344,30,30,30,30,True
200111,10,5.029504092756143,6.862097645851107,29.178712723823136,0.6983334787714871,18.630046967476463,0.5421578110338593,30,30,30,30,True
200111,11,3.574065635004279,3.9087141587555516,29.299633642720384,0.4672584433216995,18.701967189680772,0.8603513143889681,30,30,30,30,True
200111,12,10.634035257885795,34.43582786062827,30.201914415907016,0.4715256943924685,19.982883203846207,0.8106136062003294,30,30,30,30,True
200114,1,35.76586048553988,100.0387728179161,31.44292347405053,0.5043288978319308,20.77858981284335,0.9469644721004877,30,30,30,30,True
200114,2,94.91609836610502,131.9920058410611,31.751805773282342,0.4015723066882324,22.673043623062387,1.0396239312518922,30,30,30,30,True
200114,3,170.2884357097765,220.4699831972786,31.805595572328627,0.4977893189572923,22.79202950991855,1.024111130181286,30,30,30,30,True
200114,4,40.690204781568355,53.97950843657963,31.10766323287828,0.4494048036958575,21.2256093566997,1.365511011597348,30,30,30,30,True
200114,5,6.33551439995593,8.212152828038978,30.034011690860854,0.9404251645570619,19.307623562388454,0.971466887960107,30,30,30,30,True
200114,6,0.49044426564304466,1.1883612451067493,29.422400532265964,1.2242790518399935,18.7828257821162,0.9997500140738056,30,30,30,30,True
200114,7,0.34878178773532637,1.1196790557375802,28.48641425303221,0.9375571459416444,17.982559089011495,0.8526874183840406,30,30,30,30,True
200114,8,0.9893923761719595,1.2521564971311892,28.777927780032858,0.7385750321882019,18.129229386141244,0.7760706831752315,30,30,30,30,True
200114,9,2.0951050558673328,3.003331298206243,29.045756698837604,0.7467626921579129,18.107914224980497,0.7680981170259492,30,30,30,30,True
200114,10,3.829754167505696,5.377757369086764,29.58482296849617,0.7316837454594513,18.293510207095398,0.6128073075366184,30,30,30,30,True
200114,11,2.6764768698690227,3.1792692820600625,29.88367100889372,0.5183795536780258,18.52735511870269,0.9427313284790437,30,30,30,30,True
200114,12,8.481823643677924,28.224619951313546,31.17803384334858,0.4898243008860265,20.088324355054304,0.9257402302418697,30,30,30,30,True
200201,1,148.97312548655955,76.69178618716204,23.934661345858768,0.5378493013867445,15.986260306784372,0.5209565457628261,30,30,30,30,True
200201,2,242.31220874137605,133.92596101824626,23.54334270775287,0.4333112717145702,15.868717178399288,0.40990447418615605,30,30,30,30,True
200201,3,292.6901820742651,122.84896320235215,23.5139370197681,0.43560214983638784,15.563988168036474,0.4955244525113211,30,30,30,30,True
200201,4,169.85678873332418,81.46591519795636,23.64235705943237,0.44143974768268907,15.30925668677523,0.38462494854806967,30,30,30,30,True
200201,5,78.06731861187467,43.360340968763325,23.661164735357772,0.6649017908303757,15.074855901111016,0.5300946953815912,30,30,30,30,True
200201,6,18.207668419552366,10.406109056216586,23.98999583962021,0.8644783108388635,15.147184426144358,0.5840219491020715,30,30,30,30,True
200201,7,7.289520887927378,4.408302843592805,23.419953340719296,0.7904874228512974,13.998785028203109,0.49319627813530814,30,30,30,30,True
200201,8,8.349678441458218,7.8454220264576255,23.71411921447992,0.6530883686176776,13.535806921968355,0.4458757637170227,30,30,30,30,True
200201,9,16.855057416858152,14.322551568412463,24.25057684605609,0.5532640242461666,14.267611230172452,0.35032749757128956,30,30,30,30,True
200201,10,43.19798393843724,24.673086761380553,24.54539333324355,0.5416325432766416,15.526993524382032,0.48884272556770536,30,30,30,30,True
200201,11,50.34279230140181,33.939799659488884,24.722149681302167,0.47695378935431826,15.97614910966681,0.7838934242741291,30,30,30,30,True
200201,12,77.7768369227077,51.25064641923338,24.527113955925262,0.4924379031018766,16.431160435369875,0.6576730654424403,30,30,30,30,True
200202,1,86.3040900163482,72.55259003709622,25.38398549568014,0.4976524846516733,17.02024029174524,0.668783910232505,30,30,30,30,True
200202,2,203.4186632186563,146.1795316984385,25.113231089972476,0.39903668557936245,17.478181207162077,0.554347464132398,30,30,30,30,True
200202,3,295.9625191785479,185.50566974355635,25.12890424918499,0.4501596477279886,17.42530519694197,0.6106782549810156,30,30,30,30,True
200202,4,103.05599342782664,77.73844311177784,25.01495116517184,0.44351852530152724,17.00862116066632,0.6180236666243295,30,30,30,30,True
200202,5,25.72988976950068,20.75386596848219,25.03912476992126,0.8168519593982577,16.59009303315606,0.6446576142193642,30,30,30,30,True
200202,6,1.9065295655512446,2.9180855564762407,25.877306260819942,1.0567860137772969,17.157968885779066,0.7056547422709705,30,30,30,30,True
200202,7,0.8055723157164546,1.6371147148580056,25.193506523162856,0.8513558781594078,16.0344324667618,0.6233461332791692,30,30,30,30,True
200202,8,3.8995249518142967,3.5271014822412945,25.632856584241086,0.6551837639317734,15.950044967213142,0.5790268178550286,30,30,30,30,True
200202,9,5.456692425137291,6.612607385432699,26.125093325697538,0.66532153151766,16.72846866025834,0.5139603514505929,30,30,30,30,True
200202,10,11.52861978235564,10.658322682395431,26.067824416654148,0.6539405366348219,17.04440468402928,0.49706951077562256,30,30,30,30,True
200202,11,11.020161277973008,10.727866743297088,25.899984744604225,0.4444420312825157,16.895889694407273,0.833173151306999,30,30,30,30,True
200202,12,24.73462165269809,29.28943868375169,25.801865410778625,0.43671565181045424,17.20446688885215,0.7796476530076043,30,30,30,30,True
200203,1,120.58393380218666,63.50664921279706,26.73246343059857,0.5388819157145847,18.646107931485208,0.562873184903961,30,30,30,30,True
200203,2,205.2382151044785,127.97562792187367,26.467348443547436,0.4374213477020297,19.016091593975894,0.45198197711551197,30,30,30,30,True
200203,3,314.8262606126001,146.925869984245,26.507415719431474,0.41890407317651485,18.890054523437758,0.5286778221636587,30,30,30,30,True
200203,4,175.10362920351943,110.45129465531593,26.505439067011533,0.4663196443687136,18.583122623707364,0.44930490246698884,30,30,30,30,True
200203,5,58.492029110187374,43.86772475569121,26.308102088790452,0.7087394324058496,17.85157555131276,0.5269730604862984,30,30,30,30,True
200203,6,6.648362579811902,6.061291387973993,26.701415513801653,0.9573997090464531,17.636151467378788,0.5495723368847997,30,30,30,30,True
200203,7,1.4130936750989398,2.3750384807914737,26.132440985280105,0.8740972840191332,16.266548867195308,0.48759969699367683,30,30,30,30,True
200203,8,2.759417089215394,3.866926192793062,26.633881918751527,0.7154734885026086,16.167244972551526,0.5130344516024417,30,30,30,30,True
200203,9,8.343510089808317,8.397490527966506,27.071075788905343,0.5747209208544447,17.183340365523165,0.41446550436424595,30,30,30,30,True
200203,10,16.618860466644254,12.959947273261385,27.101155379303112,0.5898477630481356,17.86725594432934,0.4927042573272432,30,30,30,30,True
200203,11,17.96472022692309,14.70522052832439,27.126459978893656,0.4705789371390877,17.99003696711911,0.8818816182082542,30,30,30,30,True
200203,12,39.89709109300602,53.614806002104864,27.173070007430187,0.4612033674311659,18.669360773687668,0.7098245747869305,30,30,30,30,True
200204,1,76.89732243223028,50.23410071040024,24.51405124089305,0.5110921945933778,16.574874430988533,0.5979324908841304,30,30,30,30,True
200204,2,161.0879919302455,108.42441358416208,24.11908445119709,0.4170011522703931,16.685778404165493,0.46429859178378907,30,30,30,30,True
200204,3,224.42582191779124,113.44502399838218,24.114700095812783,0.44427219717519656,16.50352413646274,0.5621934219708369,30,30,30,30,True
200204,4,103.23790789619628,63.46095123296611,24.10898873798922,0.44913053200150466,16.258959851444253,0.45716966091961786,30,30,30,30,True
200204,5,37.75745506627985,30.00754919690355,24.272129743248158,0.7419212733012748,16.01129000609225,0.5685653319628623,30,30,30,30,True
200204,6,3.4809794337870006,4.684612974874385,25.140724948031934,0.9720319940077209,16.437996220690376,0.6175135359678275,30,30,30,30,True
200204,7,1.5151667531279738,2.2540172553481077,24.521734526132427,0.8434487298148104,15.140675046720169,0.5494772166937678,30,30,30,30,True
200204,8,5.573866903994228,5.029589077468042,25.00221628663947,0.6346531192827716,14.924143675741243,0.49603821154268946,30,30,30,30,True
200204,9,8.015196228638148,8.759084533182639,25.520582606764954,0.6151928830431774,15.874506418508544,0.40238289674304584,30,30,30,30,True
200204,10,18.870935753852923,14.504302351471502,25.51837838665045,0.6061808450374445,16.65152982048534,0.47390827413803355,30,30,30,30,True
200204,11,19.14331385534539,16.325977436468936,25.40156691970089,0.45382315842016563,16.70632138349135,0.8107808111142084,30,30,30,30,True
200204,12,30.529141806556122,32.2655323540921,25.087952614637512,0.47658178354256703,16.92594802564703,0.732401545377052,30,30,30,30,True
200205,1,97.45524791311166,62.395358670689966,25.91008363504453,0.5219044226187114,17.90643198119519,0.5732235531023231,30,30,30,30,True
200205,2,162.41057741932386,106.21100213388048,25.58950528375622,0.42218322336976133,18.16989625528687,0.45265101377531436,30,30,30,30,True
200205,3,238.62342104492197,118.34826229178186,25.61582280923955,0.43084483368734783,18.026784195243017,0.5426858513130024,30,30,30,30,True
200205,4,124.21712817295617,76.77185679624446,25.60064749623091,0.45343387446757044,17.74010066451508,0.4504040388658831,30,30,30,30,True
200205,5,47.766697166572285,37.2798270851588,25.540214265408974,0.7227584493340009,17.193737258559167,0.5394353246840172,30,30,30,30,True
200205,6,5.1529737009131935,5.91372885629611,26.117070258891143,0.9608080005859722,17.23979795001447,0.5764247539236239,30,30,30,30,True
200205,7,1.2770384268558022,2.1769937212927326,25.53169603180701,0.8615913808228608,15.917687723034634,0.5185877792205305,30,30,30,30,True
200205,8,3.5289228138288595,4.143532480690201,26.02145133014491,0.6761125556853442,15.759670477622642,0.5046204539017654,30,30,30,30,True
200205,9,8.133012880292021,8.413302746994516,26.48263826327964,0.597634828368472,16.721441580201844,0.40868267222236615,30,30,30,30,True
200205,10,17.698698739669414,14.160506806356311,26.497287314420515,0.594977730874385,17.44536054568257,0.4799025008543887,30,30,30,30,True
200205,11,18.03609942505475,15.390252753940734,26.476756764103396,0.46410597618972005,17.55756909435079,0.8431411386912986,30,30,30,30,True
200205,12,35.24775088342115,43.649398967794966,26.393936942391413,0.46936516611138096,18.06273696857166,0.7145239463109125,30,30,30,30,True
200206,1,102.6804513538465,50.71769484554281,23.474158147272423,0.502849476589867,15.521692876134159,0.5589146454163919,30,30,30,30,True
200206,2,163.69281817569882,98.28605456794338,23.04962356164731,0.41325836536433136,15.351162982024084,0.4291743980714209,30,30,30,30,True
200206,3,207.31485497355453,112.35356521128766,23.047712119702457,0.448222984341272,15.106255519080971,0.5248555907649691,30,30,30,30,True
200206,4,121.60984015111711,53.05883329923395,23.13218623871487,0.4407835934192218,14.887339647310707,0.4086054390563122,30,30,30,30,True
200206,5,53.88798887589064,30.441549771514886,23.250281856005753,0.6877379688886525,14.759189685207684,0.5617120483146313,30,30,30,30,True
200206,6,10.41433998262093,7.29084465291603,23.732281188973054,0.9042530919847165,14.848701499926229,0.6119586262098111,30,30,30,30,True
200206,7,6.201974124093373,2.9590960596256424,23.1374155961823,0.8110030225811689,13.584324788196065,0.5220036488023148,30,30,30,30,True
200206,8,9.583256208986594,9.084065332764267,23.372392216230597,0.623859279384765,13.124585869139729,0.4539513190257086,30,30,30,30,True
200206,9,15.33462597146451,13.461049205568848,23.94081869112974,0.5679002916565109,14.023707334423154,0.32922801130730495,30,30,30,30,True
200206,10,40.302273214176275,24.178192064683902,24.199562287612668,0.5492093403702296,15.329683642937637,0.4652272067145601,30,30,30,30,True
200206,11,43.660343335994376,29.756533024377735,24.307244850862073,0.4454300836066872,15.731199734603008,0.731801416018172,30,30,30,30,True
200206,12,55.56634796332548,33.945509284815955,24.079479171199136,0.48172871608808643,16.071236608034567,0.6907580798430173,30,30,30,30,True
200207,1,55.174555654703646,59.47103404078776,27.96335251098842,0.5137894051485173,19.698291932341483,0.6001884813654854,30,30,30,30,True
200207,2,116.52537609265174,96.59857645993488,27.804419723502313,0.40410669087942885,20.47476531466206,0.4995706615766143,30,30,30,30,True
200207,3,170.86184219298076,106.175594195708,27.859283962937752,0.4163643795551183,20.521356178760204,0.5572152628628909,30,30,30,30,True
200207,4,78.56704628624612,67.79778262940206,27.705318016646117,0.4370060665168181,20.113838482865965,0.5756940248568932,30,30,30,30,True
200207,5,20.79063689720244,21.397030567628455,27.394860834725474,0.7967079270030978,19.114978306219047,0.5720306043986512,30,30,30,30,True
200207,6,2.355381855411323,3.405585231407334,27.865174829359635,1.0418464639986227,19.00406897164665,0.621383481951807,30,30,30,30,True
200207,7,0.6443288765218684,1.187206570633795,27.260690454053208,0.8810087724024542,17.82222266321094,0.5721500738025785,30,30,30,30,True
200207,8,2.2151893340312814,2.8440882353263595,27.811932810738302,0.6923015765740403,17.931019996069992,0.5663186449154821,30,30,30,30,True
200207,9,4.694635274390892,5.331788965712263,28.158321850109076,0.6351036683320755,18.67413077115072,0.49589503109562455,30,30,30,30,True
200207,10,8.70208656486945,9.808900708374548,28.09199046034667,0.6341649035075525,18.91899793054528,0.48204265711987027,30,30,30,30,True
200207,11,7.925091570240126,7.373618184227807,28.036291598765445,0.44088085354162065,18.848661309254055,0.8446030634195635,30,30,30,30,True
200207,12,15.735840994931316,32.126542034074625,28.314243520236438,0.4389860311097475,19.622654710339216,0.7252762740107782,30,30,30,30,True
200208,1,61.58432101397659,60.357627238494985,25.606373961405648,0.5156021182022158,17.481290674688662,0.6215384125430153,30,30,30,30,True
200208,2,135.18172022722342,109.10398403194861,25.325796002383466,0.407251206100639,17.987477979219598,0.5092131790355953,30,30,30,30,True
200208,3,200.48642701102855,119.74431959300456,25.312406255771524,0.43260113168802644,17.927609683833584,0.5703845045703466,30,30,30,30,True
200208,4,76.06304516324056,64.89152876458431,25.216646066725264,0.45378843992043005,17.607761459481488,0.5597024178666525,30,30,30,30,True
200208,5,20.961154654385563,19.65567242658135,25.261417643420327,0.8166827755868663,17.100625974361826,0.5945101301573557,30,30,30,30,True
200208,6,2.0279831508402606,3.278164737546725,26.21745309127247,1.0415092575742837,17.615310973796056,0.6538268866272647,30,30,30,30,True
200208,7,0.701568756522722,1.5280245376577024,25.582873638419347,0.8551810779774733,16.451185887648926,0.5964833677513407,30,30,30,30,True
200208,8,3.856336124721474,3.9016421736570783,26.16443905388803,0.6561343752572905,16.520023864188886,0.5607295531331231,30,30,30,30,True
200208,9,5.2821673134570535,6.471046746015218,26.584228275811345,0.6586468656360291,17.300071484774254,0.49907413609598844,30,30,30,30,True
200208,10,10.33753955864267,10.28372328044288,26.474009090327236,0.6392404679566732,17.60410364015018,0.48512955765166066,30,30,30,30,True
200208,11,9.406737081913926,9.253937315756792,26.261070504459028,0.440622607807399,17.419852693819198,0.8291204330645336,30,30,30,30,True
200208,12,17.673866930031796,28.55119187318612,26.11729711793492,0.4491474527032157,17.706665350941982,0.7382674358243885,30,30,30,30,True
200209,1,178.96382946018178,94.70837350586613,25.369286752705438,0.5369743010623952,17.324648097733032,0.5628714549142144,30,30,30,30,True
200209,2,256.8008208170478,153.0413857794909,25.021969179302133,0.43236326755788773,17.468524313090793,0.4462212574638714,30,30,30,30,True
200209,3,350.4634416924425,154.75707132998411,25.02741335100615,0.43496420318725026,17.244194829567512,0.531448467417947,30,30,30,30,True
200209,4,208.43746913013908,118.44794704071558,25.069032500579016,0.4500963343513812,16.956759158582962,0.4275708670735117,30,30,30,30,True
200209,5,87.19989683853368,56.9537831694026,25.016808226781603,0.6850194782278864,16.46201371445746,0.5213696696524073,30,30,30,30,True
200209,6,10.08665739289827,6.906850885479261,25.537012423007965,0.9290304244866772,16.442380991829666,0.5562229251179647,30,30,30,30,True
200209,7,1.8123276188619981,2.8460262449354468,24.974264981336557,0.8666092052865842,15.063838894952132,0.49395663879658785,30,30,30,30,True
200209,8,3.8237780909139656,4.664206172813986,25.43160906451531,0.6925519574024227,14.822844132345011,0.4923235639778803,30,30,30,30,True
200209,9,11.36703531371601,10.681647248967478,25.916236665502822,0.5753585109133563,15.856991962991303,0.3995871895947931,30,30,30,30,True
200209,10,26.508910792845032,18.445788534451445,26.006697567272447,0.5804399148290302,16.77735948804521,0.49865774279205344,30,30,30,30,True
200209,11,29.72593520834471,24.251923028114867,26.037672531075508,0.48208010366914383,16.9905564482597,0.868212984025428,30,30,30,30,True
200209,12,68.035368556745,69.40066401488113,25.8987628489567,0.48473560479131633,17.505052965702287,0.7118922096865637,30,30,30,30,True
200210,1,56.73062745080933,68.84323688570036,29.446845798182494,0.49908302297151197,20.93996784323705,0.5980923469197404,30,30,30,30,True
200210,2,158.01194250153142,128.21955997653887,29.42561630361866,0.4040549868887637,22.024582263290927,0.49835149391419,30,30,30,30,True
200210,3,261.5261968080201,167.5580692472532,29.411829218828977,0.40338271488174665,22.03855846232532,0.5557974396498312,30,30,30,30,True
200210,4,109.14807015983335,93.73289353528341,29.217147421119037,0.42578980976606945,21.55192715826574,0.596711294100635,30,30,30,30,True
200210,5,21.94530289391792,22.8850507417061,28.775949258581452,0.7783182410800749,20.30251679766828,0.5812565539198727,30,30,30,30,True
200210,6,1.8981813043909945,2.654717136627429,28.991828948706516,1.0491621550988202,19.822928642283234,0.6073868795011153,30,30,30,30,True
200210,7,0.569397281456814,0.97848332789528,28.399502048390172,0.9100799274232023,18.611846092539995,0.5541242064894384,30,30,30,30,True
200210,8,1.3616771434142534,2.0971210193044096,29.020244280611376,0.7323734782743117,18.844336923793925,0.5830458237912682,30,30,30,30,True
200210,9,3.801301621199314,4.228001979657951,29.251051665653133,0.6174526594304949,19.40933471832479,0.514678697407461,30,30,30,30,True
200210,10,7.140916247765574,8.568888682676317,29.27468881155894,0.6320901872240757,19.53842747892694,0.487087965212865,30,30,30,30,True
200210,11,6.118190398172628,7.526703383307544,29.24112567910195,0.43649382120686836,19.415164481564524,0.8685864170536403,30,30,30,30,True
200210,12,14.957467730460387,36.94938780950072,29.780831900772956,0.4284284623536161,20.576451578724306,0.7421116109250321,30,30,30,30,True
200301,1,71.67510132911785,32.79566839170944,22.23486733231682,0.5127893902487595,13.994345474254802,0.580642765145234,30,30,30,30,True
200301,2,101.31370756411383,59.41374168086737,21.733021059151394,0.4220796990831777,13.760141307410569,0.46431398047359906,30,30,30,30,True
200301,3,147.34763129296408,92.43294826428142,21.679101476955108,0.45414670396847073,13.569641155039692,0.5505645160506865,30,30,30,30,True
200301,4,67.75451076010366,33.2319638600346,21.85860931150699,0.49080530688760793,13.424167323141234,0.4344473143298408,30,30,30,30,True
200301,5,39.11459188944818,25.678547814355692,22.176245528493666,0.7242572570269472,13.521859505051331,0.5861805933625529,30,30,30,30,True
200301,6,11.814626857741926,9.677830740210728,22.69344689925216,0.9484201395136019,13.598982859436306,0.6578702548203634,30,30,30,30,True
200301,7,5.839463960317303,4.215145824500157,22.069117347413552,0.7938131384936404,12.347427237259103,0.5049685691720759,30,30,30,30,True
200301,8,9.153322028433793,9.683715853986504,22.3249619577998,0.6623075609727905,12.058224303272054,0.447434966871013,30,30,30,30,True
200301,9,15.072853965710468,17.38102076355627,22.852726810648218,0.5609444951817071,12.846839578523854,0.30044139316791235,30,30,30,30,True
200301,10,39.62894991329871,25.687122322257483,23.181098968294823,0.5612460483237617,14.16158828878452,0.4468451350632994,30,30,30,30,True
200301,11,38.083999831356586,26.475005329359593,23.341809403493862,0.44296811493911936,14.57455453834275,0.7406368331994434,30,30,30,30,True
200301,12,46.85943097816822,31.196105183117798,22.937258924454966,0.46398578433189536,14.736554241354986,0.720134030853198,30,30,30,30,True
200302,1,105.35461840613637,40.647414692098565,25.54016270909563,0.5306193393844115,16.98772549998129,0.6520646992459992,30,30,30,30,True
200302,2,154.04294342938093,90.21233298623235,25.27396964946928,0.4175365378289662,17.27248156204355,0.5140199961354252,30,30,30,30,True
200302,3,220.80234016332471,145.98266836417798,25.329376799849694,0.4838991154595745,17.301567275771763,0.6187140239042953,30,30,30,30,True
200302,4,91.50013568165815,44.710103151413044,25.29733556896176,0.5240431729569236,16.847293836628555,0.5084155036169683,30,30,30,30,True
200302,5,35.3347629058138,22.996484213123537,25.12002676126108,0.7992678392550953,16.220369845709165,0.6177993110328831,30,30,30,30,True
200302,6,5.381022530124695,7.440223900525517,25.25691510385316,1.0415586101778969,15.78593275095148,0.7021375818774706,30,30,30,30,True
200302,7,1.1489700287897398,2.014863482728809,24.620332401895034,0.8416166154721475,14.560103583828957,0.5591115909806431,30,30,30,30,True
200302,8,4.492472165946934,7.721368947797259,24.68271140819539,0.662028057762743,14.178585537355957,0.5270916001569221,30,30,30,30,True
200302,9,10.051637691538415,12.023081141580189,25.253395667016655,0.5981362787117336,15.063592549121068,0.35132755247732683,30,30,30,30,True
200302,10,23.02958941593814,16.546028685741216,25.476930237160175,0.6380075458785619,16.109302877832,0.4575728992212476,30,30,30,30,True
200302,11,18.734684496249752,16.75872303535636,25.655231053487373,0.4496825911401217,16.522716308611265,0.7899807585095775,30,30,30,30,True
200302,12,33.025507686522836,26.12645695227108,25.8509145470448,0.46839888992180956,17.197112752235462,0.7855376029078069,30,30,30,30,True
200303,1,128.68330315992495,64.91623967783775,22.268730677950828,0.5237807987434047,14.480616216759648,0.4871307675452557,30,30,30,30,True
200303,2,121.52115976979513,62.31771095349062,21.789944184477214,0.4405473187421134,14.20752240841627,0.3888523090805158,30,30,30,30,True
200303,3,152.60349540705658,80.42646983744868,21.709451682243063,0.41019791261811117,13.894311640070567,0.4876948152875582,30,30,30,30,True
200303,4,99.2375564322857,44.68376896368927,21.93869001441239,0.5278991531778247,13.820405457740062,0.39085336868177445,30,30,30,30,True
200303,5,80.5068220230218,40.96023853348196,22.133640857869505,0.7559518248655065,14.01010806624249,0.6176880387655492,30,30,30,30,True
200303,6,66.07284863886424,23.656558943267328,22.28436921738483,0.9418921311485066,14.198286844534156,0.6359776063212854,30,30,30,30,True
200303,7,51.13190503531519,14.651042232811154,21.67150233931792,0.8038627292191377,13.240065588570634,0.4994073481701906,30,30,30,30,True
200303,8,28.034483461740017,15.480368376008876,21.999965444771597,0.7418495809524077,12.965518316527264,0.41486013006950245,30,30,30,30,True
200303,9,23.979605998279908,22.012899553917933,22.35287193168426,0.5335043626022345,13.162924482982366,0.3410889647124638,30,30,30,30,True
200303,10,66.20321965552411,36.51292190185271,22.852317303479534,0.490461934494232,14.272315484525297,0.4645363624814232,30,30,30,30,True
200303,11,75.40673021503558,43.41354348854875,23.301696143307975,0.41018917423670115,14.793080929559018,0.7090689376015079,30,30,30,30,True
200303,12,86.54526345760391,45.14557807032592,22.94730915366832,0.3486904972583203,15.165482212716869,0.5705189990537698,30,30,30,30,True
200304,1,82.70148464128123,41.27682063455067,26.248672158883185,0.6076140046375739,17.35092116126143,0.7270583903661,30,30,30,30,True
200304,2,152.19820074542162,86.16456891978325,26.054820996024482,0.44955074175464604,17.860280791546156,0.5993163494155009,30,30,30,30,True
200304,3,181.99854289702864,124.64212643669386,26.112303337592454,0.5518201945809925,17.986824953746634,0.7085812518871716,30,30,30,30,True
200304,4,98.88624137750013,54.14672664355735,25.896087064506506,0.6167342492639908,17.414933466811082,0.6118337493180156,30,30,30,30,True
200304,5,30.274580712242447,22.816848217456823,25.620339315836738,0.8790010817250716,16.490038761908178,0.6576708332724951,30,30,30,30,True
200304,6,3.610766197269945,5.892145807480094,25.76265834798037,1.115923386765612,15.906407436786974,0.702891182361735,30,30,30,30,True
200304,7,1.0838595638413886,1.6176075190969534,25.112695459456372,0.8815841782083265,14.708686868768195,0.5964968268219719,30,30,30,30,True
200304,8,3.2022287795366675,4.867885004373486,25.093320714593272,0.6862623540135111,14.321851696396594,0.5435625135058796,30,30,30,30,True
200304,9,10.534473542417336,13.09377392912408,25.798287352479928,0.662551031967138,15.336023483111534,0.43200471123495027,30,30,30,30,True
200304,10,25.864548601267714,18.60329590129673,25.871202298416904,0.6781007483622087,16.037950994922298,0.4842323755415963,30,30,30,30,True
200304,11,22.163874827197745,19.200054977149968,26.126365958613025,0.456634334613218,16.38164583818421,0.8516504969571376,30,30,30,30,True
200304,12,31.215050393716226,24.90473637030632,26.338679868731255,0.4810866297473395,17.12739279758432,0.8146047838859144,30,30,30,30,True
200305,1,130.83801726588234,47.37040041278384,25.32443465235995,0.5039611511888278,17.01354387131497,0.6231723760507387,30,30,30,30,True
200305,2,137.40794979869167,87.62563485868058,25.05051014044501,0.41507766310084826,17.182352994346864,0.48835678248139164,30,30,30,30,True
200305,3,186.96496987927688,122.45316253819087,25.11461100603008,0.46770984095729756,17.1447829124398,0.5925216752271267,30,30,30,30,True
200305,4,98.02924637665828,49.38111653908313,25.120563492463152,0.4760222366900431,16.75498760174873,0.4772237784036082,30,30,30,30,True
200305,5,47.78800397047772,28.687418441335833,24.968661385576205,0.7587948500121037,16.229857500024377,0.5995695105075617,30,30,30,30,True
200305,6,9.481657147321707,7.691587428970298,25.107380545063158,1.0039888624584465,15.886038938944365,0.7016495673431599,30,30,30,30,True
200305,7,1.5552069287206112,2.6405536418639333,24.491859481100224,0.8222319562889846,14.70970532166343,0.5627542054905972,30,30,30,30,True
200305,8,6.294626933622533,8.938607657384676,24.579646745345254,0.6707857535306604,14.306335796026314,0.532968019501497,30,30,30,30,True
200305,9,12.890434991967167,12.919597206022956,25.12042425919577,0.5746343366820932,15.111577027646328,0.34257143412935576,30,30,30,30,True
200305,10,28.76548758887252,20.73109526604734,25.374869532087448,0.6050092292597554,16.235330611881622,0.4534162323284466,30,30,30,30,True
200305,11,26.457802543437413,20.795637769445822,25.538666970368595,0.4475960578542753,16.669171185854935,0.7647783630256761,30,30,30,30,True
200305,12,48.372536516813916,31.704924657252814,25.710354820665504,0.4732644237509842,17.3306935259394,0.7603791343469997,30,30,30,30,True
200306,1,102.66903727576381,41.595305607510824,26.054990916277422,0.5549960102007112,17.426017431524624,0.6716268034639875,30,30,30,30,True
200306,2,168.9984496680993,91.05413829181714,25.8175921599235,0.4189851863894159,17.80734135882096,0.5296155396009816,30,30,30,30,True
200306,3,240.64996917881814,163.16379263367304,25.88458098717628,0.5012117979823876,17.88373372838438,0.640701929933782,30,30,30,30,True
200306,4,100.08310633837205,47.72125965734783,25.802805602077836,0.5742753187077457,17.409675415226328,0.5402889363294882,30,30,30,30,True
200306,5,32.82431466285744,22.147929121282846,25.55330791836086,0.8393348903826248,16.650272494366384,0.6334972351660894,30,30,30,30,True
200306,6,4.2649290167087255,6.9254832982541,25.639862797346783,1.08368241910643,16.045459170558324,0.6748581254814792,30,30,30,30,True
200306,7,1.0905053000174036,1.8264351364267406,24.988190039594613,0.8857845429955121,14.682129530678294,0.5457954177589025,30,30,30,30,True
200306,8,3.641996861736261,5.799273517213651,25.06101424421156,0.6583069141584863,14.285671373645844,0.5055573705124473,30,30,30,30,True
200306,9,10.12031880215959,12.62377180253656,25.641914054758765,0.6327998731081654,15.34660074699926,0.3724508572256428,30,30,30,30,True
200306,10,23.57481424457575,17.00823001786625,25.80654680018074,0.6746719587558104,16.341322408963755,0.4688577491791049,30,30,30,30,True
200306,11,18.78168752586857,16.627646034876616,26.004828991660336,0.45454663578834353,16.72976608669099,0.8098928670120757,30,30,30,30,True
200306,12,30.437310357237948,25.091753435634825,26.274385630149894,0.4728019494672104,17.485148544005202,0.7991190650217511,30,30,30,30,True
200307,1,71.34070381003087,35.13706882111092,23.111286306049752,0.5346447089257169,14.998776401443509,0.6136492192626253,30,30,30,30,True
200307,2,116.5340398652834,55.109662945351324,22.650541671637598,0.4394224324219498,14.793234585208468,0.47988964914374194,30,30,30,30,True
200307,3,156.73939028348207,90.95267317596169,22.633376243476523,0.4795193617923545,14.675030428101094,0.5706561241344253,30,30,30,30,True
200307,4,105.80779813847438,45.6064787287247,22.778222121626918,0.5710593449731328,14.63707215574651,0.45301153245573883,30,30,30,30,True
200307,5,58.146355387957925,35.12210095919609,23.041335150769658,0.7952758715953421,14.81285865081865,0.641981190730598,30,30,30,30,True
200307,6,27.5012068389664,15.513831207294517,23.371697182805544,1.0210660021603968,14.895480825902037,0.7071178093824793,30,30,30,30,True
200307,7,6.318545922044617,5.077037360447246,22.697787797069285,0.8220576298874988,13.67611995365403,0.5066643744862879,30,30,30,30,True
200307,8,16.365010153631793,11.683398936846965,23.057003008201555,0.6694829114581516,13.521128025175175,0.437508001196457,30,30,30,30,True
200307,9,26.43797965284454,25.03334429992455,23.56143077348045,0.5800656366768747,14.230892998932298,0.311881062624865,30,30,30,30,True
200307,10,61.043155042978945,34.917607019723235,23.799567820853586,0.5815819713858532,15.087179918715846,0.4403353264978127,30,30,30,30,True
200307,11,52.728519376470096,36.475485487331,24.072253798135588,0.43060861010280826,15.292213153014298,0.7504370486270282,30,30,30,30,True
200307,12,61.11861748567281,42.888809796558974,23.729102674830905,0.43178766840776356,15.604229092203012,0.7417218456907047,30,30,30,30,True
200308,1,69.07285254023974,31.99545963515489,23.748659640354674,0.543668812740469,15.46042282261559,0.6330962114517505,30,30,30,30,True
200308,2,122.10665672105117,61.80303375144998,23.3246830168185,0.42697865618361186,15.35482918015145,0.5016598288973301,30,30,30,30,True
200308,3,162.48661736296506,100.58383246376698,23.338480252399975,0.4948875094874547,15.290594369011327,0.6044942366628457,30,30,30,30,True
200308,4,86.7089589229869,39.5590906915883,23.446149766495218,0.5536257414116227,15.15265792210605,0.4795565749879889,30,30,30,30,True
200308,5,35.071996137434034,24.891070282932663,23.618790958855033,0.7735695936133337,15.057485208022229,0.5960026691633838,30,30,30,30,True
200308,6,10.16142033286803,10.1323553880366,23.94096455532766,1.0069849264438349,14.772319398311177,0.6450292773367842,30,30,30,30,True
200308,7,2.71757087447766,4.105423516947967,23.26907980747831,0.8432135476758039,13.301340573016544,0.5035526264265434,30,30,30,30,True
200308,8,6.354667937273907,8.2272631235235,23.584692751702093,0.6097165308268492,13.061270732898006,0.4247953053430793,30,30,30,30,True
200308,9,19.923832859493814,20.482357707682546,24.092059974796697,0.5879506871442585,14.07073297124136,0.3066743579168457,30,30,30,30,True
200308,10,43.55446041623339,27.100184049862214,24.29714163399744,0.6119975383396274,15.240757621332165,0.45066729060315913,30,30,30,30,True
200308,11,36.69967734848006,27.651432787656585,24.496247711016814,0.44714198383384934,15.595038736169421,0.7785250735031175,30,30,30,30,True
200308,12,44.617237852196475,32.49538287175735,24.285072482178407,0.4817606495736547,15.972007604524135,0.7823570413344015,30,30,30,30,True
200401,1,49.91361597729107,103.94616207140076,31.039180536201243,0.50340488189138,20.816400135314385,0.9194087950300486,30,30,30,30,True
200401,2,127.23193045861585,148.1551841003658,31.274388868965033,0.40088645122427913,22.457138569843664,1.0105755834936847,30,30,30,30,True
200401,3,182.18731371583164,209.8239752085422,31.418976565198992,0.5097965543313062,22.66264820395007,0.9752022452736145,30,30,30,30,True
200401,4,53.65539092190217,57.19070934330565,30.815673142617996,0.4577094219453871,21.234250991671843,1.2591342455320524,30,30,30,30,True
200401,5,8.25788546952642,8.872330696946278,29.730942539161887,0.9512042835303092,19.45438189494255,0.9434553329263087,30,30,30,30,True
200401,6,0.6117717872417381,1.100890382518939,29.169302475859393,1.2149932475355036,19.147604198920202,0.9891290287174829,30,30,30,30,True
200401,7,0.386966262036435,1.1062664761355203,28.28351141136928,0.9111590604271177,18.449630884847508,0.8541310526984596,30,30,30,30,True
200401,8,1.3547392191206278,1.9353255879689182,28.32697885908431,0.7294690158991749,18.281932747946104,0.793801810574766,30,30,30,30,True
200401,9,2.620782625337817,3.574607342593195,28.779424155857903,0.7414330885298104,18.355713096418082,0.7737007352898018,30,30,30,30,True
200401,10,4.717040179878173,5.75872847540974,29.094915188106846,0.721673927464518,18.24858383263662,0.6231330212137455,30,30,30,30,True
200401,11,3.498049778117432,3.8264187498215083,29.462153933728526,0.512496910024981,18.47355665241437,0.9357442831667873,30,30,30,30,True
200401,12,8.975705754748965,20.806600555096967,30.64645255268125,0.46338588399030434,20.023661637375742,0.945398300619021,30,30,30,30,True
200402,1,56.346439028335226,57.58249942579928,30.577318715127912,0.5200759251686434,21.3188129951551,0.7871165798254585,30,30,30,30,True
200402,2,119.3294108124282,107.68609137250239,30.674147399583767,0.41390376239703364,22.565980982184133,0.7530969247986108,30,30,30,30,True
200402,3,193.76500039953336,177.92880011161037,30.893358966294745,0.5354501892238013,22.907877318809728,0.7281979702542277,30,30,30,30,True
200402,4,67.68496005062725,50.9170799062601,30.473282461517034,0.4934962559493288,21.780378431108947,0.9075426542411253,30,30,30,30,True
200402,5,13.719923874395256,13.0109186422277,29.641242949401867,0.9339075345249983,20.227862939283785,0.7801786637572637,30,30,30,30,True
200402,6,2.0492928135487753,3.832235683001366,29.153999976856486,1.184807472521616,19.726036976354465,0.8627804523592529,30,30,30,30,True
200402,7,0.49800646499411777,1.1643447286090642,28.37565502499625,0.8891733137790394,19.050095550051594,0.7145182955904376,30,30,30,30,True
200402,8,2.4213012806138754,4.571965841395508,28.307260096527425,0.7440192969896575,18.77800845766341,0.7094117330053513,30,30,30,30,True
200402,9,4.95063165158472,6.2299222135047625,28.76828461359956,0.6952388632846161,18.92767016050112,0.61270808392867,30,30,30,30,True
200402,10,8.633115474518837,8.648400550550692,28.879768722510743,0.6809320538440109,18.89055687780451,0.5339486315915026,30,30,30,30,True
200402,11,6.340633408576243,7.473454192531334,29.225411997190612,0.4886367880741904,19.16346186783553,0.8710275538821087,30,30,30,30,True
200402,12,12.394879315265905,14.664599351785862,30.26721663516453,0.4329700126976491,20.62316637062265,0.8816319853040908,30,30,30,30,True
200403,1,124.6450052460145,67.07645691592145,24.313738134803376,0.48745303521065364,16.122375113513765,0.6414104144184416,30,30,30,30,True
200403,2,216.25744403011154,142.58491179840507,23.956396125662476,0.40355837208851875,16.225267073199245,0.4965174152014039,30,30,30,30,True
200403,3,297.8327717124928,196.4760211780322,23.983254132756155,0.46666742293271196,16.109500272241903,0.5990751103847475,30,30,30,30,True
200403,4,141.79290220763986,79.8201950046519,23.99662948842588,0.44348000527047,15.804161626388256,0.49418763322117915,30,30,30,30,True
200403,5,41.95970461963539,25.68587828367401,24.108709885367414,0.7517131776947179,15.545850520897035,0.6009438505593554,30,30,30,30,True
200403,6,4.092782130644278,4.818961151046669,24.733359991225615,1.0098507968936974,15.729580537027589,0.6848473840265272,30,30,30,30,True
200403,7,1.0030901121254123,1.818754632622204,24.10468809754337,0.838379380367632,14.484758742233891,0.5725838833512484,30,30,30,30,True
200403,8,5.13885623058071,6.007720545407704,24.36053310895629,0.6526543507247645,14.138392928877813,0.5302458410491208,30,30,30,30,True
200403,9,9.098052555595036,9.08770430299333,24.900934278005174,0.5971615687837064,15.055037631089025,0.3854401186199212,30,30,30,30,True
200403,10,20.571295113954243,15.371413115730224,25.001942051618073,0.6228540402669348,15.980341570007434,0.4674740920930809,30,30,30,30,True
200403,11,18.50196043346991,17.573698471393957,24.964039684098054,0.43851097748025936,16.159347604063004,0.783965991262063,30,30,30,30,True
200403,12,42.55870952529228,31.29708995653317,24.81696433064759,0.45498750709829405,16.49020095341899,0.7658740107182942,30,30,30,30,True
200404,1,25.27702537788117,55.40507736323728,31.258541244132697,0.5131734893674541,20.565442829217154,0.9515059179949538,30,30,30,30,True
200404,2,86.32395260163588,105.45331512390126,31.491858086264454,0.40378131517017046,22.262192676797497,1.0911358345739366,30,30,30,30,True
200404,3,130.84985986422012,158.1495207681604,31.662740850185628,0.5538108383270958,22.57886862290013,0.9966516542950224,30,30,30,30,True
200404,4,32.24459848130769,37.0770464813978,30.943090222915895,0.5137378602394914,20.921911665492775,1.3052795663048358,30,30,30,30,True
200404,5,5.630912484990713,7.99402764814473,29.89755924414805,1.0197624493643864,19.088466500220346,1.0385472766872699,30,30,30,30,True
200404,6,0.7772604702257073,1.8570237585595515,29.373431853654974,1.246484606238023,18.92782482659468,1.048651639174162,30,30,30,30,True
200404,7,0.2678161736448096,0.6171033880428518,28.5169702894113,0.9326720464246653,18.44189010847821,0.890779324012424,30,30,30,30,True
200404,8,1.3603570016630868,2.677047077567398,28.34938183711334,0.7735317531371729,18.09078366671575,0.8371948315163928,30,30,30,30,True
200404,9,3.1863381192768006,4.4815439089827995,28.897894665897834,0.7585458052953543,18.005174854833623,0.7958657520805689,30,30,30,30,True
200404,10,5.301344665097136,6.384271429769908,29.098275829957927,0.7079922513587725,17.695806394439394,0.625717562852578,30,30,30,30,True
200404,11,3.657757740030574,4.846168169589967,29.55092457972166,0.5290012974512651,18.00802183318861,0.913356290096206,30,30,30,30,True
200404,12,6.881419698900253,14.204977068267606,30.75000682597789,0.47856773663979085,19.574133764960706,0.9550133104265103,30,30,30,30,True
200405,1,53.210292153454155,67.28782830304442,30.652407327746975,0.5160179018000683,21.590609643314107,0.7798608348931854,30,30,30,30,True
200405,2,122.80252549639991,119.30460876074063,30.77105770278283,0.409507688059752,22.801541356613075,0.7459265000945298,30,30,30,30,True
200405,3,212.44721918829492,196.38796645476532,30.98864861239176,0.5167852216514869,23.096362659020276,0.7251641863529084,30,30,30,30,True
200405,4,70.27040724145569,58.70205127686256,30.590387576319692,0.47167546566225743,22.08723981784238,0.9125040089985099,30,30,30,30,True
200405,5,11.859733002345475,11.63368129163747,29.70464992614626,0.9155961186978603,20.57521729473728,0.7670123967523704,30,30,30,30,True
200405,6,1.5030234694112907,2.89272920812157,29.28054529467123,1.1732163372411841,20.197708657311942,0.8484859900379133,30,30,30,30,True
200405,7,0.49787336539647975,1.172581907880687,28.516412321721084,0.8869293223044817,19.48061033285292,0.7267966406526286,30,30,30,30,True
200405,8,1.9032231671686086,3.9228196264585953,28.49831878267083,0.7301360454483445,19.19252278117574,0.7128591122555451,30,30,30,30,True
200405,9,4.152512278893549,5.7281772217717455,28.979038152716655,0.7146508322264019,19.46603168633128,0.6535550644968985,30,30,30,30,True
200405,10,7.276946707163218,7.891351590501875,29.03361714151182,0.6921360394905743,19.335497462791402,0.5500046845624776,30,30,30,30,True
200405,11,5.496727260213813,6.317712334774512,29.332293201439786,0.48727328187668645,19.50213149303329,0.8856521868236473,30,30,30,30,True
200405,12,11.537969708523143,18.78202218133106,30.373039020801993,0.4176669831357103,20.94880606230189,0.8773209206495711,30,30,30,30,True
200406,1,61.331218062277244,45.7889052960119,29.860111092310664,0.5611204586371487,20.28261331135675,0.774016607458432,30,30,30,30,True
200406,2,115.88871513119342,91.11000970338841,29.90489314411611,0.4306006689774527,21.476207175221976,0.7157193212978246,30,30,30,30,True
200406,3,196.4744519360129,170.34811870024794,30.102873381476474,0.5566927233332246,21.819826472134274,0.6897584020617403,30,30,30,30,True
200406,4,61.88992218094616,40.15441111896234,29.64588036535865,0.5843197097170385,20.677960518150247,0.8138133363743648,30,30,30,30,True
200406,5,16.641014814531083,14.739316368050751,28.885983875470416,0.973173138927416,19.140093439168133,0.8243520329330195,30,30,30,30,True
200406,6,2.0205692111343083,3.711726488085497,28.46904985424919,1.2005498570086846,18.439056410803563,0.8664928034717134,30,30,30,30,True
200406,7,0.383322093941256,0.8127870588571383,27.719839663634737,0.9220856513189979,17.55349179239103,0.7103891286693051,30,30,30,30,True
200406,8,2.5745228223781735,4.286660645740628,27.59516875592908,0.7448214545696665,17.157882003878658,0.6976187778515881,30,30,30,30,True
200406,9,5.31712123205599,6.965760007158781,28.163931271471323,0.7183172200334316,17.6496128297223,0.6032805233381787,30,30,30,30,True
200406,10,11.237196930589443,10.570626497731462,28.270105183877043,0.7188846118745177,17.895008780142614,0.5283628054586327,30,30,30,30,True
200406,11,7.71329513816439,9.434144889113995,28.648869110253838,0.4776186230017906,18.31035345543836,0.8540612367542529,30,30,30,30,True
200406,12,14.567308633797214,14.36375829604003,29.56240210816581,0.4480977055562148,19.594744981402663,0.8453122035745432,30,30,30,30,True
200407,1,118.83078665359845,60.70981233001858,29.157758286664667,0.529445162215014,20.484406854711494,0.6882231106309668,30,30,30,30,True
200407,2,164.2533083514315,109.32066029723428,29.15694259549932,0.419868808860784,21.23707362259661,0.5551464870673061,30,30,30,30,True
200407,3,218.99993200014353,156.28310343733133,29.365674760917514,0.5027936248040928,21.469268993969365,0.641519403546334,30,30,30,30,True
200407,4,98.86436876975155,51.12263261879388,29.12695369561663,0.5261492574801511,20.707208912018704,0.5780081943661866,30,30,30,30,True
200407,5,34.1479001730737,22.591223241188104,28.38612469976613,0.8361036005133039,19.405776826667875,0.6554340994903298,30,30,30,30,True
200407,6,6.4531895446412575,6.471550880465385,27.858570151532554,1.0983624321930836,18.430892343908333,0.7684279363599562,30,30,30,30,True
200407,7,0.8301867685836873,1.519164066997844,27.17220548579376,0.858789363265207,17.378596747399396,0.6214967908250251,30,30,30,30,True
200407,8,3.579815620193948,6.494470844984837,27.101797649882037,0.7044381041837803,16.971422743429258,0.6177448627644351,30,30,30,30,True
200407,9,7.530115148351945,9.07501988765136,27.599574318855883,0.637768399008427,17.598128763196065,0.43943935476095347,30,30,30,30,True
200407,10,14.862715523538805,12.131377750113202,27.8371376269057,0.6828208318296375,18.360892080208504,0.48065036206470546,30,30,30,30,True
200407,11,11.66981579347285,12.354562646820982,28.17363064083372,0.4561692978604499,18.869686144516535,0.8123713008985894,30,30,30,30,True
200407,12,27.307146863760536,21.127767096399612,29.060676329859202,0.4447075777389803,20.185124463580546,0.8071995151187666,30,30,30,30,True
200408,1,101.55577442808567,71.37107393200286,27.72616303327198,0.5031429284179694,19.173202643743238,0.6949565480614314,30,30,30,30,True
200408,2,187.95213948045568,139.83285084488477,27.61018735773622,0.41067399512336966,19.80796086138015,0.5703249106426282,30,30,30,30,True
200408,3,279.44679817901346,206.21628049540791,27.750404122779717,0.4922617065623934,19.920249741056043,0.6317758333940375,30,30,30,30,True
200408,4,108.82956717658789,72.58805717074323,27.575660587032285,0.4680272669840131,19.28966374496854,0.6254069875578012,30,30,30,30,True
200408,5,24.56092175929563,17.374697579137717,27.182360702749257,0.8360250798211895,18.402971519382387,0.6651805364975487,30,30,30,30,True
200408,6,2.817289951284564,4.23615726848321,27.213238720445915,1.0960884922446767,18.200456250984683,0.7679494319276338,30,30,30,30,True
200408,7,0.7278610050491987,1.6153982415266501,26.517977654805,0.8555799227363187,17.20593189535608,0.6414902110403539,30,30,30,30,True
200408,8,3.219513807365268,4.868811630640223,26.647005824669847,0.7000593750201013,16.909937505968188,0.6326085751936279,30,30,30,30,True
200408,9,6.249293817600249,7.113514430145133,27.128360949302046,0.6547379693391995,17.491442273672305,0.5110504691799973,30,30,30,30,True
200408,10,11.338489696666345,10.571755358006477,27.20500527636745,0.6864580776674424,17.919468547127494,0.50836907900997,30,30,30,30,True
200408,11,9.542424239024546,10.499841398416113,27.32998562208536,0.4554142719912247,18.103244203958866,0.8248073325597534,30,30,30,30,True
200408,12,26.121882858739596,22.984279919095705,27.81888576224319,0.425008944222842,19.029135000329706,0.8107542639869411,30,30,30,30,True
200409,1,109.61097561915399,79.84289100886369,26.255496593271932,0.4941780298523201,17.852828233393762,0.6850090724174238,30,30,30,30,True
200409,2,217.49078622952027,155.36526053140835,26.039989655635406,0.4045362379466666,18.311464349407796,0.5571020728389671,30,30,30,30,True
200409,3,320.762844607609,224.70219309483036,26.123106894849116,0.4776805486241319,18.326196745151492,0.6216560803370041,30,30,30,30,True
200409,4,122.90480733756304,81.08724653647135,26.019115610236714,0.4526914339785741,17.859881586910593,0.6099440873256358,30,30,30,30,True
200409,5,29.91673638308134,20.864837346060202,25.89975797598599,0.8201576549536631,17.325224068632338,0.6565346952352672,30,30,30,30,True
200409,6,2.493448506646148,3.68504353958898,26.35198939201498,1.0755496542283676,17.556788297542948,0.7362962995617653,30,30,30,30,True
200409,7,0.7183294307412128,1.370879436526091,25.662809073406777,0.8533241274325378,16.482511384301702,0.629308543419192,30,30,30,30,True
200409,8,3.526218343081759,3.9636717668519443,25.952877246751335,0.673443294103056,16.26544023506071,0.5979015357894439,30,30,30,30,True
200409,9,5.844345408931358,7.240611682885401,26.426801499993168,0.655503714027446,16.95526649106854,0.505569394610593,30,30,30,30,True
200409,10,12.298735680238003,11.545869597797063,26.420317941169134,0.6720472356082804,17.340641021512006,0.5034704939536992,30,30,30,30,True
200409,11,11.275513331821575,11.809538238784986,26.38945773157673,0.44746862953641203,17.346251178055365,0.8261275622131867,30,30,30,30,True
200409,12,29.870877196240478,27.762134415496075,26.536516865751917,0.42742131032917025,17.91774306482568,0.7990311292209961,30,30,30,30,True
200410,1,126.99468028635005,62.40201882297321,26.42939194243656,0.4949266724785862,18.032446396944998,0.6569901316961514,30,30,30,30,True
200410,2,170.90009044725582,119.28373822729496,26.223871124730305,0.4049459329304121,18.419870270569877,0.5204414924232615,30,30,30,30,True
200410,3,237.62962915735065,167.06943095030672,26.325173889313145,0.47022543493570507,18.452959806169638,0.6155360906418019,30,30,30,30,True
200410,4,119.55678299749376,66.22662536668852,26.234957584962665,0.46242219842272797,17.93075188680949,0.5336187963965965,30,30,30,30,True
200410,5,39.030901783924,23.69191003332639,25.981142651440035,0.7799243706267399,17.22445572454234,0.6191290271932122,30,30,30,30,True
200410,6,5.997923074983809,5.785268440938071,26.09401666307729,1.0433044199198183,16.933441920471402,0.7313020595901103,30,30,30,30,True
200410,7,1.049718679912022,1.9079145337253445,25.44318705782491,0.8361596136966059,15.831353589555407,0.5996728727354349,30,30,30,30,True
200410,8,4.541712458396313,6.731640127506925,25.536819164587815,0.6793973015087648,15.467748408974915,0.5847554057079967,30,30,30,30,True
200410,9,9.491980611127486,9.285508335416072,26.06375875238378,0.6046837028773007,16.196802441576537,0.4125287419506351,30,30,30,30,True
200410,10,19.293039465911296,14.449246745896627,26.231383051810663,0.6448991331635151,17.018279124038063,0.4727134163361411,30,30,30,30,True
200410,11,16.434499789965052,14.085677180853903,26.36555512134702,0.4465462336076788,17.347708037407745,0.7918730371414091,30,30,30,30,True
200410,12,37.12813831278493,25.94170516367771,26.67257722243144,0.44386313029795116,18.116379625686122,0.7840237253666956,30,30,30,30,True
200502,1,21.248204682790558,96.39753094715276,30.84906107481131,0.4573340471231684,21.220901717447227,0.9213523562728069,30,30,30,30,True
200502,2,40.73247344882373,94.40355173907264,32.08397015542674,0.43322785952454385,23.25893271721975,0.7096941489925493,30,30,30,30,True
200502,3,35.777250136281836,83.63738501706767,31.902614218133422,0.6241138340324854,22.79380087220115,0.789301649597397,30,30,30,30,True
200502,4,12.066305571456432,28.521925284785528,30.661553882964565,0.46719863125934896,20.752120486065632,0.8555136301289811,30,30,30,30,True
200502,5,2.114326523467085,3.675700831987567,28.719368022942497,0.9311667430984358,18.76427296686897,1.0655511512868625,30,30,30,30,True
200502,6,0.21440044201849862,0.6618414136382492,26.840020285720453,1.189419921701799,17.629040056292528,1.066146268786002,30,30,30,30,True
200502,7,0.22452440082407793,0.18794899446281693,25.71385244268517,0.9157497132980635,16.90800524073902,0.8710915361714334,30,30,30,30,True
200502,8,0.48326420344501814,1.0353563534736012,25.948975910148835,0.7647700891434818,17.059235433132624,0.7905713370871347,30,30,30,30,True
200502,9,0.531234792566484,1.0660906902478124,25.24628935724891,0.7898710975492212,15.797249794897542,0.7972654530140124,30,30,30,30,True
200502,10,1.359888718378972,1.820787743022725,26.68624961298773,0.7697698063127,16.81649080936601,0.6899735996138402,30,30,30,30,True
200502,11,0.3771453332471496,0.6157512282885503,27.195132848974257,0.6517408932760348,17.18841448476136,0.8139173309902453,30,30,30,30,True
200502,12,4.0616712275615425,18.471736796002638,29.933883779917554,0.5958380302319584,19.996795557033067,0.9695970728402561,30,30,30,30,True
200503,1,19.790162138254377,90.44771087963649,31.19968411646668,0.4782833811078681,22.345554390117588,0.9272539787844335,30,30,30,30,True
200503,2,35.133351028678376,82.03237266810766,32.43684968589892,0.4359155318606135,24.241680925103616,0.6777243212153277,30,30,30,30,True
200503,3,35.08825492995111,85.01121520111631,32.309895644139296,0.6483980777677575,23.844730041393866,0.7881475157070827,30,30,30,30,True
200503,4,11.145085656838898,26.12756927107152,30.974864535258504,0.474757298265687,21.829529074313523,0.8343699826115929,30,30,30,30,True
200503,5,1.880396955491263,3.3006093510152774,28.83477200597471,0.9460518033924769,19.75002733323746,1.0543772323489728,30,30,30,30,True
200503,6,0.3183061049533873,0.7573633936784993,26.703478786699336,1.1743774382762753,18.349474485160282,1.0420457556760074,30,30,30,30,True
200503,7,0.6525367293821325,0.3367929320542554,25.650588457228267,0.9046566292459651,17.684931643978473,0.8522014999618118,30,30,30,30,True
200503,8,0.6106377872945061,1.2833724889844234,25.658193745494916,0.7628478569024709,17.620647041461822,0.7779610513601191,30,30,30,30,True
200503,9,0.5425363283605247,1.1315403417320629,25.11778776109224,0.7940388289530516,16.53279728655945,0.7902130253792603,30,30,30,30,True
200503,10,1.347322137891276,1.71285498667938,26.60112083670149,0.7717667277656589,17.64733864714059,0.6874253198323054,30,30,30,30,True
200503,11,0.4283018015217705,0.8201517323035783,27.192545343992936,0.6583412116091532,18.117559294599314,0.7783452450555183,30,30,30,30,True
200503,12,3.8801455842572703,17.895103576952827,30.10328553681074,0.6155687923181282,21.04300101355871,0.9507622264877982,30,30,30,30,True
200504,1,21.44076839009633,90.77290145896568,30.19873126246074,0.5799834280230736,22.80093037590448,0.9890468527489819,30,30,30,30,True
200504,2,31.41220173519251,75.09756898525467,31.487730647685883,0.47702200403849404,24.5821963204097,0.7148211460320324,30,30,30,30,True
200504,3,35.14478659942903,87.53318070300048,31.431890869515875,0.7158503822400171,24.292811376818047,0.9294248912727588,30,30,30,30,True
200504,4,10.282755485604671,23.954807676066928,30.041832093616268,0.5405560897257687,22.37456214380006,0.8611273235254973,30,30,30,30,True
200504,5,2.7813544645316886,3.264084438631462,27.65765807748742,1.0322673760932866,20.08968482615163,1.118370176171667,30,30,30,30,True
200504,6,1.0048115174058467,0.5987213331755854,25.412172500445028,1.2355121931525217,18.45165205707353,1.1141481682973644,30,30,30,30,True
200504,7,1.5074253724072701,0.3748599576634176,24.325710714011787,0.9617383483745918,17.687152408556415,0.9058703372129359,30,30,30,30,True
200504,8,0.9878595523109782,1.2818584407655522,24.14812076874137,0.8305850280264859,17.464034697264918,0.8354325094165118,30,30,30,30,True
200504,9,0.5188500788806535,1.136831075249738,23.645108616379236,0.9025375381329456,16.51336817345744,0.8951820665744331,30,30,30,30,True
200504,10,1.211143761524171,1.765586544769814,25.155778677966687,0.883748297729642,17.73521172956375,0.7999920062649339,30,30,30,30,True
200504,11,0.3955796804105197,0.7429135523162741,25.84391189889256,0.8349591248951703,18.324151324805314,0.905885403145289,30,30,30,30,True
200504,12,3.7381075598104974,16.95599749698253,28.869612384393875,0.7341669747180731,21.339966767293497,1.0026128642705916,30,30,30,30,True
200505,1,18.24561792218053,89.39645828333651,31.03740672282207,0.492125897867965,22.16973653017453,0.931767838264263,30,30,30,30,True
200505,2,43.377130055307255,98.60804156322423,32.22696960275071,0.4175813020193315,23.990432386356193,0.6822355030214087,30,30,30,30,True
200505,3,35.079141227681404,89.7880029163466,32.02860855180587,0.6287688327387418,23.536509415333,0.7968038470399744,30,30,30,30,True
200505,4,9.365759686719729,19.721752518581958,30.669677683462865,0.49689556529880197,21.50138737971622,0.8576766000274214,30,30,30,30,True
200505,5,1.4193347330074821,2.281201211406245,28.69236920757537,0.9567686309291866,19.64948515422036,1.0840277515157803,30,30,30,30,True
200505,6,0.19009776277169832,0.521174849514099,26.853413474095973,1.1849014847394348,18.589932335687358,1.0672261316158962,30,30,30,30,True
200505,7,0.3984567726166423,0.26929904741029076,25.768179335195786,0.9117417598028894,17.884766870361663,0.8784477613637293,30,30,30,30,True
200505,8,0.5851114922841287,0.95450272274497,25.891885911869075,0.7593687745672674,17.941576541622045,0.8110165221834735,30,30,30,30,True
200505,9,0.536355713579085,1.068204119718426,25.424843635343265,0.8067759918768935,16.943247402683753,0.8330808756073872,30,30,30,30,True
200505,10,1.4206290394418335,1.8764965587591782,26.90282044529572,0.7794379680927436,18.070004566115106,0.7112446563212516,30,30,30,30,True
200505,11,0.5436217553330269,1.0668269340943666,27.449171577854262,0.6567003768716377,18.500557664754407,0.7863764635451959,30,30,30,30,True
200505,12,4.122333710667636,17.073869186769667,30.088036639778256,0.6160678689036667,21.134023296107987,0.9466223316148591,30,30,30,30,True
200506,1,21.060950731383766,98.29349815981755,30.885684173028526,0.45471846465129,20.797252045337462,0.9241966382087852,30,30,30,30,True
200506,2,46.57038476734413,105.77974246512859,32.06214833065795,0.4363659974400718,22.86407826892541,0.7370381273340935,30,30,30,30,True
200506,3,36.4568298277566,84.52976021874477,31.844672749286644,0.6176059298619937,22.36282190221861,0.8057004550192359,30,30,30,30,True
200506,4,12.346146477269091,28.838568789787267,30.6080565200533,0.4788076723460192,20.268490208230634,0.8807476076686146,30,30,30,30,True
200506,5,2.0286802836705675,3.87023425281721,28.781733545834776,0.9236974046707563,18.340742985445782,1.0700566958335882,30,30,30,30,True
200506,6,0.1595052388061043,0.7351019279202782,27.087333493364333,1.1971808222090894,17.401399558098685,1.0750219649770012,30,30,30,30,True
200506,7,0.07188827310301175,0.11438492789341441,25.872062194763885,0.9143705944605235,16.59311342096281,0.8738089471987175,30,30,30,30,True
200506,8,0.35835720995866344,1.1339733177631028,26.14139928014914,0.7629729940404263,16.767190462336274,0.7976324792038952,30,30,30,30,True
200506,9,0.5066380754824931,0.9330328620961174,25.481866916734994,0.7917017015230519,15.538388432563936,0.8099803516590549,30,30,30,30,True
200506,10,1.4298925873269455,2.0442681337311437,26.868908921198784,0.7710908655273269,16.481185579591983,0.6961434206431495,30,30,30,30,True
200506,11,0.4449859520555117,0.884339965645551,27.40659375527134,0.6444009083333705,16.876595409377057,0.8343032968662725,30,30,30,30,True
200506,12,4.350353032121829,19.840851125526896,30.001391544054165,0.5881073047665111,19.56773925102116,0.9832513442289619,30,30,30,30,True
200507,1,23.541628853331325,93.5020781401439,30.688821743801316,0.5094035907641148,23.23457331210081,0.9357548951031538,30,30,30,30,True
200507,2,33.45833931047091,81.49542807716236,31.999289286113527,0.4102766123348468,25.068224452040646,0.680089942245762,30,30,30,30,True
200507,3,35.54085416778547,84.59245160622113,31.935444640419494,0.6004739817033926,24.770065189190213,0.8590007233870727,30,30,30,30,True
200507,4,11.098768028645047,26.663426295962005,30.6239718027569,0.44763580982355083,22.891874990637575,0.812521835765999,30,30,30,30,True
200507,5,4.68591145862004,3.9832883131427295,28.31579552589661,0.967570956628078,20.631883791671818,1.0768323456736226,30,30,30,30,True
200507,6,1.2407234757110284,0.8949101369375695,26.151413144421927,1.1871805357422902,19.033231786200087,1.084124089080287,30,30,30,30,True
200507,7,1.5045272643564045,0.29081058826310513,25.04407767009602,0.9329202348669229,18.23737955773456,0.8861250419115085,30,30,30,30,True
200507,8,0.9597472408302306,1.052335997396092,24.957662201699925,0.7832716204584346,18.11233356889078,0.799435458209702,30,30,30,30,True
200507,9,0.5975609783368625,1.2542572386185828,24.343627151671505,0.8223653870392755,17.093731534695703,0.8256938755018568,30,30,30,30,True
200507,10,1.1157025302896668,1.4954278312366553,25.81700472579894,0.8059239606124747,18.28399112923347,0.7346783985975519,30,30,30,30,True
200507,11,0.2708096513001986,0.4183276570980283,26.44053283396891,0.7176074462935478,18.807092583932103,0.8209778584855069,30,30,30,30,True
200507,12,3.9151082949852944,17.72954424800291,29.431281015858776,0.6486267839316175,21.804455324496484,0.9332937324715695,30,30,30,30,True
200601,1,22.589038002393686,101.77403175950698,32.110076934796005,0.48350980954006784,20.893450302737474,0.9607454375230954,30,30,30,30,True
200601,2,83.22229673290758,141.64971792067686,32.67855508383535,0.41832420976602325,23.019668985102545,1.012606862314102,30,30,30,30,True
200601,3,160.65955778564782,228.1572320059849,32.48060545790584,0.5243035925679137,22.77951081434819,1.0091498962856367,30,30,30,30,True
200601,4,31.416545912259156,52.78148755450551,31.54995680707224,0.4564555177832651,20.823993006442947,1.384864347058213,30,30,30,30,True
200601,5,4.273642272538272,6.792859839739275,30.47218121293749,0.928423987841347,18.938206837389433,1.0499823116970168,30,30,30,30,True
200601,6,0.39101006909972985,1.3181961190494957,29.58014967631749,1.2527897005431206,18.323397251945742,1.0994029061520005,30,30,30,30,True
200601,7,0.168577696665411,0.6056698417053921,28.573777474638696,0.9507330310123231,17.538643791013296,0.8966691799918357,30,30,30,30,True
200601,8,0.4486141838359903,1.0812032776632416,29.13096748280397,0.7644935756116217,17.983005159524527,0.8111062091069687,30,30,30,30,True
200601,9,1.1249655019301794,1.855655791089711,29.06591877634104,0.7757849243405736,17.556233626178052,0.8223315972800632,30,30,30,30,True
200601,10,2.3750572642627,3.6301622255152477,30.03531702059276,0.7753168550287924,18.119422537491328,0.6761505740366395,30,30,30,30,True
200601,11,1.3154788084919338,1.9515053097595711,30.356698036261655,0.5594062378459038,18.38885264979294,0.9441992190340022,30,30,30,30,True
200601,12,7.567101593456788,31.244145757500455,31.968010604333152,0.5334360374439691,20.23298850951246,0.9445910120820937,30,30,30,30,True
200603,1,20.28147503703275,98.55591255824487,31.313797487886134,0.45690085242501427,20.889940830259373,0.9360010843357255,30,30,30,30,True
200603,2,62.241243164325304,130.9135087231923,32.39170731065422,0.4354272235733666,23.000706488639707,0.7749135300498058,30,30,30,30,True
200603,3,45.855951051414515,99.1304529294892,32.11731625705791,0.5958272167525974,22.467504238788475,0.8252168129759028,30,30,30,30,True
200603,4,13.462542202677755,30.28750985560242,30.92734972681336,0.48660063917734603,20.3495898252665,0.9397720818966276,30,30,30,30,True
200603,5,2.3393101025083323,4.3671996567531455,29.324181319315496,0.9139804550280392,18.49533763417084,1.084638980470301,30,30,30,30,True
200603,6,0.19309573299608468,0.7304374520455602,27.782128210376584,1.2100537763010217,17.63545872625621,1.104305498125738,30,30,30,30,True
200603,7,0.04299636888159229,0.11556295397062419,26.61998034950354,0.9177529554339677,16.834464029762064,0.8900253866495608,30,30,30,30,True
200603,8,0.2999103571398935,1.1686888242384266,27.037853380406617,0.7586351066097661,17.144905086051825,0.8146719073303981,30,30,30,30,True
200603,9,0.5519240658037627,0.9805066053619865,26.438964332825996,0.7920453544628757,16.032854104899894,0.8404174654527183,30,30,30,30,True
200603,10,1.4959680813844045,2.1366505468695274,27.780039389057922,0.7778010768288672,16.923985972677222,0.7206263642904334,30,30,30,30,True
200603,11,0.5022998493988454,1.0523094466973006,28.261148201798047,0.6277918354803681,17.26422719953163,0.8804311834887898,30,30,30,30,True
200603,12,5.081239037192267,23.06550613469083,30.6689196077969,0.5743759433517037,19.831427274867398,0.997779712085857,30,30,30,30,True
200605,1,25.402859829557645,99.0259177793707,30.102886503531707,0.4379741463055407,20.266454006031413,0.8141515858808566,30,30,30,30,True
200605,2,90.26507392462253,145.65881132491808,31.077168306099022,0.4180020964396528,22.484059808287306,0.6789717748501353,30,30,30,30,True
200605,3,124.20302404499034,183.95409143536952,30.67380048627473,0.4724302382691757,21.902377861483334,0.7004741224894052,30,30,30,30,True
200605,4,26.435312085501266,46.65060370937482,29.888446768416998,0.41921529076039116,20.220373165852923,0.845049617940547,30,30,30,30,True
200605,5,4.457795206523103,6.981318109162941,28.932246948887784,0.8311774088999786,18.492512111996408,0.8789180851299726,30,30,30,30,True
200605,6,0.3465876499115183,1.0567030596292541,28.174677800539794,1.1808073046152485,17.75329280636904,1.0229712405165772,30,30,30,30,True
200605,7,0.1006830333276401,0.2709699204885017,27.117508054499798,0.9350019533965517,16.695806424640672,0.8829618028764833,30,30,30,30,True
200605,8,0.3352718962849538,1.2100198866113587,28.291816642418958,0.7528193221319294,17.687917796951197,0.8109097022773705,30,30,30,30,True
200605,9,0.7562450780507939,1.2517400757188808,27.206486880205535,0.7345348660253008,16.360735159294666,0.8108984729170639,30,30,30,30,True
200605,10,1.9799290286929365,3.0225613475902238,28.447301575807714,0.7403120186379628,17.24681189662247,0.6729279858592452,30,30,30,30,True
200605,11,0.7537702578830903,1.1627931268649219,28.51152250912568,0.5306688103876352,17.260733557953895,0.8861206150984469,30,30,30,30,True
200605,12,7.4643568917905565,34.04375705911883,30.28266054321276,0.49283231248647646,19.522070048143448,0.8815496110704745,30,30,30,30,True
200606,1,20.185888194013135,100.88694653482055,31.9581058818995,0.4878719427661263,21.76161303795705,0.9567581167616028,30,30,30,30,True
200606,2,60.79274996649064,127.26124268387105,32.99776120786757,0.4204234749019634,23.707216689536267,0.8009502177616862,30,30,30,30,True
200606,3,36.714266599566145,88.42844635692161,32.700252365742045,0.6275836594353723,23.152620467964425,0.8498851228992654,30,30,30,30,True
200606,4,10.545140249850057,22.133662520267894,31.386572362605737,0.5064681446205084,20.9738257928543,1.004224988218702,30,30,30,30,True
200606,5,1.5746370487873094,2.7714455840594714,29.769361417902584,0.9601155316812966,19.313151048874214,1.1142858409167624,30,30,30,30,True
200606,6,0.17156791105879252,0.582149216295094,28.16021127537926,1.2317717651438205,18.52600183825174,1.1317352738618014,30,30,30,30,True
200606,7,0.15244686592980447,0.5023112162735106,27.13743489084256,0.9312862504155012,17.900536533198412,0.9220402243663783,30,30,30,30,True
200606,8,0.3823464742225678,1.0535551471078775,27.475796382841256,0.7722038610655003,18.149190825222604,0.8565476331520753,30,30,30,30,True
200606,9,0.6671189272259693,1.2832639418555174,27.184356818724762,0.8183550792838385,17.325851422805055,0.886779440312959,30,30,30,30,True
200606,10,1.587904863277223,2.206299721936462,28.567200322446215,0.7919580264961811,18.270869705776853,0.740397963280449,30,30,30,30,True
200606,11,0.7940255045658883,1.5200748506418753,29.029724474760197,0.6501456147588893,18.59763430874458,0.8727373518696744,30,30,30,30,True
200606,12,5.361697048708706,22.592241491813663,31.35018958357631,0.6032900752163823,20.992052414964196,0.995404320895923,30,30,30,30,True
200607,1,22.444539690982786,103.42871949161099,32.14303504047333,0.46953651463339763,21.09678053702537,0.9207182758698473,30,30,30,30,True
200607,2,84.32938439587049,143.15036785714594,32.77094998810976,0.42451106729538307,23.26857598493075,0.9175229081314945,30,30,30,30,True
200607,3,147.9601034787741,218.70272221576357,32.453498191626025,0.5127913810655602,22.882243499940454,0.9118752191120449,30,30,30,30,True
200607,4,28.04913786573526,49.033558775766856,31.5402839642312,0.4582976649628819,20.934220428151978,1.2666652719368556,30,30,30,30,True
200607,5,4.543080691039681,7.093748994557677,30.574643849296535,0.9298042389598419,19.078800447539003,1.014426027896475,30,30,30,30,True
200607,6,0.46579760370085765,1.45595259860802,29.65311408024596,1.2629809802368792,18.344913265335894,1.1121301713867253,30,30,30,30,True
200607,7,0.10792543521377172,0.4647377916741817,28.671379418277915,0.9499560327453308,17.522807044245233,0.8958051487636981,30,30,30,30,True
200607,8,0.40807686781784547,1.1480747771255133,29.370259588068276,0.7672774318058513,18.07913129701616,0.8084991733069598,30,30,30,30,True
200607,9,0.8658232536176435,1.4654498275940566,29.120261633605924,0.7757939338263717,17.488565829866694,0.8262864269906449,30,30,30,30,True
200607,10,2.2081172387266093,3.5242389236605978,30.230374777917927,0.7882332734500892,18.191322847296497,0.6980157572324122,30,30,30,30,True
200607,11,1.1067608310622896,1.9818784357896315,30.52287639066948,0.5537445148967246,18.431024967676528,0.93662320602073,30,30,30,30,True
200607,12,7.32261717323576,30.546388978829007,32.18267869907299,0.5315607579487791,20.431188995542477,0.9359418203049438,30,30,30,30,True
200608,1,24.116222357759717,116.28109160565535,32.404730430823754,0.4765941418241104,21.313917692494428,0.9622298146126755,30,30,30,30,True
200608,2,95.05139016966069,170.397033279063,33.190761795268,0.43003698328608925,23.47427226255588,0.9315806326928735,30,30,30,30,True
200608,3,98.86691518277082,180.02468254189202,32.84164282489164,0.5547899117668192,22.971419065171467,0.9372668490338659,30,30,30,30,True
200608,4,20.058205976613085,40.48915238222605,31.749416486596783,0.48117881710592697,20.837391875673873,1.2214837276117896,30,30,30,30,True
200608,5,3.5211930651571857,5.976338925030858,30.609320968701322,0.9492893835483109,19.094229268355836,1.0799635874063893,30,30,30,30,True
200608,6,0.2902632793731798,1.003653928904886,29.438962346651483,1.2703168664474342,18.39780199408881,1.1547397603986813,30,30,30,30,True
200608,7,0.1276780347302952,0.6088446143578182,28.38892514986906,0.9525474900992177,17.617787242342754,0.9260983205762271,30,30,30,30,True
200608,8,0.32634248725157994,1.2609262656377866,29.009293127402362,0.7749434272199814,18.12196165397972,0.8433943548997809,30,30,30,30,True
200608,9,0.7897011184914999,1.3848037090803125,28.757078157520038,0.8011859187341346,17.470057862435468,0.8712719560076129,30,30,30,30,True
200608,10,1.9373526555815561,2.6455633118516966,29.968858012277177,0.7960645332460474,18.245335316890234,0.7289499772575921,30,30,30,30,True
200608,11,0.8660918128109641,1.8263772819365511,30.345240545871647,0.601376520818574,18.5224345539927,0.9572986606377575,30,30,30,30,True
200608,12,6.9319876352180945,30.67078713865187,32.233709304998705,0.5627859315201386,20.645590152450847,0.9877021417816988,30,30,30,30,True
200801,1,7.07846922880998,31.281712976580263,28.415612449780507,0.5676761192239868,20.95940496900715,1.0017004206272209,30,30,30,30,True
200801,2,18.88154367755344,49.749812789304514,29.497135675509536,0.34094702265054644,22.19192018189706,0.8173464491397088,30,30,30,30,True
200801,3,26.36728465548841,72.05722832468737,29.4691176300445,0.5764401042719965,22.0144284009594,0.977572496054203,30,30,30,30,True
200801,4,5.963339151985656,12.60002570344674,27.629869774893315,0.6593810481021375,20.22424431153689,0.9298464483258232,30,30,30,30,True
200801,5,0.8396056187110301,1.6388832999872216,25.239378794766615,1.1182718494025874,18.30711390375616,1.2055909450684856,30,30,30,30,True
200801,6,0.6879644501263626,0.5885135628075843,23.19967980028138,1.24336668317131,16.984012353087042,1.2463906860632077,30,30,30,30,True
200801,7,0.7903694639436222,0.1476818428557994,22.33410892428764,1.0199086944139364,16.377956190029778,1.1329573979967138,30,30,30,30,True
200801,8,0.4752774494596648,0.9472379893426874,21.879849722452214,0.8517629099568473,15.750343106113109,0.9813777501596875,30,30,30,30,True
200801,9,0.6364320069977315,1.03302790162186,22.065900005013976,0.8282819156989556,15.335641841138342,0.8893921632513507,30,30,30,30,True
200801,10,1.643052650980405,2.107336734969474,23.557196552974883,0.7602555497243234,16.502018061575452,0.7982334931702247,30,30,30,30,True
200801,11,0.9342155049886084,1.3335589002437587,24.468018104687996,0.6468970211149504,17.288040031960175,0.8445589693536603,30,30,30,30,True
200801,12,1.9096796847625679,5.103106779522262,27.03590096683702,0.6585354561686255,19.725959525674146,1.0081254735136194,30,30,30,30,True
200802,1,14.337782398482814,67.10369684391054,32.3822719672453,0.5096379259826969,23.58211206091037,1.003001262589267,30,30,30,30,True
200802,2,25.759256285635253,64.5833048202719,33.34602862148851,0.3918278254598489,25.19542263375303,0.7593203911891011,30,30,30,30,True
200802,3,31.206444948342796,81.16931287285837,33.115042207703674,0.6682312428345826,24.711256374991663,0.8953747860022125,30,30,30,30,True
200802,4,8.929797238257322,19.263799635726688,31.641156821198663,0.523591155768094,22.527496233600186,0.9535089773991614,30,30,30,30,True
200802,5,0.8791980999602348,1.7428355117723493,29.772689732707978,0.99243791308124,20.856830304537816,1.223444288382932,30,30,30,30,True
200802,6,0.16455662540118535,0.31486037081759916,27.896833856564403,1.1894606977019453,19.864060294186686,1.1945131623598146,30,30,30,30,True
200802,7,0.4137274464009449,0.36859145745132676,26.993984986885867,0.9252532726072846,19.36882296106675,1.030784993755914,30,30,30,30,True
200802,8,0.5483865745562555,0.9511023364996067,27.02030767274711,0.7703295991898114,19.230707586569,0.9356913699760243,30,30,30,30,True
200802,9,0.6857305682948925,1.243942808814425,27.10781416476653,0.8007302583345204,18.572414724226732,0.9633189812237201,30,30,30,30,True
200802,10,1.5011307952587922,2.1548724786915896,28.538874730184823,0.7629932096841149,19.516032787303125,0.810465546448594,30,30,30,30,True
200802,11,0.6389315389159516,1.4426041057437895,29.125740999104416,0.6681909840761586,20.00788692609446,0.9154105651938991,30,30,30,30,True
200802,12,3.3071600134656682,12.531890572079176,31.571738268842374,0.6153564016229606,22.576439814957144,1.0218267955994427,30,30,30,30,True
200803,1,13.452677045571393,62.95775969184864,32.59652237009911,0.5024748773849543,23.51684392201452,1.012150852777593,30,30,30,30,True
200803,2,25.57912752374687,64.32542084609338,33.51877586745539,0.385206792522121,25.14434531952587,0.7985144592143373,30,30,30,30,True
200803,3,31.744399693078964,83.29374040389447,33.27097737145336,0.6610066144345991,24.64362125243951,0.911837094991098,30,30,30,30,True
200803,4,8.980419684967055,19.216676694196916,31.79242180146026,0.5234843903017107,22.429832844960288,0.9816139435593361,30,30,30,30,True
200803,5,0.9461901532807211,1.8956772720121797,29.978629573238766,0.9987286469844313,20.797884283995113,1.2350385564679525,30,30,30,30,True
200803,6,0.17723196772662272,0.39719660181939753,28.14321555505724,1.191178165863638,19.83775270243435,1.2123462220216104,30,30,30,30,True
200803,7,0.26060337820028434,0.3281104213319527,27.25072947200254,0.9245522802294373,19.326785638555943,1.0505517133135847,30,30,30,30,True
200803,8,0.6023639423557199,1.2097437822499388,27.298971221494803,0.7773798994754679,19.167551596000965,0.9571826995429688,30,30,30,30,True
200803,9,0.679691159057102,1.1318377050352133,27.490161605632544,0.7994240457235989,18.589332743095863,0.9763159891633302,30,30,30,30,True
200803,10,1.6956964241190913,2.2881329203530982,28.900876050105914,0.7579519153384554,19.513661787903697,0.8163989037880895,30,30,30,30,True
200803,11,0.6591618523631158,1.4198565332362445,29.475893691629878,0.662549842478644,20.012419604742938,0.936352128256365,30,30,30,30,True
200803,12,3.1329833842735977,11.19724365671775,31.834285497954394,0.6055629546616375,22.517484186055057,1.0387600770164678,30,30,30,30,True
200804,1,11.967632494863818,55.0967548470668,33.02046214018569,0.4937584398663293,23.549657926270513,1.0191806707764168,30,30,30,30,True
200804,2,25.114302291474214,62.57590996864016,33.937058075115225,0.37262102972689437,25.211167875736674,0.8537349138685729,30,30,30,30,True
200804,3,29.492326395113786,75.71022401229436,33.71612297155635,0.6569976493545308,24.73033530431328,0.9303997106681732,30,30,30,30,True
200804,4,8.478517846612347,18.60297628831181,32.143906203076405,0.5416409312742841,22.445918170113046,1.0039589076609023,30,30,30,30,True
200804,5,0.910651896280558,1.7526449916968094,30.36828659996093,1.0237165539574893,20.868848508453507,1.2416276449661732,30,30,30,30,True
200804,6,0.25914321313148597,0.6226455966551667,28.565483971724948,1.1951006715750967,19.90894814435598,1.239594662804512,30,30,30,30,True
200804,7,0.11770116098460512,0.151494039757895,27.739699329922917,0.9321094262706724,19.39052513027187,1.0872627644697956,30,30,30,30,True
200804,8,0.7342226097402061,1.8093806607601401,27.770130356870993,0.7931505936267903,19.143931919795378,0.9890701840447593,30,30,30,30,True
200804,9,0.7175379664783789,1.120407747293786,28.082955139485545,0.796809410883426,18.693586789991187,0.9777539533291217,30,30,30,30,True
200804,10,1.6674935069216024,2.459125281450395,29.4971134743461,0.7472859267321453,19.65709491298916,0.8145206581151069,30,30,30,30,True
200804,11,0.8524872069982933,1.635335195078005,30.065532397706118,0.6473052805633425,20.179044143810327,0.9423533994982399,30,30,30,30,True
200804,12,2.5931009604508612,7.991095676724025,32.264183154695175,0.5925238049924939,22.5317276813294,1.0573608292986323,30,30,30,30,True
200805,1,14.482899945241643,64.52327838873587,25.476535232264073,0.5734523351244738,19.780636643219204,0.9566375160339502,30,30,30,30,True
200805,2,23.15117084487783,57.78099112913267,26.58127439758011,0.40239708792314144,21.253539680432677,0.6674263891837545,30,30,30,30,True
200805,3,30.82705678589858,82.44928577215958,26.497159911623125,0.6118073362401684,20.953340406242948,0.9309420151975357,30,30,30,30,True
200805,4,7.210081509553822,15.866053085653707,25.011068042181318,0.5051199719733832,18.988507632777438,0.8569939836826348,30,30,30,30,True
200805,5,1.769047139028828,1.792861203621799,22.78115970869495,1.0276752031965837,16.892185218620345,1.2102510167493783,30,30,30,30,True
200805,6,0.1810308838140107,0.3592713889165266,20.720377392347643,1.1956548368534576,15.379518373239591,1.209930395875336,30,30,30,30,True
200805,7,0.8799483484524547,0.46725770376816744,19.78175973587683,0.9659500039093573,14.68597928803618,1.0267645318457534,30,30,30,30,True
200805,8,0.8986792053355473,1.0041726276662957,19.60948127576141,0.7976328715304716,14.43242576765929,0.9227517126697157,30,30,30,30,True
200805,9,0.5749309546478681,1.0460685895880892,19.422439326397,0.8408448963605432,13.826314483805842,0.9552617352376769,30,30,30,30,True
200805,10,1.1678615876126544,1.714542810249684,20.936975714454015,0.8125625542395757,15.091642129015126,0.8336819550431188,30,30,30,30,True
200805,11,0.5636097004454412,1.099495102610946,21.625356257175472,0.7602285148493295,15.724502251108168,0.8937017358650737,30,30,30,30,True
200805,12,2.5127613238130375,8.764035040216884,24.38310898935331,0.685676640608738,18.552424266650295,0.9316839939491387,30,30,30,30,True
200806,1,12.542167185389143,57.8755232949384,32.11304072052532,0.5248293457175539,24.227468242031584,1.025360398344999,30,30,30,30,True
200806,2,24.283767028922,62.545590114037346,33.13299682788759,0.3842265385865098,25.80528436742724,0.740482802159965,30,30,30,30,True
200806,3,29.653126484391855,78.85268340407977,32.94739850527244,0.6528994053843448,25.379479822558004,0.9631896795450114,30,30,30,30,True
200806,4,7.809464429461171,17.74947014164092,31.425005082247775,0.5079020714777983,23.22245515610249,0.9372113076978954,30,30,30,30,True
200806,5,0.8192494109426175,1.7232118696384218,29.433102786180314,0.9999689355988208,21.45397401062063,1.2261422101107808,30,30,30,30,True
200806,6,0.18031901434964798,0.4572544904446818,27.461024554517454,1.1691602049172398,20.318357065682214,1.1861341606313769,30,30,30,30,True
200806,7,0.49206372316827146,0.5163838157321257,26.573169939896687,0.9277994546243796,19.821637634645842,1.037146710327772,30,30,30,30,True
200806,8,0.6130038599698836,0.9199793492302838,26.50839650286186,0.7698625011850667,19.604133566544213,0.9354475144797544,30,30,30,30,True
200806,9,0.6132437396340513,1.0474663120168326,26.533634104883507,0.7881677580340862,18.901736846393977,0.9517921506150233,30,30,30,30,True
200806,10,1.3700878757415793,2.0462296903057458,28.011845915459894,0.7561061712117982,19.91921222782943,0.8158556700389357,30,30,30,30,True
200806,11,0.5919061477510591,1.1235674328008685,28.64554905788844,0.6680720567298967,20.451938651499653,0.9102763069130386,30,30,30,30,True
200806,12,2.2740382540057404,7.526768689326434,31.199975376651672,0.6177712156526471,23.111441014630522,1.0037637225858715,30,30,30,30,True
