EVIDENCE_ID,DOMAIN,SOURCE_TIER,SOURCE_AUTHORITY,SOURCE_TITLE,SOURCE_DATE,SOURCE_URL,SOURCE_DOCUMENT_TYPE,PAGE_OR_SECTION,ENTITY_TYPE,ENTITY_NAME,CLAIM_TYPE,RAW_PLACE_NAME,DISTRICT_NAME,PROVINCE_NAME,UBIGEO,EVIDENCE_SCOPE,EXHAUSTIVENESS_STATUS,EVIDENCE_STATUS,EXACT_FINDING,LIMITATION,NOTES
C0B2-MODEL-001,DISTRICT_LINKAGE,INTERNAL_FROZEN,Repository frozen agricultural panel,data/processed/panel_master.csv and data/processed/land_physical.csv,FROZEN_C0B1_HEAD_59e0dacd,repository://data/processed/panel_master.csv,FROZEN_REPOSITORY_DATASET,target crop rows,POLITICAL_DISTRICT,MODEL_DISTRICT_UNIVERSE,MODEL_DISTRICT_UNIVERSE_DERIVED,ALL_MODEL_DISTRICTS,,ALL_MODEL_PROVINCES,,MODEL_UNIVERSE,COMPLETE_EXHAUSTIVE,CERTIFIED_EXACT_POLITICAL_LOCATION,Frozen panel contains 55 unique UBIGEO districts for the five C0B1 target crops.,Does not establish agency or hydraulic membership.,Province plus district is the exact matching key; no fuzzy unresolved match accepted; this prevents collision between the two model districts named SALITRAL.
C0B2-AG-001,PCR,A1_OFFICIAL_DRAP,Direccion Regional de Agricultura Piura,Resolucion Directoral Regional N. 395-2025/GOBIERNO REGIONAL PIURA-DRA-DR,2025-09-18,https://www.gob.pe/institucion/regionpiura-dra/normas-legales/7251258-n-395-2025-gobierno-regional-piura-dra-dr,GOB_PE_LEGAL_NORM_AND_PDF,Articulo Primero,AGENCIA_AGRARIA_PLANNING_GROUP,Piura;Chulucanas;San Lorenzo;Chira;Huancabamba;Huarmaca;Ayabaca,PCR_AGENCY_PROGRAM_HECTARES,,,,,PCR_AGENCY_TOTAL,PARTIAL_KNOWN,PRESENCE_ONLY,PCR 2025-2026 approves 259690 ha and agency-scale totals for seven named agencies.,No official district membership table or district allocation is supplied.,Agency-level planning evidence only; DISTRICT_PCR_DISAGGREGATION_AUTHORIZED remains FALSE.
C0B2-AG-002,PCR,A1_OFFICIAL_DRAP,Direccion Regional de Agricultura Piura,Resolucion Directoral Regional N. 285-2024/GOBIERNO REGIONAL PIURA-DRA-DR,2024-10-03,https://www.gob.pe/institucion/regionpiura-dra/normas-legales/6071379-n-285-2024-gobierno-regional-piura-dra-dr,GOB_PE_LEGAL_NORM_AND_PDF,Articulo Primero,AGENCIA_AGRARIA_PLANNING_GROUP,Piura;Chira;San Lorenzo;Chulucanas;Huancabamba;Huarmaca;Ayabaca,PCR_AGENCY_PROGRAM_HECTARES,,,,,PCR_AGENCY_TOTAL,PARTIAL_KNOWN,PRESENCE_ONLY,PCR 2024-2025 approves 291633 ha and agency-scale totals for seven named agencies.,No district allocation is authorized.,Triangulates the seven-agency planning architecture across two campaigns.
C0B2-AG-003,AGENCY,A1_OFFICIAL_DRAP,Gobierno Regional Piura / Direccion Regional de Agricultura Piura,Manual de Organizacion y Funciones de la Direccion Regional de Agricultura Piura,2011,https://www.regionpiura.gob.pe/documentos/agriculturamof2011.pdf,OFFICIAL_MOF_PDF,Estructura organica - dependencias desconcentradas,AGENCIA_AND_SUBORDINATE_OFFICE_STRUCTURE,Agencias Piura;Chira;Chulucanas;San Lorenzo;Huancabamba;Ayabaca and named oficinas agrarias,SUPPORTED_SUBORDINATE_OFFICE_RELATION,Cura Mori;Tamarindo;Pueblo Nuevo de Colan;Morropon;San Juan de Bigote;Chalaco;Frias;Santo Domingo;Pacaipampa;Suyo;Paimas;Sondor;Canchaque;Huarmaca;Sapillica;Montero,,,,HISTORICAL_AGENCY_STRUCTURE,PARTIAL_KNOWN,SUPPORTED_JURISDICTION,Official MOF lists named agricultural offices under their parent agencies.,Historical structure is not proof of a current exhaustive jurisdiction; Huarmaca and Sapillica require temporal adjudication.,Official PDF retrieval timed out; indexed official document text was recovered. No exhaustive current list is claimed.
C0B2-AG-004,AGENCY,A1_OFFICIAL_DRAP,Direccion Regional de Agricultura Piura,Gore articula con gobiernos locales en seguridad alimentaria,2022-03-28,https://www.gob.pe/institucion/regionpiura-dra/noticias/621686-gore-articula-con-gobiernos-locales-en-seguridad-alimentaria,GOB_PE_PRESS_RELEASE,Dato,AGENCIA_AGRARIA_JURISDICTION,Agencia Agraria Chira;Agencia Agraria San Lorenzo;Agencia Agraria Piura,SUPPORTED_JURISDICTION,Miguel Checa;Salitral;Vichayal;Las Lomas;Sapillica;Cura Mori,,,,NAMED_DISTRICT_JURISDICTION,PARTIAL_KNOWN,SUPPORTED_JURISDICTION,"DRAP explicitly assigns Miguel Checa, Salitral and Vichayal to Chira; Las Lomas and Sapillica to San Lorenzo; and Cura Mori to Piura.",The article is not an exhaustive jurisdiction table.,Sapillica conflicts with the historical MOF and remains temporally nonexhaustive.
C0B2-AG-005,AGENCY,A1_OFFICIAL_DRAP,Direccion Regional de Agricultura Piura,Mas de 130 productores fueron beneficiados con asistencia tecnica para optimizar la produccion de 3300 animales caprinos,2026-06-05,https://www.gob.pe/institucion/regionpiura-dra/noticias/1402306-mas-de-130-productores-fueron-beneficiados-con-asistencia-tecnica-para-optimizar-la-produccion-de-3-300-animales-caprinos,GOB_PE_PRESS_RELEASE,Nota de prensa,AGENCIA_AGRARIA_ACTIVITY,Agencia Agraria Chira,ACTIVITY_PRESENCE_ONLY,Marcavelica;Lancones;Pueblo Nuevo de Colan;La Brea;Ignacio Escudero,,,,NAMED_DISTRICT_ACTIVITY,NONEXHAUSTIVE_PRESENCE_ONLY,PRESENCE_ONLY,Agency Chira staff provided field assistance in five named districts; Lancones and La Brea are outside the model universe.,Activity does not establish exhaustive jurisdiction.,Relation is retained as activity presence only.
C0B2-AG-006,AGENCY,A1_OFFICIAL_DRAP,Direccion Regional de Agricultura Piura,Gore Piura y especialista holandes evaluan la ganaderia de Huancabamba,2025-12-23,https://www.gob.pe/institucion/regionpiura-dra/noticias/1319130-gore-piura-y-especialista-holandes-evaluan-la-ganaderia-de-huancabamba,GOB_PE_PRESS_RELEASE,Nota de prensa,AGENCIA_AGRARIA_ACTIVITY,Agencia Agraria Huancabamba,ACTIVITY_PRESENCE_ONLY,El Carmen de la Frontera;Sondor;Sondorillo;Huancabamba,,,,NAMED_DISTRICT_ACTIVITY,NONEXHAUSTIVE_PRESENCE_ONLY,PRESENCE_ONLY,Agency Huancabamba accompanied official field work in four named model districts.,Activity does not establish exhaustive jurisdiction.,Relation is retained as activity presence only.
C0B2-AG-007,AGENCY,A1_OFFICIAL_DRAP,Direccion Regional de Agricultura Piura,Gore Piura gestiona atencion del seguro agrario para 52 productores afectados por lluvias en Huarmaca,2026-03-04,https://www.gob.pe/institucion/regionpiura-dra/noticias/1361345-gore-piura-gestiona-atencion-del-seguro-agrario-para-52-productores-afectados-por-lluvias-en-huarmaca,GOB_PE_PRESS_RELEASE,Nota de prensa,AGENCIA_AGRARIA_ACTIVITY,Agencia Agraria Huarmaca,ACTIVITY_PRESENCE_ONLY,Huarmaca,HUARMACA,HUANCABAMBA,200304,NAMED_DISTRICT_ACTIVITY,NONEXHAUSTIVE_PRESENCE_ONLY,PRESENCE_ONLY,Agency Huarmaca registered affected producers in Huarmaca district.,Activity does not establish exhaustive jurisdiction.,Relation is retained as activity presence only.
C0B2-AG-008,AGENCY,A1_OFFICIAL_DRAP,Direccion Regional de Agricultura Piura,GORE Piura realiza capacitacion a productores de algodon en Curamori y Catacaos,2025-05-05,https://www.gob.pe/institucion/regionpiura-dra/noticias/1161803-gore-piura-realiza-capacitacion-a-productores-de-algodon-en-curamori-y-catacaos,GOB_PE_PRESS_RELEASE,Nota de prensa,AGENCIA_AGRARIA_ACTIVITY,Agencia Agraria Piura,ACTIVITY_PRESENCE_ONLY,Cura Mori;Catacaos,,,,NAMED_DISTRICT_ACTIVITY,NONEXHAUSTIVE_PRESENCE_ONLY,PRESENCE_ONLY,Agency Piura supported official producer training in Cura Mori and Catacaos.,Activity does not establish exhaustive jurisdiction.,Relation is retained as activity presence only.
C0B2-AG-009,AGENCY,A1_OFFICIAL_DRAP,Direccion Regional de Agricultura Piura,Productores de Chulucanas se capacitan en cosecha de mango y registro de plantaciones forestales,2025-09-17,https://www.gob.pe/institucion/regionpiura-dra/noticias/1248031-productores-de-chulucanas-se-capacitan-en-cosecha-de-mango-y-registro-de-plantaciones-forestales,GOB_PE_PRESS_RELEASE,Nota de prensa,AGENCIA_AGRARIA_ACTIVITY,Agencia Agraria Chulucanas,ACTIVITY_PRESENCE_ONLY,Chulucanas,CHULUCANAS,MORROPON,200401,NAMED_DISTRICT_ACTIVITY,NONEXHAUSTIVE_PRESENCE_ONLY,PRESENCE_ONLY,Agency Chulucanas coordinated official producer training in Chulucanas district.,Activity does not establish exhaustive jurisdiction.,Relation is retained as activity presence only.
C0B2-AG-010,AGENCY,A1_OFFICIAL_DRAP,Direccion Regional de Agricultura Piura,Gobierno Regional Piura apoya la produccion de cafe con supervision de viveros en Ayabaca,2025-01-10,https://www.gob.pe/institucion/regionpiura-dra/noticias/1088752-gobierno-regional-piura-apoya-la-produccion-de-cafe-con-supervision-de-viveros-en-ayabaca,GOB_PE_PRESS_RELEASE,Nota de prensa,AGENCIA_AGRARIA_ACTIVITY,Agencia Agraria Ayabaca,ACTIVITY_PRESENCE_ONLY,Ayabaca,AYABACA,AYABACA,200201,NAMED_DISTRICT_ACTIVITY,NONEXHAUSTIVE_PRESENCE_ONLY,PRESENCE_ONLY,Agency Ayabaca monitored official coffee nurseries in Ayabaca.,Activity does not establish exhaustive jurisdiction.,Relation is retained as activity presence only.
C0B2-AG-011,AGENCY,A1_OFFICIAL_DRAP,Direccion Regional de Agricultura Piura,Gore y Municipalidad de Lagunas firman convenio de cooperacion institucional,2024-01-20,https://www.gob.pe/institucion/regionpiura-dra/noticias/895602-gorepiura-gore-y-municipalidad-de-lagunas-firman-convenio-de-cooperacion-institucional,GOB_PE_PRESS_RELEASE,Convenio de oficina de enlace,AGENCIA_AGRARIA_SUBORDINATE_OFFICE,Oficina de enlace de la Agencia Agraria Ayabaca,SUPPORTED_JURISDICTION,Lagunas,LAGUNAS,AYABACA,200204,NAMED_DISTRICT_OFFICE,PARTIAL_KNOWN,SUPPORTED_JURISDICTION,Official agreement establishes an Agency Ayabaca liaison office in Lagunas district.,One liaison office does not define the complete agency jurisdiction.,"Current supported relation, not exhaustive."
C0B2-AG-012,AGENCY,A1_OFFICIAL_DRAP,Direccion Regional de Agricultura Piura,Gore Piura reporta 21879 caprinos inmunizados y avances en asociatividad en el valle del Chira,2025-10-01,https://www.gob.pe/institucion/regionpiura-dra/noticias/1253577-gore-piura-reporta-21-879-caprinos-inmunizados-y-avances-en-asociatividad-en-el-valle-del-chira,GOB_PE_PRESS_RELEASE,Nota de prensa,AGENCIA_AGRARIA_ACTIVITY,Agencia Agraria Chira,ACTIVITY_PRESENCE_ONLY,Sullana;Marcavelica;Ignacio Escudero;Lancones,,,,NAMED_DISTRICT_ACTIVITY,NONEXHAUSTIVE_PRESENCE_ONLY,PRESENCE_ONLY,Agency Chira activity was coordinated with four named municipalities; Lancones is outside the model universe.,Activity does not establish exhaustive jurisdiction.,Relation is retained as activity presence only.
C0B2-AG-013,AGENCY,A1_OFFICIAL_DRAP,Direccion Regional de Agricultura Piura,Direccion Regional de Agricultura de Piura y Minagri realizaran actualizacion de marco de lista del proyecto PIADER,2019-03-15,https://www.gob.pe/institucion/regionpiura-dra/noticias/621422-direccion-regional-de-agricultura-de-piura-y-minagri-realizaran-actualizacion-de-marco-de-lista-del-proyecto-piader-a-empresas-agricolas-del,GOB_PE_PRESS_RELEASE,Nota de prensa,AGENCIA_AGRARIA_ACTIVITY,Agencia Agraria San Lorenzo,ACTIVITY_PRESENCE_ONLY,Tambogrande,TAMBO GRANDE,PIURA,200114,NAMED_DISTRICT_ACTIVITY,NONEXHAUSTIVE_PRESENCE_ONLY,PRESENCE_ONLY,Official PIADER work used the Agencia Agraria San Lorenzo office in Tambogrande.,Activity does not establish exhaustive jurisdiction.,Relation is retained as activity presence only.
C0B2-GIS-001,DISTRICT_LINKAGE,H1_MASTER_OFFICIAL_SOURCE,Autoridad Nacional del Agua / GeoSNIRH,SERV_Formalizacion ArcGIS MapServer layer metadata,RETRIEVED_2026-08-16,https://geosnirh.ana.gob.pe/server/rest/services/P%C3%BAblico/SERV_Formalizacion/MapServer/19?f=pjson,OFFICIAL_ARCGIS_REST_JSON,Layer 19 Formalizacion,FORMALIZATION_LICENSE_POINT_LAYER,BDSNIRH.gis.vFormalizacion,LAYER_SEMANTICS_AND_GEOMETRY,,,,,NATIONAL_LAYER_METADATA,PARTIAL_KNOWN,SUPPORTED_PARTIAL_PRESENCE,ArcGIS 11.3 layer 19 Formalizacion is an esriGeometryPoint feature layer in EPSG:4326; ID_Resolucion is the OID.,The service description does not define points as service-area polygons or exhaustive irrigation coverage.,"Geometry firewall: a point may support L1 presence after semantic filtering, never district-wide service."
C0B2-GIS-002,DISTRICT_LINKAGE,H1_MASTER_OFFICIAL_SOURCE,Autoridad Nacional del Agua / GeoSNIRH,SERV_Formalizacion WFS capabilities and feature schema,RETRIEVED_2026-08-16,https://geosnirh.ana.gob.pe/server/services/P%C3%BAblico/SERV_Formalizacion/MapServer/WFSServer,OFFICIAL_WFS_2_0_0_XML,GetCapabilities;DescribeFeatureType SERV_Formalizacion:Formalizacion,WFS_SCHEMA,SERV_Formalizacion:Formalizacion,REPRODUCIBLE_SERVICE_SCHEMA,,,,,NATIONAL_LAYER_SCHEMA,COMPLETE_EXHAUSTIVE,CERTIFIED_EXACT_POLITICAL_LOCATION,WFS 2.0.0 uses EPSG:4326 point geometry and publishes 24 attributes from ID_Resolucion through NombreUH.,Field meanings beyond published aliases are not silently inferred.,"Complete fields: ID_Resolucion,CoorE,CoorN,Zona,geom,Icono,Nombre,Clase,Uso,AAA,ALA,Dep,Pro,Dis,Fuentes,ResFile,ResTipo,ResFecha,ResCUT,ID,Descripcion,EnPeru,CodigoUH,NombreUH. Requests and typeName are documented."
C0B2-GIS-003,DISTRICT_LINKAGE,H1_MASTER_OFFICIAL_SOURCE,Autoridad Nacional del Agua / GeoSNIRH,SERV_Formalizacion WFS CSV deterministic Piura agricultural extraction,RETRIEVED_2026-08-16,https://geosnirh.ana.gob.pe/server/services/P%C3%BAblico/SERV_Formalizacion/MapServer/WFSServer?service=WFS&request=GetFeature&typeName=SERV_Formalizacion%3AFormalizacion&outputFormat=CSV,OFFICIAL_WFS_CSV,Client filter Dep=Piura AND Uso=Agricola; exact district+province match,FORMALIZATION_LICENSE_POINT_FAMILY,Piura agricultural formalization records,L1_OFFICIAL_HYDRAULIC_PRESENCE,Dep=Piura;Uso=Agrícola,,ALL_PIURA_MODEL_PROVINCES_WITH_MATCHES,,44_MODEL_DISTRICTS_54_DISTRICT_ALA_RELATIONS,NONEXHAUSTIVE_PRESENCE_ONLY,CERTIFIED_EXACT_POLITICAL_LOCATION,WFS returned 20713 records; 1674 Piura agricultural license points; 1669 matched 44 model districts; 5 had blank district; 54 district-ALA families; 1504 byte-distinct raw Nombre values and 1500 values after whitespace trimming; ID_Resolucion and GmlId are unique.,"FORMALIZATION_ENTITIES_NOT_IRRIGATION_BLOCKS. Point features are license/formalization locations, not service polygons, institutional membership, complete irrigation inventory, service fractions, or rainfed evidence.",RAW_WFS_CSV_SHA256=1bd3126343d9dd6e43d909e92a19a42696e0b2f94242aa0f76348d9fa1cb497a;CANONICAL_MATCHED_SUBSET_SHA256=e3fb61ea97f41c48a4db087899eff13061252b6bd53ae0b109a4bf15c9ef29e8;date range 2018-10-10 to 2026-07-21; numeric ID sorting neutralizes WFS order.;FORMALIZATION_ENTITY_TERMINOLOGY=FORMALIZATION_ENTITIES_NOT_IRRIGATION_BLOCKS
C0B2-HYD-001,HYDRAULIC_SYSTEM,H1_MASTER_OFFICIAL_SOURCE,Consejo de Recursos Hidricos de Cuenca Chira-Piura / ANA,Oportunidad de aprovechamiento y uso,NO_DATE_ON_PAGE,https://crhc.ana.gob.pe/chira-piura/ambito-de-gestion/oportunidad-de-aprovechamiento-y-uso,OFFICIAL_CRHC_WEB_PAGE,Infraestructura hidraulica,OPERATIONAL_HYDRAULIC_SYSTEM,Sistema Hidraulico Chira Piura;Sistema Hidraulico San Lorenzo;Sistema Hidraulico Alto Piura,OFFICIAL_SYSTEM_CONTEXT,Departamento de Piura,,,,OFFICIAL_SYSTEM_CONTEXT,PARTIAL_KNOWN,SUPPORTED_PARTIAL_PRESENCE,CRHC identifies three operational hydraulic systems in its management scope.,No district service partitions or fractions are supplied.,"Chinchipe Chamaya and Motupe Olmos La Leche are administrative/hydrographic contexts, not operational systems."
C0B2-HYD-002,JUNTA,H3_PRIMARY_OFFICIAL_INSTITUTIONAL_EVIDENCE,Consejo de Recursos Hidricos de Cuenca Chira-Piura / ANA,Grupos de trabajo para la organizacion,NO_DATE_ON_PAGE,https://crhc.ana.gob.pe/chira-piura/organizacion-del-consejo/grupos-de-trabajo,OFFICIAL_CRHC_WEB_PAGE,Grupos PADH y Red de comunicadores,JUNTA_DE_USUARIOS,Alto Piura;Medio y Bajo Piura;San Lorenzo;Chira;Sechura,OFFICIAL_INSTITUTIONAL_ACTOR,Piura,,,,OFFICIAL_INSTITUTIONAL_ACTOR,PARTIAL_KNOWN,SUPPORTED_PARTIAL_PRESENCE,CRHC lists five user boards and four ALAs.,Institutional participation is not a district service partition.,Sechura and Medio y Bajo Piura remain distinct organizational scopes.
C0B2-HYD-003,JUNTA,H3_PRIMARY_OFFICIAL_INSTITUTIONAL_EVIDENCE,Autoridad Nacional del Agua,ANA y Junta Regional de Usuarios Piura Tumbes evaluaron situacion hidrica de Piura,2011-02-14,https://www.gob.pe/institucion/ana/noticias/139865-ana-y-junta-regional-de-usuarios-piura-tumbes-evaluaron-situacion-hidrica-de-piura,GOB_PE_PRESS_RELEASE,Nota de prensa,JUNTA_AND_ALA,Medio y Bajo Piura;Sechura;Chira;San Lorenzo;ALAs Chira;San Lorenzo;Medio y Bajo Piura;Alto Piura;Huancabamba,OFFICIAL_INSTITUTIONAL_ACTOR,Piura,,,,OFFICIAL_INSTITUTIONAL_ACTOR,PARTIAL_KNOWN,SUPPORTED_PARTIAL_PRESENCE,ANA identifies distinct boards and ALAs participating in Piura water management.,Participation does not prove district service membership.,Triangulates the organizational ontology.
C0B2-HYD-004,COMMISSION,H2_EXACT_OFFICIAL_ADMINISTRATIVE_RECORD,Autoridad Autonoma de la Cuenca Hidrografica Chira-Piura / ANA repository,Diagnostico de la cuenca del rio Piura con enfoque de gestion del riesgo,NO_DATE_ON_DOCUMENT;PDF_METADATA_2006-03-05,https://repositorio.ana.gob.pe/backend/api/core/bitstreams/d718f10a-e282-45d9-9292-fa470069495b/content,OFFICIAL_REPOSITORY_PDF,Page 33;Cuadro N. 8,COMMISSION_MASTER_TABLE,36 named commissions under Alto Piura;San Lorenzo;Medio y Bajo Piura;Sechura,INSTITUTIONAL_MEMBERSHIP_EVIDENCE,Serran;Bigote;Malacasi;Ingenio Buenos Aires;La Gallega;Pabur;Charanal;Yapatera;Sancor;Vicus;Tejedores;TJ-05;San Isidro I y II;TG-Malingas;Hualtaco III;M-Malingas;Hualtaco I II y IV;Valle de los Incas;Valle Hermoso;Margen Izquierda;Margen Derecha;Castilla;Puyuntala;La Bruja;Palo Parado;Cumbibira;Shaz;Casarana;Sinchao parte alta;Chato;Seminario;Parte Alta;San Andres;Margen Izquierda;Margen Derecha;Delegados de Canal,,,,MASTER_ORGANIZATIONAL_TABLE,PARTIAL_KNOWN,SUPPORTED_JURISDICTION,"Official table names 10 Alto Piura, 9 San Lorenzo, 12 Medio y Bajo Piura, and 5 Sechura commissions.","Historical master table is not a current exhaustive roster and gives basin-scale scope, not exact district service partitions.",PDF page 33 was visually checked; source line cites the relevant water administrations.
C0B2-HYD-005,COMMISSION,H3_PRIMARY_OFFICIAL_INSTITUTIONAL_EVIDENCE,Autoridad Nacional del Agua,ANA capacita a personal de la Junta de Usuarios San Lorenzo en el uso del aplicativo POMDIH Web,2025-06-25,https://www.gob.pe/institucion/ana/noticias/1194445-ana-capacita-a-personal-de-la-junta-de-usuarios-san-lorenzo-en-el-uso-del-aplicativo-pomdih-web,GOB_PE_PRESS_RELEASE,Nota de prensa,COMMISSION_COUNT,16 comisiones de usuarios de San Lorenzo,CURRENT_COMMISSION_COUNT,San Lorenzo,,,,JUNTA_MEMBERSHIP_COUNT,COMPLETE_EXHAUSTIVE,SUPPORTED_JURISDICTION,ANA states that 16 user commissions integrate the San Lorenzo board.,The article states the count but does not name all 16 or map them to districts; the current official roster is recorded separately in C0B2-HYD-015.,Current count triangulated with electoral and RADA/PUA records.
C0B2-HYD-006,COMMISSION,H3_PRIMARY_OFFICIAL_INSTITUTIONAL_EVIDENCE,Autoridad Nacional del Agua,San Lorenzo inicio actividades de mantenimiento de canales,2020-08-11,https://www.gob.pe/institucion/ana/noticias/294023-san-lorenzo-inicio-actividades-de-mantenimiento-de-canales,GOB_PE_PRESS_RELEASE,Nota de prensa,COMMISSION_AND_MAINTENANCE_UNIT,Tejedores;TJ 05;Chipillico Bajo;Yuscay Tablazo Alto;Quiroz-Paimas;M-Malingas;Hualtaco I-II-IV;Algarrobo Valle Hermoso;Quebrada Totoral;Chipillico Alto;Hualtaco III;TG-Malingas;San Isidro I-II;Valle de los Incas,INSTITUTIONAL_MEMBERSHIP_EVIDENCE,Valle de San Lorenzo;Las Lomas,,,,NAMED_COMMISSION_FAMILY,PARTIAL_KNOWN,SUPPORTED_PARTIAL_PRESENCE,ANA names multiple San Lorenzo commissions/maintenance units and locates four commissions in Las Lomas.,Maintenance participation is not a complete service-area map.,"Las Lomas relation is L2 institutional membership, not L3 service area; SOURCE_SPELLING_ALIAS=QUEBRADA_TOTORAL; CURRENT_RA_0354_CANONICAL=QUEBRADA_TOTOTAL."
C0B2-HYD-007,COMMISSION,H3_PRIMARY_OFFICIAL_INSTITUTIONAL_EVIDENCE,Direccion Regional de Agricultura Piura / Junta de Usuarios Huancabamba,Culmina con exito limpieza de 37 canales en Huancabamba y beneficia a mas de 2300 agricultores,2025-09-17,https://www.gob.pe/institucion/regionpiura-dra/noticias/1248206-culmina-con-exito-limpieza-de-37-canales-en-huancabamba-y-beneficia-a-mas-de-2-300-agricultores,GOB_PE_PRESS_RELEASE,Nota de prensa,COMMISSION_AND_CHANNEL_FAMILY,Chantaco Shaya Tacarpo;Putaga Jicate;Cataluco;Tierra Amarillas;Cascapampa;Sondorillo;Los Laureles de Parguyuc,INSTITUTIONAL_MEMBERSHIP_EVIDENCE,Sondor;Huancabamba;Sondorillo;Huarmaca,,,,NAMED_COMMISSION_FAMILY,PARTIAL_KNOWN,SUPPORTED_PARTIAL_PRESENCE,Official record names seven commissions coordinated with the Huancabamba board across four districts and 37 channels.,"Except where independently resolved, every named commission is not assigned to one exact district.",Los Laureles de Parguyuc is explicitly parenthesized Huarmaca; other exact links use WFS or additional sources.
C0B2-HYD-008,IRRIGATION_SERVICE_AREA,H2_EXACT_OFFICIAL_ADMINISTRATIVE_RECORD,Ministerio de Agricultura y Riego,Piura: Minagri rehabilita canal de riego Narihuala en Catacaos y Cura Mori,2019-12-10,https://www.gob.pe/institucion/midagri/noticias/70699-piura-minagri-rehabilita-canal-de-riego-narihuala-en-catacaos-y-cura-mori,GOB_PE_PRESS_RELEASE,Nota de prensa,CANAL_SERVICE_RELATION,Canal Lateral Narihuala;Comision de Usuarios Puyuntala;Junta Medio-Bajo Piura,L3_SERVICE_AREA_RELATION,Catacaos;Cura Mori,,,,NAMED_PARTIAL_SERVICE_AREA,PARTIAL_KNOWN,CERTIFIED_EXACT_SERVICE_RELATION,Official rehabilitation record links Canal Narihuala and Puyuntala commission to agricultural sectors in Catacaos and Cura Mori.,The 700 ha project area is not a district service fraction or complete district service universe.,Two district relations are recorded; no fraction is propagated.
C0B2-HYD-009,IRRIGATION_BLOCK,H2_EXACT_OFFICIAL_ADMINISTRATIVE_RECORD,Autoridad Nacional del Agua,ANA entrega licencia de uso de agua en bloque a regantes de la cuenca Chira Piura,2013-07-20,https://www.gob.pe/institucion/ana/noticias/139254-ana-entrega-licencia-de-uso-de-agua-en-bloque-a-regantes-de-la-cuenca-chira-piura,GOB_PE_PRESS_RELEASE,Nota de prensa,IRRIGATION_BLOCK,Bloque Los Chinguel;Comision San Pablo de la Capilla;Junta Valle Andino Huancabamba,L3_NAMED_SERVICE_UNIT,San Miguel del Faique,SAN MIGUEL DE EL FAIQUE,HUANCABAMBA,200306,NAMED_SERVICE_UNIT_IN_DISTRICT,PARTIAL_KNOWN,CERTIFIED_EXACT_SERVICE_RELATION,ANA granted a block water-use license for Los Chinguel in San Miguel del Faique.,"A named irrigation block/service unit is not an official geometric or area partition, does not define a district share, and supplies no numeric service fraction.","Official area 17.23 ha is not converted into a district weight; HISTORICAL_JUNTA_LABEL=JUNTA_VALLE_ANDINO_HUANCABAMBA; CURRENT_CANONICAL_LINEAGE=JUNTA_HUANCABAMBA."
C0B2-HYD-010,IRRIGATION_BLOCK,H2_EXACT_OFFICIAL_ADMINISTRATIVE_RECORD,Autoridad Nacional del Agua,Resolucion Directoral N. 1218-2022-ANA-AAA.JZ,2022-08-05,https://www.ana.gob.pe/sites/default/files/normatividad/files/RD-1218-2022.pdf,OFFICIAL_ANA_RESOLUTION_PDF,Pages 1-3;Articles 1-4,IRRIGATION_BLOCK,Bloque 50+500 Izquierda PMBP-05-B03;Comision Medio Piura Margen Derecha;Junta Medio y Bajo Piura,L3_NAMED_SERVICE_UNIT,Piura,PIURA,PIURA,200101,NAMED_SERVICE_UNIT_IN_DISTRICT,PARTIAL_KNOWN,CERTIFIED_EXACT_SERVICE_RELATION,"ANA RD 1218-2022 uses PMBP-05-B025 for the referenced 2006 antecedent and PMBP-05-B03 for the operative 2022 assignment and Article 2 in Piura district.","A named irrigation block/service unit is not an official geometric or area partition, does not define a district share, and supplies no numeric service fraction.",PIURA_SERVICE_UNIT_ANTECEDENT_CODE=PMBP-05-B025;PIURA_SERVICE_UNIT_ANTECEDENT_CONTEXT=2006_ANTECEDENT_REFERENCED_IN_RD_1218_2022;PIURA_SERVICE_UNIT_OPERATIVE_2022_CODE=PMBP-05-B03;PIURA_SERVICE_UNIT_CANONICAL_FOR_2022_RELATION=PMBP-05-B03.
C0B2-HYD-011,IRRIGATION_BLOCK,H3_PRIMARY_OFFICIAL_INSTITUTIONAL_EVIDENCE,Autoridad Nacional del Agua,3571 hectareas beneficiadas con entrega de licencias de uso de agua en Chira,2014-05-16,https://www.gob.pe/institucion/ana/noticias/138859-3-571-hectareas-beneficiadas-con-entrega-de-licencias-de-uso-de-agua-en-chira,GOB_PE_PRESS_RELEASE,Nota de prensa,IRRIGATION_BLOCK_FAMILY,Poechos Somate;Maran Santa Rosa;La Limonera;Parkinsonia;Comision Daniel Escobar;Junta Chira,L3_NAMED_SERVICE_UNIT,Chira;canal Daniel Escobar,,,,NAMED_SERVICE_UNITS_WITHOUT_DISTRICT_ASSIGNMENT,PARTIAL_KNOWN,SUPPORTED_PARTIAL_PRESENCE,ANA names four Chira irrigation blocks and links them to Daniel Escobar commission and Chira board.,"A named irrigation block/service unit is not an official geometric or area partition, does not define a district share, and supplies no numeric service fraction.",Registry evidence only; no invented political match.
C0B2-HYD-012,IRRIGATION_SERVICE_AREA,H3_PRIMARY_OFFICIAL_INSTITUTIONAL_EVIDENCE,Gobierno Regional Piura,GORE invertira 27 millones de soles en construccion de represa Cascapampa,2023-01-17,https://www.gob.pe/institucion/regionpiura/noticias/702497-gore-invertira-27-millones-de-soles-en-construccion-de-represa-cascapampa,GOB_PE_PRESS_RELEASE,Nota de prensa,IRRIGATION_PROJECT_OR_SERVICE_AREA,Represa Cascapampa;Comisiones Cascapampa y Tierras Amarillas,L3_SERVICE_AREA_RELATION,Sondorillo,SONDORILLO,HUANCABAMBA,200308,NAMED_PARTIAL_SERVICE_AREA,PARTIAL_KNOWN,CERTIFIED_EXACT_SERVICE_RELATION,Official project record locates Cascapampa reservoir and two commission service contexts in Sondorillo.,Project hectares are not a district service fraction and future scope is not complete current service.,"Classified as irrigation project/service context, not an operational hydraulic system."
C0B2-HYD-013,IRRIGATION_BLOCK,H2_EXACT_OFFICIAL_ADMINISTRATIVE_RECORD,Autoridad Nacional del Agua / GeoSNIRH,SERV_Formalizacion record Formalizacion.9358,2020-01-20,https://geosnirh.ana.gob.pe/server/services/P%C3%BAblico/SERV_Formalizacion/MapServer/WFSServer?service=WFS&request=GetFeature&typeName=SERV_Formalizacion%3AFormalizacion&outputFormat=CSV,OFFICIAL_WFS_CSV_RECORD,ID_Resolucion=9358;ResFile=33-RD-0053-2020-03.pdf,FORMALIZATION_LICENSE_POINT_WITH_NAMED_BLOCK_TEXT,Canal Chajapampa - Bloque de Riego El Molle,L1_NAMED_FORMALIZATION_POINT_CORROBORATION,Sondorillo;Huancabamba;Piura,SONDORILLO,HUANCABAMBA,200308,POINT_PRESENCE_CORROBORATION_ONLY,NONEXHAUSTIVE_PRESENCE_ONLY,SUPPORTED_PARTIAL_PRESENCE,GeoSNIRH point text names Bloque de Riego El Molle in Sondorillo but does not independently establish an L3 service relation.,A formalization point is not a service polygon and cannot be the sole L3 basis.,Stable feature ID Formalizacion.9358; exact raw name retained as L1 corroboration only.
C0B2-HYD-014,IRRIGATION_SERVICE_AREA,H3_PRIMARY_OFFICIAL_INSTITUTIONAL_EVIDENCE,Gobierno Regional Piura,Gore avanza con trabajos en Canal Chicope Huancabamba,2022-03-16,https://www.gob.pe/institucion/regionpiura/noticias/590746-gore-avanza-con-trabajos-en-canal-chicope-huancabamba,GOB_PE_PRESS_RELEASE,Nota de prensa,CANAL_SERVICE_RELATION,Canal Chicope-Cajunga,L3_SERVICE_AREA_RELATION,Huancabamba,HUANCABAMBA,HUANCABAMBA,200301,NAMED_PARTIAL_SERVICE_AREA,PARTIAL_KNOWN,CERTIFIED_EXACT_SERVICE_RELATION,Official project record locates a named irrigation canal service in Huancabamba district.,Project beneficiaries and hectares do not define complete district service or a service fraction.,RAW_NON_JUNTA_LABEL=Junta de Usuarios del Canal Chicope;ENTITY_TYPE_CORRECTION=CANAL_CHICOPE_CAJUNGA_IS_INFRASTRUCTURE;NOT_A_JUNTA.
C0B2-HYD-015,COMMISSION,H2_EXACT_OFFICIAL_ADMINISTRATIVE_RECORD,Autoridad Nacional del Agua,Resolucion Administrativa N. 0354-2024-ANA-AAA.JZ-ALA.SL,2024-12-27,https://www.ana.gob.pe/sites/default/files/normatividad/files/RA.354.2024.pdf,OFFICIAL_ANA_RESOLUTION_PDF,Current San Lorenzo commission roster,CURRENT_EXHAUSTIVE_COMMISSION_ROSTER,San Isidro I-II;TJ 05;Hualtaco III;Tejedores;M-Malingas;Chipillico Bajo;Hualtaco I-II-IV;Valle de los Incas;Somate Bajo;Yuscay Tablazo Alto;TG-Malingas;Somate Alto;Algarrobo Valle Hermoso;Quiroz-Paimas;Quebrada Tototal;Chipillico Alto,CURRENT_OFFICIAL_COMMISSION_ROSTER,Somate Alto;Somate Bajo,,,,SAN_LORENZO_CURRENT_16_COMMISSION_ENTITIES,COMPLETE_EXHAUSTIVE,SUPPORTED_JURISDICTION,"The current ANA roster names all 16 San Lorenzo commissions, including Somate Alto, Somate Bajo, and exact source spelling Quebrada Tototal.","The current exhaustive scope is San Lorenzo only; no exhaustive current total for all Piura is established.",CURRENT_EXHAUSTIVE_COMMISSION_ROSTER_VERIFIED_SCOPE=SAN_LORENZO_ONLY;CURRENT_EXHAUSTIVE_SAN_LORENZO_COMMISSION_N=16;CROSS_TEMPORAL_CONTEXTUAL_INVENTORY_N=50;QUEBRADA_TOTORAL_IS_SEPARATELY_SOURCED_ALIAS_IN_C0B2_HYD_006.
C0B2-HYD-016,IRRIGATION_SERVICE_AREA,H2_EXACT_OFFICIAL_ADMINISTRATIVE_RECORD,Municipalidad Distrital de Amotape,Resolucion de Alcaldia N. 227-2024-MDA-ALC,2024-09-19,https://www.gob.pe/institucion/muniamotape/normas-legales/6785347-227-2024-mda-alc,OFFICIAL_MUNICIPAL_RESOLUTION,Project service relation,IRRIGATION_SYSTEM,Sistema de riego La Rinconada - Comuneros Directos - San Jorge,L3_SERVICE_AREA_RELATION,Amotape,AMOTAPE,PAITA,200502,NAMED_PARTIAL_SERVICE_RELATION,PARTIAL_KNOWN,CERTIFIED_EXACT_SERVICE_RELATION,The official resolution locates an irrigation-system expansion serving named agricultural sectors in Amotape.,"Project scope does not establish complete district service, an official district partition, or a numeric fraction.",Former unresolved district corrected at exact L3 nonexhaustive service strength.
C0B2-HYD-017,IRRIGATION_SERVICE_AREA,H2_EXACT_OFFICIAL_ADMINISTRATIVE_RECORD,Autoridad Nacional del Agua,"Piura: se generan 21,141 jornales para limpieza y mantenimiento de canales de riego en Pueblo Nuevo de Colan y El Arenal",2023-09-13,https://www.gob.pe/institucion/ana/noticias/834369-piura-se-generan-21-141-jornales-para-limpieza-y-mantenimiento-de-canales-de-riego-en-sectores-pueblo-nuevo-de-colan-y-el-arenal,GOB_PE_PRESS_RELEASE,Nota de prensa,COMMISSION_AND_CANAL_SERVICE,Comision de Usuarios del Subsector Hidraulico El Arenal;canales de El Arenal,L3_SERVICE_AREA_RELATION,El Arenal,ARENAL,PAITA,200503,NAMED_PARTIAL_SERVICE_RELATION,PARTIAL_KNOWN,CERTIFIED_EXACT_SERVICE_RELATION,ANA identifies the El Arenal user commission/subsector and active canal-maintenance service in Arenal district.,Maintenance evidence is nonexhaustive and supplies no complete district service area or fraction.,Institutional membership and actual service relation are distinct from a partition.
C0B2-HYD-018,IRRIGATION_SERVICE_AREA,H2_EXACT_OFFICIAL_ADMINISTRATIVE_RECORD,Municipalidad Distrital de Colan,Ceremonia de colocacion de primera piedra: canal Santa Elena - San Francisco,2024-03-12,https://www.gob.pe/institucion/municolan/noticias/918761-ceremonia-de-colocacion-de-primera-piedra-canal-santa-elena-san-francisco,GOB_PE_PRESS_RELEASE,Nota de prensa,CANAL_SERVICE_RELATION,Canal Santa Elena - San Francisco;Comision de Usuarios del Subsector Hidraulico El Arenal,L3_SERVICE_AREA_RELATION,Colan,COLAN,PAITA,200504,NAMED_PARTIAL_SERVICE_RELATION,PARTIAL_KNOWN,CERTIFIED_EXACT_SERVICE_RELATION,The official municipal record locates the Santa Elena - San Francisco irrigation canal and El Arenal commission context in Colan.,"The project record does not establish exhaustive district coverage, partition, or fraction.",Colan and Arenal remain separate political districts sharing an institutional context.
C0B2-HYD-019,IRRIGATION_SERVICE_AREA,H2_EXACT_OFFICIAL_ADMINISTRATIVE_RECORD,Gobierno Regional Piura - GSRLCC,Se inaugurara canal de regadio SD06 La Huaca,2022-11-08,https://www.gob.pe/institucion/regionpiura-gsrlcc/noticias/667597-se-inaugurara-canal-de-regadio-en-la-huaca-sd06-la-huaca-que-beneficiara-a-las-de-127-usuarios,GOB_PE_PRESS_RELEASE,Nota de prensa,CANAL_SERVICE_RELATION,Canal de regadio SD06 La Huaca,L3_SERVICE_AREA_RELATION,La Huaca,LA HUACA,PAITA,200505,NAMED_PARTIAL_SERVICE_RELATION,PARTIAL_KNOWN,CERTIFIED_EXACT_SERVICE_RELATION,The official regional record locates a completed irrigation canal service in La Huaca district.,"Beneficiary counts do not establish complete district coverage, an area partition, or a service fraction.",No unsupported Junta or major-system parent is inferred.
C0B2-HYD-020,IRRIGATION_SERVICE_AREA,H2_EXACT_OFFICIAL_ADMINISTRATIVE_RECORD,Proyecto Especial Chira Piura,Recorrido por el canal Miguel Checa con representantes de ANIN,2024-07-06,https://www.gob.pe/institucion/pechp/noticias/987640-se-realiza-recorrido-por-el-canal-miguel-checa-con-los-representantes-de-la-autoridad-nacional-de-infraestructura-anin,GOB_PE_PRESS_RELEASE,Nota de prensa,CANAL_SERVICE_RELATION,Canal Miguel Checa;Junta de Usuarios del Sector Hidraulico Chira,L3_SERVICE_AREA_RELATION,Tamarindo,TAMARINDO,PAITA,200506,NAMED_PARTIAL_SERVICE_RELATION,PARTIAL_KNOWN,CERTIFIED_EXACT_SERVICE_RELATION,PECHP identifies Canal Miguel Checa irrigation service reaching Tamarindo within the Chira organizational scope.,Canal reach does not provide an exhaustive district partition or numeric service fraction.,Chira is represented as a minor-sector/Junta scope within the Chira-Piura major system.
C0B2-HYD-021,IRRIGATION_SERVICE_AREA,H2_EXACT_OFFICIAL_ADMINISTRATIVE_RECORD,Programa de Desarrollo Productivo Agrario Rural,Agro Rural inicia cuatro obras de riego en Piura,2016-10-03,https://www.gob.pe/institucion/agrorural/noticias/528060-agro-rural-inicia-04-obras-de-riego-en-los-distritos-de-la-matanza-vichayal-huancabamba-y-huarmaca-piura,GOB_PE_PRESS_RELEASE,Nota de prensa,IRRIGATION_SYSTEM,Sistema de Riego Las Valencias,L3_SERVICE_AREA_RELATION,Vichayal,VICHAYAL,PAITA,200507,NAMED_PARTIAL_SERVICE_RELATION,PARTIAL_KNOWN,CERTIFIED_EXACT_SERVICE_RELATION,The official Agro Rural record locates the Las Valencias irrigation-system work in Vichayal district.,"Works evidence does not establish complete district service, a partition, or a fraction.",EXACT_SOURCE_DATE_VERIFIED=2016-10-03; no unsupported institutional hierarchy is inferred.
C0B2-HYD-022,IRRIGATION_SERVICE_AREA,H2_EXACT_OFFICIAL_ADMINISTRATIVE_RECORD,Municipalidad Distrital de Miguel Checa,Avances en el canal de riego de Jibito,2025-04-08,https://www.gob.pe/institucion/munimiguelcheca/noticias/1154235-avances-en-el-canal-de-riego-de-jibito-alcalde-pedro-zapata-socola-reafirma-compromiso-con-el-desarrollo-agricola,GOB_PE_PRESS_RELEASE,Nota de prensa,CANAL_SERVICE_RELATION,Canales Jibito;Pajaro Bobo;La Anita;Chacras Viejas,L3_SERVICE_AREA_RELATION,Miguel Checa,MIGUEL CHECA,SULLANA,200606,NAMED_PARTIAL_SERVICE_RELATION,PARTIAL_KNOWN,CERTIFIED_EXACT_SERVICE_RELATION,The official municipal record locates active irrigation-canal service works in Miguel Checa district.,"The named canals do not establish exhaustive district coverage, partition, or fraction.",EXACT_SOURCE_DATE_VERIFIED=2025-04-08; no unsupported Junta assignment is inferred.
C0B2-HYD-023,IRRIGATION_SERVICE_AREA,H2_EXACT_OFFICIAL_ADMINISTRATIVE_RECORD,Municipalidad Distrital de Querecotillo,Mejoramiento del servicio de agua del sistema de riego del canal San Agustin,2023-12-27,https://www.gob.pe/institucion/muniquerecotillo/noticias/888036-trabajos-de-mejoramiento-del-servicio-de-agua-del-sistema-de-riego-del-canal-san-agustin-a-ritmo-acelerado,GOB_PE_PRESS_RELEASE,Nota de prensa,CANAL_SERVICE_RELATION,Canal San Agustin,L3_SERVICE_AREA_RELATION,Querecotillo,QUERECOTILLO,SULLANA,200607,NAMED_PARTIAL_SERVICE_RELATION,PARTIAL_KNOWN,CERTIFIED_EXACT_SERVICE_RELATION,The official municipal record locates improvement of irrigation-water service through Canal San Agustin in Querecotillo.,"The project does not establish complete district service, a partition, or a fraction.",No unsupported institutional hierarchy is inferred.
C0B2-HYD-024,IRRIGATION_SERVICE_AREA,H2_EXACT_OFFICIAL_ADMINISTRATIVE_RECORD,Direccion Regional de Agricultura Piura,Resolucion Directoral Regional N. 273-2024-GOBIERNO REGIONAL PIURA-DRA-DR,2024-09-20,https://www.gob.pe/institucion/regionpiura-dra/normas-legales/6014878-n-273-2024-gobierno-regional-piura-dra-dr,OFFICIAL_REGIONAL_RESOLUTION,Completed project liquidation,CANAL_SERVICE_RELATION,Canal Miguel Checa,L3_SERVICE_AREA_RELATION,Salitral,SALITRAL,SULLANA,200608,NAMED_PARTIAL_SERVICE_RELATION,PARTIAL_KNOWN,CERTIFIED_EXACT_SERVICE_RELATION,The official resolution documents a completed gravity-irrigation project relation involving Canal Miguel Checa and Salitral.,"Project completion does not establish exhaustive district coverage, partition, or fraction.",Triangulates service presence independently from the Bolsanada service-unit record.
C0B2-HYD-025,IRRIGATION_BLOCK,H2_EXACT_OFFICIAL_ADMINISTRATIVE_RECORD,Gobierno Regional Piura - GSRLCC,Resolucion de Gerencia N. 1013-2023-GSRLCC,2023-12-06,https://www.gob.pe/institucion/regionpiura-gsrlcc/normas-legales/tipos/110-resolucion-de-gerencia?filter%5Border%5D=publication_desc&sheet=110,OFFICIAL_RESOLUTION_LISTING,Resolution 1013-2023-GSRLCC,IRRIGATION_BLOCK,Bloque de Riego Bolsanada,L3_NAMED_SERVICE_UNIT,Salitral;Sullana;Piura,SALITRAL,SULLANA,200608,NAMED_SERVICE_UNIT_IN_DISTRICT,PARTIAL_KNOWN,CERTIFIED_EXACT_SERVICE_RELATION,"The official resolution listing locates cleaning and desilting of Canal Bloque de Riego Bolsanada in Salitral, Sullana.",A named irrigation block/service unit is not an official geometric or area partition and supplies no numeric service fraction.,Eighth named irrigation block; fourth district with a named service unit.
C0B2-HYD-026,IRRIGATION_SERVICE_AREA,H2_EXACT_OFFICIAL_ADMINISTRATIVE_RECORD,Gobierno Regional Piura,Resolucion Administrativa N. 056-2018,2018-02-16,https://www.gob.pe/institucion/regionpiura/normas-legales/661633-56-2018-resoluciones-administrativas,OFFICIAL_REGIONAL_RESOLUTION,Transfer of supervision,COMMISSION_AND_CANAL_SERVICE,Comision de Usuarios del Subsector Hidraulico San Andres;Cerritos;La Carmela;Los Tubos;La Cruz,L3_SERVICE_AREA_RELATION,Cristo Nos Valga;Sechura,CRISTO NOS VALGA,SECHURA,200804,NAMED_PARTIAL_SERVICE_RELATION,PARTIAL_KNOWN,CERTIFIED_EXACT_SERVICE_RELATION,The official record links four irrigation works in Cristo Nos Valga to the San Andres commission under the Sechura Junta/sector.,The relation is nonexhaustive and supplies no complete district service area or fraction.,CANONICAL_PARENT=JUNTA_SECTOR_SECHURA;REJECTED_INCORRECT_SEED=MEDIO_Y_BAJO_PIURA.
C0B2-HYD-027,IRRIGATION_BLOCK,H2_EXACT_OFFICIAL_ADMINISTRATIVE_RECORD,Autoridad Nacional del Agua,Resolucion Directoral N. 1417-2016-ANA-AAA.M,2016-10-03,https://www.ana.gob.pe/sites/default/files/normatividad/files/rd-1417-2016-07.pdf,OFFICIAL_ANA_RESOLUTION_PDF,Pages 1-6;Articles 1-5,IRRIGATION_BLOCK_AND_COMMITTEE_SERVICE_RELATION,Bloque de Riego El Molle;Comite de Usuarios de Agua Canal Las Pampas;Junta de Usuarios Valle Andino Huancabamba,L3_NAMED_SERVICE_UNIT,Las Pampas;Sondorillo;Huancabamba;Piura,SONDORILLO,HUANCABAMBA,200308,NAMED_SERVICE_UNIT_IN_DISTRICT,PARTIAL_KNOWN,CERTIFIED_EXACT_SERVICE_RELATION,"ANA RD 1417-2016 grants an agricultural surface-water license for Bloque de Riego El Molle through Canal Las Pampas/Canal El Molle from Quebrada Cascapampa in Sondorillo, benefiting 91 users and 61.25 ha.","The licensed block is a partial service relation, not a complete district partition or district service fraction.",INDEPENDENT_NON_GEOSNIRH_L3_PROVENANCE;HISTORICAL_JUNTA_LABEL=JUNTA_VALLE_ANDINO_HUANCABAMBA;CURRENT_CANONICAL_LINEAGE=JUNTA_HUANCABAMBA;COMMITTEE_NOT_COMMISSION_OR_SUBSECTOR.
C0B2-HYD-028,JUNTA,H2_EXACT_OFFICIAL_ADMINISTRATIVE_RECORD,Autoridad Nacional del Agua,Juntas de Piura conocieron proyecto de Ley que Fortalece a Organizaciones de Usuarios del Agua,2018-08-23,https://www.gob.pe/institucion/ana/noticias/136909-juntas-de-piura-conocieron-proyecto-de-ley-que-fortalece-a-organizaciones-de-usuarios-del-agua,GOB_PE_PRESS_RELEASE,Nota de prensa,CURRENT_CANONICAL_PIURA_JUNTA_ROSTER,Junta de Usuarios de Chira;Junta de Usuarios de Sechura;Junta de Usuarios de Huancabamba;Junta de Usuarios Medio y Bajo Piura;Junta de Usuarios Alto Piura;Junta de Usuarios San Lorenzo,CURRENT_CANONICAL_PIURA_JUNTA_SET,Piura,,,,PIURA_CURRENT_CANONICAL_SIX_JUNTA_ENTITIES,COMPLETE_EXHAUSTIVE,SUPPORTED_JURISDICTION,"ANA names the six source-supported Piura Juntas, including Alto Piura and Huancabamba.","This organizational roster does not establish district service membership, service polygons, partitions, or fractions.",CURRENT_CANONICAL_PIURA_JUNTAS_N=6;HISTORICAL_VALLE_ANDINO_LABEL_MAPS_TO_HUANCABAMBA_LINEAGE;CANAL_CHICOPE_IS_NOT_A_JUNTA.
