CROP_CODE,CROP_STD,PARAMETER_CONCEPT,SOURCE_VALUE,SOURCE_LOWER,SOURCE_UPPER,SOURCE_UNIT,SOURCE_CONTEXT,CULTIVAR_OR_SYSTEM,GEOGRAPHIC_RELEVANCE,EVIDENCE_IDS,PARAMETER_ADMISSIBILITY,MODEL_VALUE_AUTHORIZED,AUTHORIZED_VALUE,AUTHORIZED_LOWER,AUTHORIZED_UPPER,LIMITATION,NOTES
13010210000,MANGO,AGE_DEPENDENT_ORCHARD_MANAGEMENT,,,,,Irrigation and fertilization guidance varies by plantation or tree age,Kent mango orchard,Piura and Valle de los Incas,C0B3-E014,CONTEXT_ONLY,FALSE,,,,The source establishes age heterogeneity but does not define a transition to economically productive bearing area,No maturity value is inferred.
13010210000,MANGO,FIRST_PRODUCTION_AFTER_GRAFT,5,,,YEAR,First production after graft in a regional export catalogue,Multiple named mango varieties,Piura regional context,C0B3-E016,CONTEXT_ONLY,FALSE,,,,First production is not certified as economically productive bearing stock and the statement aggregates cultivars and management systems,No model lag is authorized.
13010210000,MANGO,ORCHARD_RENEWAL_BY_TOPWORKING,,,,,Canopy removal and regrafting when changing variety,Kent manual management context,Piura and Valle de los Incas,C0B3-E015,CONTEXT_ONLY,FALSE,,,,The source describes a renewal practice but provides no observed area flow or annual rate,Renewal is not set to zero.
13010170102,LIMON SUTIL,ROOTSTOCK_DEPENDENT_PRODUCTION_PRECOCITY,,,,,Rootstock selection affects precocity of production,Sutil and Tahiti lemon guidance,Peru,C0B3-E018,CONTEXT_ONLY,FALSE,,,,No quantitative rootstock-specific transition rule is provided,Confirms biological and management heterogeneity.
13010170102,LIMON SUTIL,FIRST_HARVEST_AFTER_GRAFT,5,,,YEAR,First harvest after graft,Limón Sutil,North coast including Piura San Lorenzo and Chulucanas,C0B3-E019,CONTEXT_ONLY,FALSE,,,,First harvest is not equivalent to economically productive bearing stock and management or rootstock conditions are not parameterized,No model lag is authorized.
15010040000,PLATANOS Y BANANAS,MOTHER_DAUGHTER_GRANDDAUGHTER_STAND_SUCCESSION,,,,,Maintain a mother with bunch plus daughter and granddaughter plants,Plantain production system,San Gaban Puno with explicit acknowledgement of Piura coastal production,C0B3-E021,CONTEXT_ONLY,FALSE,,,,The manual is system-specific and supplies no district-year installed-area transition rule,Supports a distinct semipermanent ontology.
15010040000,PLATANOS Y BANANAS,FIRST_HARVEST_AFTER_PLANTING,APPROXIMATELY_1,,,YEAR,Generic banana first crop after planting,Banana not the aggregated Piura plantain and banana category,International tropical context,C0B3-E023,CONTEXT_ONLY,FALSE,,,,The value is generic and does not resolve cultivar species altitude irrigation or first crop versus commercial productive stand,No conversion to an exact model value.
15010040000,PLATANOS Y BANANAS,NEXT_RATOON_HARVEST,ABOUT_6,,,MONTH,Next ratoon crop in tropical lowlands,Banana ratoon system,International tropical lowland context,C0B3-E024,CONTEXT_ONLY,FALSE,,,,Not specific to the aggregated Piura target category or its management systems,No midpoint or exact parameter is authorized.
15010040000,PLATANOS Y BANANAS,COMMERCIAL_PLANTATION_LIFE,3_TO_20,3,20,YEAR,Average commercial plantation life range,Banana production systems,International context,C0B3-E025,CONTEXT_ONLY,FALSE,,,,The broad range reflects heterogeneous systems and cannot bound district-year replacement flows in Piura,No midpoint is created.
